ISO-10303-21;
HEADER;
FILE_DESCRIPTION (( 'STEP AP214' ),
    '1' );
FILE_NAME ('SF50 Galley Floor v03 CC Lic.STEP',
    '2026-06-16T00:13:27',
    ( '' ),
    ( '' ),
    'SwSTEP 2.0',
    'SolidWorks 2025',
    '' );
FILE_SCHEMA (( 'AUTOMOTIVE_DESIGN' ));
ENDSEC;

DATA;
#1 = ORIENTED_EDGE ( 'NONE', *, *, #816, .T. ) ;
#2 = CARTESIAN_POINT ( 'NONE',  ( 490.4422290952782646, -3.174999999999999822, -373.6088350285747310 ) ) ;
#3 = VERTEX_POINT ( 'NONE', #8825 ) ;
#4 = CIRCLE ( 'NONE', #7509, 3.000000000000002665 ) ;
#5 = CARTESIAN_POINT ( 'NONE',  ( -558.9999999998083240, 0.000000000000000000, -282.5963023023023197 ) ) ;
#6 = LINE ( 'NONE', #9880, #1598 ) ;
#7 = AXIS2_PLACEMENT_3D ( 'NONE', #5145, #1990, #5047 ) ;
#8 = CYLINDRICAL_SURFACE ( 'NONE', #2825, 3.000000000000002665 ) ;
#9 = DIRECTION ( 'NONE',  ( 0.000000000000000000, 0.000000000000000000, -1.000000000000000000 ) ) ;
#10 = ORIENTED_EDGE ( 'NONE', *, *, #2001, .F. ) ;
#11 = FACE_OUTER_BOUND ( 'NONE', #7491, .T. ) ;
#12 = ORIENTED_EDGE ( 'NONE', *, *, #8891, .T. ) ;
#13 = EDGE_LOOP ( 'NONE', ( #5415, #3814 ) ) ;
#14 = PLANE ( 'NONE',  #8351 ) ;
#15 = AXIS2_PLACEMENT_3D ( 'NONE', #8401, #9059, #6198 ) ;
#16 = ORIENTED_EDGE ( 'NONE', *, *, #8354, .T. ) ;
#17 = EDGE_CURVE ( 'NONE', #306, #2374, #2006, .T. ) ;
#18 = DIRECTION ( 'NONE',  ( 0.000000000000000000, 0.000000000000000000, -1.000000000000000000 ) ) ;
#19 = ADVANCED_FACE ( 'NONE', ( #1297 ), #2047, .T. ) ;
#20 = ORIENTED_EDGE ( 'NONE', *, *, #7070, .T. ) ;
#21 = AXIS2_PLACEMENT_3D ( 'NONE', #7922, #6281, #2517 ) ;
#22 = CARTESIAN_POINT ( 'NONE',  ( -488.4999999998082103, -3.174999999999999822, 129.9456578061478922 ) ) ;
#23 = DIRECTION ( 'NONE',  ( 0.000000000000000000, -1.000000000000000000, 0.000000000000000000 ) ) ;
#24 = ORIENTED_EDGE ( 'NONE', *, *, #3216, .F. ) ;
#25 = LINE ( 'NONE', #2312, #160 ) ;
#27 = CYLINDRICAL_SURFACE ( 'NONE', #637, 3.000000000000002665 ) ;
#26 = AXIS2_PLACEMENT_3D ( 'NONE', #2080, #4428, #6698 ) ;
#28 = EDGE_CURVE ( 'NONE', #1557, #5947, #7280, .T. ) ;
#29 = CARTESIAN_POINT ( 'NONE',  ( -587.4999999998082103, 0.000000000000000000, -347.3768998705955369 ) ) ;
#30 = EDGE_LOOP ( 'NONE', ( #2147, #5685, #3570, #5566 ) ) ;
#31 = ORIENTED_EDGE ( 'NONE', *, *, #8378, .F. ) ;
#32 = CIRCLE ( 'NONE', #5301, 15.00000000000001421 ) ;
#33 = CARTESIAN_POINT ( 'NONE',  ( 153.5995066845797510, -3.174999999999999822, -474.5963023023023766 ) ) ;
#34 = CARTESIAN_POINT ( 'NONE',  ( -534.6224504095174552, -3.174999999999999822, -403.9964997002882114 ) ) ;
#35 = CARTESIAN_POINT ( 'NONE',  ( -567.4999999998083240, 6.825000000000000178, 141.4036976976977940 ) ) ;
#36 = DIRECTION ( 'NONE',  ( 0.000000000000000000, -1.000000000000000000, 0.000000000000000000 ) ) ;
#37 = DIRECTION ( 'NONE',  ( 0.000000000000000000, 0.000000000000000000, 1.000000000000000000 ) ) ;
#38 = EDGE_CURVE ( 'NONE', #4156, #9426, #8060, .T. ) ;
#39 = EDGE_CURVE ( 'NONE', #4047, #968, #9017, .T. ) ;
#40 = VERTEX_POINT ( 'NONE', #3647 ) ;
#41 = VERTEX_POINT ( 'NONE', #6735 ) ;
#42 = EDGE_CURVE ( 'NONE', #4073, #2690, #2819, .T. ) ;
#43 = ORIENTED_EDGE ( 'NONE', *, *, #7895, .F. ) ;
#44 = LINE ( 'NONE', #4690, #3730 ) ;
#45 = DIRECTION ( 'NONE',  ( 0.000000000000000000, 0.000000000000000000, -1.000000000000000000 ) ) ;
#46 = ADVANCED_FACE ( 'NONE', ( #7476 ), #2725, .F. ) ;
#47 = CARTESIAN_POINT ( 'NONE',  ( 73.99999999999992895, -3.174999999999999822, -474.5963023023023766 ) ) ;
#48 = CARTESIAN_POINT ( 'NONE',  ( -163.5746922328639528, -3.174999999999999822, -474.5963023023023197 ) ) ;
#49 = VERTEX_POINT ( 'NONE', #7331 ) ;
#50 = CARTESIAN_POINT ( 'NONE',  ( 577.4999999998080966, -3.174999999999999822, 171.4036976976977087 ) ) ;
#51 = ORIENTED_EDGE ( 'NONE', *, *, #4220, .F. ) ;
#52 = CARTESIAN_POINT ( 'NONE',  ( -482.9999999998082671, -3.174999999999999822, 171.4036976976977940 ) ) ;
#53 = ORIENTED_EDGE ( 'NONE', *, *, #6798, .F. ) ;
#54 = CARTESIAN_POINT ( 'NONE',  ( -464.8511815332196306, 0.000000000000000000, -375.6940891321440859 ) ) ;
#55 = DIRECTION ( 'NONE',  ( 0.000000000000000000, 0.000000000000000000, -1.000000000000000000 ) ) ;
#56 = FACE_OUTER_BOUND ( 'NONE', #3860, .T. ) ;
#57 = DIRECTION ( 'NONE',  ( 0.9803806606322130746, 0.000000000000000000, -0.1971135719790633178 ) ) ;
#58 = ORIENTED_EDGE ( 'NONE', *, *, #4618, .T. ) ;
#59 = ORIENTED_EDGE ( 'NONE', *, *, #1009, .T. ) ;
#60 = CARTESIAN_POINT ( 'NONE',  ( 594.4999999998080966, -3.174999999999999822, -315.5963023023024334 ) ) ;
#61 = ORIENTED_EDGE ( 'NONE', *, *, #3374, .T. ) ;
#62 = ORIENTED_EDGE ( 'NONE', *, *, #9424, .T. ) ;
#63 = DIRECTION ( 'NONE',  ( 0.000000000000000000, 0.000000000000000000, 1.000000000000000000 ) ) ;
#64 = EDGE_CURVE ( 'NONE', #555, #9043, #5784, .T. ) ;
#65 = ORIENTED_EDGE ( 'NONE', *, *, #6754, .T. ) ;
#66 = CARTESIAN_POINT ( 'NONE',  ( 594.4999999998082103, 0.000000000000000000, 92.90369769769773711 ) ) ;
#67 = VERTEX_POINT ( 'NONE', #7382 ) ;
#68 = CARTESIAN_POINT ( 'NONE',  ( -191.0092538959341084, 0.000000000000000000, -432.2822724184624690 ) ) ;
#69 = CARTESIAN_POINT ( 'NONE',  ( -260.9999999999997158, 0.000000000000000000, 132.9036976976976803 ) ) ;
#70 = EDGE_CURVE ( 'NONE', #5051, #3344, #2327, .T. ) ;
#71 = LINE ( 'NONE', #862, #7067 ) ;
#72 = ORIENTED_EDGE ( 'NONE', *, *, #6619, .F. ) ;
#73 = ADVANCED_FACE ( 'NONE', ( #1269 ), #2116, .F. ) ;
#74 = CARTESIAN_POINT ( 'NONE',  ( 594.4999999998082103, -3.174999999999999822, 117.9036976976977371 ) ) ;
#75 = DIRECTION ( 'NONE',  ( 0.000000000000000000, 0.000000000000000000, 1.000000000000000000 ) ) ;
#76 = AXIS2_PLACEMENT_3D ( 'NONE', #5127, #1223, #4369 ) ;
#77 = CARTESIAN_POINT ( 'NONE',  ( 262.9999999999997726, 0.000000000000000000, -374.9753774975062584 ) ) ;
#78 = ORIENTED_EDGE ( 'NONE', *, *, #6407, .T. ) ;
#79 = DIRECTION ( 'NONE',  ( -0.000000000000000000, 1.000000000000000000, 0.000000000000000000 ) ) ;
#80 = LINE ( 'NONE', #3123, #7782 ) ;
#81 = CARTESIAN_POINT ( 'NONE',  ( -552.4999999998080966, 6.825000000000000178, 156.4036976976978792 ) ) ;
#82 = DIRECTION ( 'NONE',  ( 0.000000000000000000, -1.000000000000000000, 0.000000000000000000 ) ) ;
#83 = CARTESIAN_POINT ( 'NONE',  ( 594.4999999998082103, 0.000000000000000000, 89.90369769769773711 ) ) ;
#84 = FACE_OUTER_BOUND ( 'NONE', #6531, .T. ) ;
#85 = EDGE_CURVE ( 'NONE', #9023, #2330, #5973, .T. ) ;
#86 = ORIENTED_EDGE ( 'NONE', *, *, #4390, .T. ) ;
#87 = ORIENTED_EDGE ( 'NONE', *, *, #3232, .T. ) ;
#88 = AXIS2_PLACEMENT_3D ( 'NONE', #5035, #2681, #1037 ) ;
#89 = ORIENTED_EDGE ( 'NONE', *, *, #2534, .T. ) ;
#90 = AXIS2_PLACEMENT_3D ( 'NONE', #1715, #859, #3269 ) ;
#91 = DIRECTION ( 'NONE',  ( 0.000000000000000000, 0.000000000000000000, 1.000000000000000000 ) ) ;
#92 = DIRECTION ( 'NONE',  ( -0.000000000000000000, 1.000000000000000000, -0.000000000000000000 ) ) ;
#93 = EDGE_CURVE ( 'NONE', #2270, #8721, #4093, .T. ) ;
#94 = CARTESIAN_POINT ( 'NONE',  ( -482.9999999998082671, 0.000000000000000000, 171.4036976976977940 ) ) ;
#95 = CARTESIAN_POINT ( 'NONE',  ( -265.9999999999997158, -3.174999999999999822, 168.4036976976977655 ) ) ;
#96 = VERTEX_POINT ( 'NONE', #526 ) ;
#97 = AXIS2_PLACEMENT_3D ( 'NONE', #2321, #3833, #3784 ) ;
#98 = VECTOR ( 'NONE', #9371, 1000.000000000000000 ) ;
#99 = ORIENTED_EDGE ( 'NONE', *, *, #146, .F. ) ;
#100 = DIRECTION ( 'NONE',  ( 0.000000000000000000, 1.000000000000000000, -0.000000000000000000 ) ) ;
#101 = ORIENTED_EDGE ( 'NONE', *, *, #4692, .F. ) ;
#102 = CARTESIAN_POINT ( 'NONE',  ( 490.3493496165144165, -3.174999999999999822, -370.6102731395311594 ) ) ;
#103 = FACE_OUTER_BOUND ( 'NONE', #8501, .T. ) ;
#104 = CARTESIAN_POINT ( 'NONE',  ( 597.4999999998077556, 6.825000000000000178, 141.4036976976982203 ) ) ;
#105 = FACE_OUTER_BOUND ( 'NONE', #6248, .T. ) ;
#106 = VERTEX_POINT ( 'NONE', #7424 ) ;
#107 = CIRCLE ( 'NONE', #8581, 3.000000000000002665 ) ;
#108 = ORIENTED_EDGE ( 'NONE', *, *, #1604, .T. ) ;
#109 = DIRECTION ( 'NONE',  ( 0.000000000000000000, -1.000000000000000000, 0.000000000000000000 ) ) ;
#110 = ORIENTED_EDGE ( 'NONE', *, *, #17, .T. ) ;
#111 = EDGE_CURVE ( 'NONE', #5184, #2054, #3672, .T. ) ;
#112 = EDGE_LOOP ( 'NONE', ( #904, #59, #5261, #7455 ) ) ;
#113 = CARTESIAN_POINT ( 'NONE',  ( -103.0000000000000284, 0.000000000000000000, -471.5963023023023197 ) ) ;
#114 = AXIS2_PLACEMENT_3D ( 'NONE', #4573, #9099, #5286 ) ;
#115 = AXIS2_PLACEMENT_3D ( 'NONE', #8738, #1774, #4074 ) ;
#116 = ORIENTED_EDGE ( 'NONE', *, *, #4230, .T. ) ;
#117 = DIRECTION ( 'NONE',  ( 0.000000000000000000, -1.000000000000000000, 0.000000000000000000 ) ) ;
#118 = ORIENTED_EDGE ( 'NONE', *, *, #9195, .T. ) ;
#119 = CARTESIAN_POINT ( 'NONE',  ( -145.5000000000000000, 0.000000000000000000, -413.8463023023023197 ) ) ;
#120 = LINE ( 'NONE', #3819, #4253 ) ;
#121 = EDGE_CURVE ( 'NONE', #6564, #550, #9379, .T. ) ;
#122 = DIRECTION ( 'NONE',  ( 0.000000000000000000, -1.000000000000000000, 0.000000000000000000 ) ) ;
#123 = ORIENTED_EDGE ( 'NONE', *, *, #3264, .F. ) ;
#124 = VECTOR ( 'NONE', #8033, 1000.000000000000227 ) ;
#125 = DIRECTION ( 'NONE',  ( 0.000000000000000000, 0.000000000000000000, 1.000000000000000000 ) ) ;
#126 = EDGE_CURVE ( 'NONE', #2112, #8190, #3762, .T. ) ;
#127 = LINE ( 'NONE', #3975, #2229 ) ;
#128 = DIRECTION ( 'NONE',  ( 0.9803806606322130746, 0.000000000000000000, -0.1971135719790633456 ) ) ;
#129 = VECTOR ( 'NONE', #4247, 1000.000000000000000 ) ;
#130 = VERTEX_POINT ( 'NONE', #8085 ) ;
#131 = FACE_OUTER_BOUND ( 'NONE', #6999, .T. ) ;
#132 = LINE ( 'NONE', #5333, #9231 ) ;
#133 = CARTESIAN_POINT ( 'NONE',  ( -467.5381507512524308, 0.000000000000000000, -414.4243124263796290 ) ) ;
#134 = DIRECTION ( 'NONE',  ( -0.1971135719790638452, 0.000000000000000000, 0.9803806606322129635 ) ) ;
#135 = DIRECTION ( 'NONE',  ( 0.000000000000000000, 0.000000000000000000, 1.000000000000000000 ) ) ;
#136 = ORIENTED_EDGE ( 'NONE', *, *, #1416, .T. ) ;
#137 = AXIS2_PLACEMENT_3D ( 'NONE', #2286, #3945, #3796 ) ;
#138 = FACE_OUTER_BOUND ( 'NONE', #8102, .T. ) ;
#139 = DIRECTION ( 'NONE',  ( 1.110223024625155531E-13, 0.000000000000000000, 1.000000000000000000 ) ) ;
#140 = EDGE_CURVE ( 'NONE', #7146, #4049, #5746, .T. ) ;
#141 = EDGE_LOOP ( 'NONE', ( #7181, #8933, #807, #768 ) ) ;
#142 = AXIS2_PLACEMENT_3D ( 'NONE', #2992, #6617, #3648 ) ;
#143 = VECTOR ( 'NONE', #8598, 1000.000000000000000 ) ;
#144 = EDGE_CURVE ( 'NONE', #9570, #749, #5925, .T. ) ;
#145 = ORIENTED_EDGE ( 'NONE', *, *, #5412, .T. ) ;
#146 = EDGE_CURVE ( 'NONE', #361, #49, #9598, .T. ) ;
#147 = CYLINDRICAL_SURFACE ( 'NONE', #2176, 3.000000000000002665 ) ;
#148 = DIRECTION ( 'NONE',  ( 0.003233228736870128600, -0.000000000000000000, 0.9999947731023072217 ) ) ;
#149 = CARTESIAN_POINT ( 'NONE',  ( 597.4999999998080966, -3.174999999999999822, -304.5963023023024334 ) ) ;
#150 = CARTESIAN_POINT ( 'NONE',  ( -577.4999999998082103, 0.000000000000000000, -312.5963023023024334 ) ) ;
#151 = EDGE_LOOP ( 'NONE', ( #2926, #4857, #1334, #7730 ) ) ;
#152 = VECTOR ( 'NONE', #8064, 1000.000000000000000 ) ;
#153 = EDGE_LOOP ( 'NONE', ( #8659, #3251, #1737, #7109 ) ) ;
#154 = DIRECTION ( 'NONE',  ( 0.000000000000000000, -1.000000000000000000, 0.000000000000000000 ) ) ;
#155 = VERTEX_POINT ( 'NONE', #9750 ) ;
#156 = DIRECTION ( 'NONE',  ( -0.000000000000000000, 1.000000000000000000, -0.000000000000000000 ) ) ;
#157 = CARTESIAN_POINT ( 'NONE',  ( 514.4999999998079829, 0.000000000000000000, 168.4036976976977087 ) ) ;
#158 = ADVANCED_FACE ( 'NONE', ( #6538 ), #9601, .F. ) ;
#159 = VECTOR ( 'NONE', #9147, 1000.000000000000000 ) ;
#160 = VECTOR ( 'NONE', #8334, 1000.000000000000227 ) ;
#161 = CARTESIAN_POINT ( 'NONE',  ( 277.7132895703686017, 0.000000000000000000, -452.5901575315502328 ) ) ;
#162 = CARTESIAN_POINT ( 'NONE',  ( -514.4999999998082103, 0.000000000000000000, 168.4036976976977655 ) ) ;
#163 = VERTEX_POINT ( 'NONE', #479 ) ;
#164 = ORIENTED_EDGE ( 'NONE', *, *, #935, .F. ) ;
#165 = CARTESIAN_POINT ( 'NONE',  ( -558.9999999998083240, 0.000000000000000000, 115.9036976976977371 ) ) ;
#166 = VERTEX_POINT ( 'NONE', #3526 ) ;
#167 = ORIENTED_EDGE ( 'NONE', *, *, #9313, .T. ) ;
#168 = CARTESIAN_POINT ( 'NONE',  ( -285.9999999999997726, 0.000000000000000000, -374.9753774975062584 ) ) ;
#169 = AXIS2_PLACEMENT_3D ( 'NONE', #9190, #1566, #2922 ) ;
#170 = VECTOR ( 'NONE', #7425, 1000.000000000000000 ) ;
#171 = CIRCLE ( 'NONE', #3031, 14.99999999999998579 ) ;
#172 = ORIENTED_EDGE ( 'NONE', *, *, #6434, .F. ) ;
#173 = VECTOR ( 'NONE', #8215, 1000.000000000000000 ) ;
#174 = VERTEX_POINT ( 'NONE', #8890 ) ;
#176 = EDGE_CURVE ( 'NONE', #8047, #3678, #6591, .T. ) ;
#175 = CARTESIAN_POINT ( 'NONE',  ( 265.9999999999997158, -3.174999999999999822, 171.4036976976977371 ) ) ;
#177 = DIRECTION ( 'NONE',  ( 0.000000000000000000, -1.000000000000000000, 0.000000000000000000 ) ) ;
#178 = LINE ( 'NONE', #3411, #4032 ) ;
#179 = ORIENTED_EDGE ( 'NONE', *, *, #246, .T. ) ;
#180 = FACE_OUTER_BOUND ( 'NONE', #6039, .T. ) ;
#181 = AXIS2_PLACEMENT_3D ( 'NONE', #1385, #835, #8453 ) ;
#182 = LINE ( 'NONE', #3921, #3198 ) ;
#183 = CARTESIAN_POINT ( 'NONE',  ( 169.4999999999999147, 6.825000000000000178, -413.8463023023022060 ) ) ;
#184 = AXIS2_PLACEMENT_3D ( 'NONE', #1955, #5211, #1162 ) ;
#185 = VERTEX_POINT ( 'NONE', #5075 ) ;
#186 = DIRECTION ( 'NONE',  ( 0.000000000000000000, 0.000000000000000000, 1.000000000000000000 ) ) ;
#187 = VECTOR ( 'NONE', #8655, 1000.000000000000000 ) ;
#188 = EDGE_CURVE ( 'NONE', #2709, #5427, #8230, .T. ) ;
#189 = FACE_OUTER_BOUND ( 'NONE', #7166, .T. ) ;
#190 = LINE ( 'NONE', #1777, #3485 ) ;
#191 = DIRECTION ( 'NONE',  ( -0.000000000000000000, 1.000000000000000000, -0.000000000000000000 ) ) ;
#192 = CARTESIAN_POINT ( 'NONE',  ( 594.4999999998082103, -3.174999999999999822, 109.9036976976977513 ) ) ;
#193 = VECTOR ( 'NONE', #7246, 1000.000000000000000 ) ;
#194 = LINE ( 'NONE', #4784, #6167 ) ;
#195 = DIRECTION ( 'NONE',  ( 0.000000000000000000, -1.000000000000000000, 0.000000000000000000 ) ) ;
#196 = ORIENTED_EDGE ( 'NONE', *, *, #7876, .T. ) ;
#197 = VECTOR ( 'NONE', #5171, 1000.000000000000000 ) ;
#198 = ORIENTED_EDGE ( 'NONE', *, *, #1298, .T. ) ;
#199 = CARTESIAN_POINT ( 'NONE',  ( -257.9999999999997158, -3.174999999999999822, 132.9036976976976803 ) ) ;
#200 = DIRECTION ( 'NONE',  ( 0.000000000000000000, 0.000000000000000000, 1.000000000000000000 ) ) ;
#201 = CARTESIAN_POINT ( 'NONE',  ( 567.4999999998077556, 0.000000000000000000, 156.4036976976982203 ) ) ;
#202 = DIRECTION ( 'NONE',  ( 0.000000000000000000, 0.000000000000000000, 1.000000000000000000 ) ) ;
#203 = ORIENTED_EDGE ( 'NONE', *, *, #1443, .T. ) ;
#204 = AXIS2_PLACEMENT_3D ( 'NONE', #876, #3935, #139 ) ;
#205 = VECTOR ( 'NONE', #8022, 1000.000000000000000 ) ;
#206 = EDGE_CURVE ( 'NONE', #174, #8911, #6553, .T. ) ;
#207 = VERTEX_POINT ( 'NONE', #6829 ) ;
#208 = FACE_OUTER_BOUND ( 'NONE', #3359, .T. ) ;
#209 = VERTEX_POINT ( 'NONE', #6924 ) ;
#210 = PLANE ( 'NONE',  #2443 ) ;
#211 = CARTESIAN_POINT ( 'NONE',  ( 542.4999999998076419, 0.000000000000000000, 171.4036976976977087 ) ) ;
#212 = CARTESIAN_POINT ( 'NONE',  ( 447.2519757572540584, 0.000000000000000000, -168.9405887208533272 ) ) ;
#213 = CARTESIAN_POINT ( 'NONE',  ( 558.9999999998080966, -3.174999999999999822, 84.90369769769773711 ) ) ;
#214 = ORIENTED_EDGE ( 'NONE', *, *, #791, .T. ) ;
#215 = ORIENTED_EDGE ( 'NONE', *, *, #2158, .F. ) ;
#216 = ORIENTED_EDGE ( 'NONE', *, *, #1717, .F. ) ;
#217 = ORIENTED_EDGE ( 'NONE', *, *, #1176, .T. ) ;
#218 = EDGE_CURVE ( 'NONE', #5023, #3576, #25, .T. ) ;
#219 = DIRECTION ( 'NONE',  ( -0.000000000000000000, 1.000000000000000000, -0.000000000000000000 ) ) ;
#220 = ORIENTED_EDGE ( 'NONE', *, *, #226, .T. ) ;
#221 = LINE ( 'NONE', #1613, #8728 ) ;
#222 = CARTESIAN_POINT ( 'NONE',  ( -94.00000000000001421, -3.174999999999999822, -436.0963023023023766 ) ) ;
#223 = EDGE_CURVE ( 'NONE', #8490, #7977, #1468, .T. ) ;
#224 = DIRECTION ( 'NONE',  ( -0.000000000000000000, 1.000000000000000000, 0.000000000000000000 ) ) ;
#225 = VERTEX_POINT ( 'NONE', #74 ) ;
#226 = EDGE_CURVE ( 'NONE', #225, #4905, #6219, .T. ) ;
#227 = DIRECTION ( 'NONE',  ( 0.000000000000000000, -1.000000000000000000, 0.000000000000000000 ) ) ;
#228 = CARTESIAN_POINT ( 'NONE',  ( -290.9999999999997726, 0.000000000000000000, 171.4036976976978508 ) ) ;
#229 = ADVANCED_FACE ( 'NONE', ( #6231 ), #3824, .F. ) ;
#230 = AXIS2_PLACEMENT_3D ( 'NONE', #5897, #9771, #2791 ) ;
#231 = CARTESIAN_POINT ( 'NONE',  ( 594.4999999998080966, 0.000000000000000000, -284.5963023023024334 ) ) ;
#232 = ORIENTED_EDGE ( 'NONE', *, *, #3709, .T. ) ;
#233 = CARTESIAN_POINT ( 'NONE',  ( 555.9999999998080966, 0.000000000000000000, 89.90369769769773711 ) ) ;
#234 = DIRECTION ( 'NONE',  ( 0.000000000000000000, 1.000000000000000000, -0.000000000000000000 ) ) ;
#235 = LINE ( 'NONE', #6387, #4440 ) ;
#236 = CARTESIAN_POINT ( 'NONE',  ( 597.4999999998082103, -3.174999999999999822, 120.9036976976977655 ) ) ;
#237 = DIRECTION ( 'NONE',  ( 0.000000000000000000, 0.000000000000000000, -1.000000000000000000 ) ) ;
#238 = ORIENTED_EDGE ( 'NONE', *, *, #6741, .T. ) ;
#239 = DIRECTION ( 'NONE',  ( 0.000000000000000000, -1.000000000000000000, 0.000000000000000000 ) ) ;
#240 = DIRECTION ( 'NONE',  ( 0.000000000000000000, -1.000000000000000000, 0.000000000000000000 ) ) ;
#241 = EDGE_CURVE ( 'NONE', #8396, #2013, #9296, .T. ) ;
#242 = LINE ( 'NONE', #50, #2943 ) ;
#243 = ORIENTED_EDGE ( 'NONE', *, *, #4492, .T. ) ;
#244 = AXIS2_PLACEMENT_3D ( 'NONE', #3336, #6393, #1874 ) ;
#245 = EDGE_LOOP ( 'NONE', ( #3318, #456, #7352, #4920 ) ) ;
#246 = EDGE_CURVE ( 'NONE', #468, #2909, #8781, .T. ) ;
#247 = DIRECTION ( 'NONE',  ( 0.000000000000000000, 0.000000000000000000, 1.000000000000000000 ) ) ;
#248 = DIRECTION ( 'NONE',  ( -0.000000000000000000, 1.000000000000000000, -0.000000000000000000 ) ) ;
#249 = CARTESIAN_POINT ( 'NONE',  ( 465.1883494852928038, -3.174999999999999822, -417.9567951242135564 ) ) ;
#250 = DIRECTION ( 'NONE',  ( -0.000000000000000000, 1.000000000000000000, -0.000000000000000000 ) ) ;
#251 = ORIENTED_EDGE ( 'NONE', *, *, #2757, .F. ) ;
#252 = EDGE_CURVE ( 'NONE', #8225, #2045, #4442, .T. ) ;
#253 = VERTEX_POINT ( 'NONE', #8538 ) ;
#254 = CARTESIAN_POINT ( 'NONE',  ( -209.6572352449985317, 0.000000000000000000, -448.9331820514207152 ) ) ;
#255 = ORIENTED_EDGE ( 'NONE', *, *, #3936, .T. ) ;
#257 = ADVANCED_FACE ( 'NONE', ( #9899 ), #8434, .T. ) ;
#256 = DIRECTION ( 'NONE',  ( -0.000000000000000000, 1.000000000000000000, -0.000000000000000000 ) ) ;
#258 = DIRECTION ( 'NONE',  ( 0.000000000000000000, 0.000000000000000000, 1.000000000000000000 ) ) ;
#259 = CARTESIAN_POINT ( 'NONE',  ( -91.00000000000001421, -3.174999999999999822, -471.5963023023023197 ) ) ;
#260 = PLANE ( 'NONE',  #8278 ) ;
#261 = ORIENTED_EDGE ( 'NONE', *, *, #935, .T. ) ;
#262 = AXIS2_PLACEMENT_3D ( 'NONE', #9049, #5888, #1425 ) ;
#263 = ORIENTED_EDGE ( 'NONE', *, *, #5475, .F. ) ;
#264 = VECTOR ( 'NONE', #7668, 1000.000000000000000 ) ;
#265 = ORIENTED_EDGE ( 'NONE', *, *, #3974, .F. ) ;
#266 = DIRECTION ( 'NONE',  ( -0.000000000000000000, -1.000000000000000000, 0.000000000000000000 ) ) ;
#267 = ORIENTED_EDGE ( 'NONE', *, *, #558, .T. ) ;
#268 = VECTOR ( 'NONE', #8712, 1000.000000000000114 ) ;
#269 = DIRECTION ( 'NONE',  ( -0.000000000000000000, -1.000000000000000000, -0.000000000000000000 ) ) ;
#270 = DIRECTION ( 'NONE',  ( 0.000000000000000000, 0.000000000000000000, 1.000000000000000000 ) ) ;
#271 = EDGE_CURVE ( 'NONE', #1248, #4877, #6973, .T. ) ;
#272 = DIRECTION ( 'NONE',  ( 0.000000000000000000, 0.000000000000000000, 1.000000000000000000 ) ) ;
#273 = VERTEX_POINT ( 'NONE', #5423 ) ;
#274 = DIRECTION ( 'NONE',  ( 0.000000000000000000, 0.000000000000000000, 1.000000000000000000 ) ) ;
#275 = VECTOR ( 'NONE', #6691, 1000.000000000000000 ) ;
#276 = VECTOR ( 'NONE', #8181, 1000.000000000000000 ) ;
#277 = LINE ( 'NONE', #6974, #1429 ) ;
#278 = CYLINDRICAL_SURFACE ( 'NONE', #1897, 3.000000000000002665 ) ;
#279 = EDGE_CURVE ( 'NONE', #1275, #5764, #7711, .T. ) ;
#280 = VERTEX_POINT ( 'NONE', #1668 ) ;
#281 = CARTESIAN_POINT ( 'NONE',  ( 597.4999999998079829, 0.000000000000000000, -284.5963023023024334 ) ) ;
#282 = CIRCLE ( 'NONE', #2983, 14.99999999999995737 ) ;
#283 = AXIS2_PLACEMENT_3D ( 'NONE', #5456, #7705, #3855 ) ;
#284 = FACE_OUTER_BOUND ( 'NONE', #9449, .T. ) ;
#285 = DIRECTION ( 'NONE',  ( 0.000000000000000000, -1.000000000000000000, 0.000000000000000000 ) ) ;
#286 = DIRECTION ( 'NONE',  ( -0.000000000000000000, -1.000000000000000000, 0.000000000000000000 ) ) ;
#287 = ORIENTED_EDGE ( 'NONE', *, *, #2924, .F. ) ;
#288 = DIRECTION ( 'NONE',  ( -0.000000000000000000, 1.000000000000000000, -0.000000000000000000 ) ) ;
#289 = CARTESIAN_POINT ( 'NONE',  ( -163.5995066845797794, 0.000000000000000000, -450.0775332806431379 ) ) ;
#290 = AXIS2_PLACEMENT_3D ( 'NONE', #1704, #1801, #3403 ) ;
#291 = DIRECTION ( 'NONE',  ( -1.000000000000000000, -0.000000000000000000, -0.000000000000000000 ) ) ;
#292 = VECTOR ( 'NONE', #6757, 1000.000000000000114 ) ;
#293 = ORIENTED_EDGE ( 'NONE', *, *, #8038, .T. ) ;
#294 = EDGE_LOOP ( 'NONE', ( #1154, #6909, #9850, #9903 ) ) ;
#295 = CARTESIAN_POINT ( 'NONE',  ( -259.9999999999997158, 0.000000000000000000, 132.9036976976976803 ) ) ;
#296 = CARTESIAN_POINT ( 'NONE',  ( -71.00000000000002842, -3.174999999999999822, -436.0963023023023766 ) ) ;
#297 = ADVANCED_FACE ( 'NONE', ( #4564 ), #6074, .T. ) ;
#298 = VECTOR ( 'NONE', #7683, 1000.000000000000000 ) ;
#299 = CARTESIAN_POINT ( 'NONE',  ( -259.9999999999997158, -3.174999999999999822, 132.9036976976976803 ) ) ;
#300 = DIRECTION ( 'NONE',  ( 0.000000000000000000, 1.000000000000000000, 0.000000000000000000 ) ) ;
#301 = ORIENTED_EDGE ( 'NONE', *, *, #8779, .T. ) ;
#302 = AXIS2_PLACEMENT_3D ( 'NONE', #508, #3453, #9633 ) ;
#303 = AXIS2_PLACEMENT_3D ( 'NONE', #8740, #6623, #6669 ) ;
#304 = VERTEX_POINT ( 'NONE', #3172 ) ;
#305 = CYLINDRICAL_SURFACE ( 'NONE', #9542, 3.000000000000002665 ) ;
#306 = VERTEX_POINT ( 'NONE', #8384 ) ;
#307 = CARTESIAN_POINT ( 'NONE',  ( 102.9999999999999005, -3.174999999999999822, -474.5963023023023766 ) ) ;
#308 = FACE_OUTER_BOUND ( 'NONE', #1636, .T. ) ;
#309 = EDGE_CURVE ( 'NONE', #1275, #361, #1514, .T. ) ;
#310 = DIRECTION ( 'NONE',  ( 1.000000000000000000, 0.000000000000000000, -1.696813561850769255E-16 ) ) ;
#311 = DIRECTION ( 'NONE',  ( -1.000000000000000000, 0.000000000000000000, -0.000000000000000000 ) ) ;
#312 = ORIENTED_EDGE ( 'NONE', *, *, #5165, .T. ) ;
#313 = ORIENTED_EDGE ( 'NONE', *, *, #7428, .T. ) ;
#314 = DIRECTION ( 'NONE',  ( -0.000000000000000000, 1.000000000000000000, -0.000000000000000000 ) ) ;
#315 = VERTEX_POINT ( 'NONE', #3722 ) ;
#316 = VECTOR ( 'NONE', #4675, 1000.000000000000000 ) ;
#317 = CARTESIAN_POINT ( 'NONE',  ( -488.9999999998082103, 0.000000000000000000, 132.9036976976976803 ) ) ;
#318 = DIRECTION ( 'NONE',  ( 0.000000000000000000, 0.000000000000000000, -1.000000000000000000 ) ) ;
#319 = DIRECTION ( 'NONE',  ( 2.109170134115681985E-16, 0.000000000000000000, 1.000000000000000000 ) ) ;
#320 = ORIENTED_EDGE ( 'NONE', *, *, #6584, .F. ) ;
#321 = CARTESIAN_POINT ( 'NONE',  ( 587.4999999998080966, -3.174999999999999822, -337.3768998705953663 ) ) ;
#322 = VECTOR ( 'NONE', #5867, 1000.000000000000000 ) ;
#323 = CARTESIAN_POINT ( 'NONE',  ( 597.4999999998082103, -3.174999999999999822, 81.90369769769773711 ) ) ;
#324 = ADVANCED_FACE ( 'NONE', ( #769 ), #6875, .F. ) ;
#325 = VECTOR ( 'NONE', #9533, 1000.000000000000000 ) ;
#326 = DIRECTION ( 'NONE',  ( 0.9803806606322130746, 0.000000000000000000, -0.1971135719790633456 ) ) ;
#327 = ORIENTED_EDGE ( 'NONE', *, *, #2203, .T. ) ;
#328 = CARTESIAN_POINT ( 'NONE',  ( 503.3220448643281770, 0.000000000000000000, -410.2296670491439272 ) ) ;
#329 = CARTESIAN_POINT ( 'NONE',  ( -97.00000000000001421, 0.000000000000000000, -436.0963023023023766 ) ) ;
#330 = CARTESIAN_POINT ( 'NONE',  ( -145.5000000000000000, 6.825000000000000178, -417.0963023023023197 ) ) ;
#331 = CIRCLE ( 'NONE', #4798, 3.000000000000002665 ) ;
#332 = LINE ( 'NONE', #6484, #9479 ) ;
#333 = VERTEX_POINT ( 'NONE', #2969 ) ;
#334 = LINE ( 'NONE', #9311, #409 ) ;
#335 = ADVANCED_FACE ( 'NONE', ( #1619 ), #4673, .T. ) ;
#336 = FACE_OUTER_BOUND ( 'NONE', #8594, .T. ) ;
#337 = CIRCLE ( 'NONE', #15, 3.000000000000002665 ) ;
#338 = ORIENTED_EDGE ( 'NONE', *, *, #9146, .T. ) ;
#339 = ORIENTED_EDGE ( 'NONE', *, *, #279, .T. ) ;
#340 = CIRCLE ( 'NONE', #5295, 3.000000000000002665 ) ;
#341 = DIRECTION ( 'NONE',  ( 0.000000000000000000, 0.000000000000000000, 1.000000000000000000 ) ) ;
#342 = LINE ( 'NONE', #7148, #4018 ) ;
#343 = EDGE_CURVE ( 'NONE', #2763, #2860, #7126, .T. ) ;
#344 = DIRECTION ( 'NONE',  ( 0.000000000000000000, 0.000000000000000000, 1.000000000000000000 ) ) ;
#345 = FACE_OUTER_BOUND ( 'NONE', #7948, .T. ) ;
#346 = EDGE_CURVE ( 'NONE', #8737, #8003, #1062, .T. ) ;
#347 = EDGE_LOOP ( 'NONE', ( #6742, #9268, #5843, #8090 ) ) ;
#348 = DIRECTION ( 'NONE',  ( 0.000000000000000000, 0.000000000000000000, -1.000000000000000000 ) ) ;
#349 = EDGE_CURVE ( 'NONE', #5947, #4503, #8587, .T. ) ;
#350 = VECTOR ( 'NONE', #1981, 1000.000000000000000 ) ;
#351 = EDGE_CURVE ( 'NONE', #1466, #2538, #5577, .T. ) ;
#352 = VERTEX_POINT ( 'NONE', #3413 ) ;
#353 = DIRECTION ( 'NONE',  ( 0.000000000000000000, 0.000000000000000000, -1.000000000000000000 ) ) ;
#354 = ORIENTED_EDGE ( 'NONE', *, *, #5543, .F. ) ;
#355 = CARTESIAN_POINT ( 'NONE',  ( -542.4999999998080966, 0.000000000000000000, 161.4036976976977655 ) ) ;
#356 = CARTESIAN_POINT ( 'NONE',  ( -163.5746922328639528, -3.174999999999999822, -474.5963023023023197 ) ) ;
#357 = DIRECTION ( 'NONE',  ( -0.000000000000000000, 1.000000000000000000, -0.000000000000000000 ) ) ;
#358 = CARTESIAN_POINT ( 'NONE',  ( -290.9999999999997726, 0.000000000000000000, 171.4036976976978508 ) ) ;
#359 = CIRCLE ( 'NONE', #3229, 3.250000000000030642 ) ;
#360 = ORIENTED_EDGE ( 'NONE', *, *, #4283, .F. ) ;
#361 = VERTEX_POINT ( 'NONE', #3320 ) ;
#362 = DIRECTION ( 'NONE',  ( 0.000000000000000000, 1.000000000000000000, -0.000000000000000000 ) ) ;
#363 = VECTOR ( 'NONE', #2468, 1000.000000000000000 ) ;
#364 = EDGE_LOOP ( 'NONE', ( #1098, #6474, #216, #1747 ) ) ;
#365 = CARTESIAN_POINT ( 'NONE',  ( -277.7132895703687723, -3.174999999999999822, -452.5901575315501759 ) ) ;
#366 = DIRECTION ( 'NONE',  ( 0.000000000000000000, -1.000000000000000000, -0.000000000000000000 ) ) ;
#367 = VECTOR ( 'NONE', #2660, 1000.000000000000000 ) ;
#368 = DIRECTION ( 'NONE',  ( -0.000000000000000000, 1.000000000000000000, -0.000000000000000000 ) ) ;
#369 = EDGE_LOOP ( 'NONE', ( #8768, #7395 ) ) ;
#370 = LINE ( 'NONE', #7027, #997 ) ;
#371 = EDGE_CURVE ( 'NONE', #5184, #3121, #8516, .T. ) ;
#372 = DIRECTION ( 'NONE',  ( 0.000000000000000000, -1.000000000000000000, 0.000000000000000000 ) ) ;
#373 = DIRECTION ( 'NONE',  ( 0.000000000000000000, -1.000000000000000000, 0.000000000000000000 ) ) ;
#374 = ORIENTED_EDGE ( 'NONE', *, *, #6762, .F. ) ;
#375 = EDGE_CURVE ( 'NONE', #3046, #9724, #4771, .T. ) ;
#376 = LINE ( 'NONE', #1865, #6345 ) ;
#377 = CARTESIAN_POINT ( 'NONE',  ( 242.4195857876089235, -3.174999999999999822, -459.6862461227964900 ) ) ;
#378 = LINE ( 'NONE', #6007, #4929 ) ;
#379 = ADVANCED_FACE ( 'NONE', ( #6475 ), #2569, .F. ) ;
#380 = DIRECTION ( 'NONE',  ( 0.000000000000000000, -1.000000000000000000, 0.000000000000000000 ) ) ;
#381 = ORIENTED_EDGE ( 'NONE', *, *, #3072, .F. ) ;
#382 = VECTOR ( 'NONE', #8517, 1000.000000000000000 ) ;
#383 = DIRECTION ( 'NONE',  ( -1.000000000000000000, 0.000000000000000000, 0.000000000000000000 ) ) ;
#384 = LINE ( 'NONE', #3479, #7348 ) ;
#385 = EDGE_CURVE ( 'NONE', #1645, #4196, #8998, .T. ) ;
#386 = ORIENTED_EDGE ( 'NONE', *, *, #6408, .F. ) ;
#387 = EDGE_LOOP ( 'NONE', ( #5687, #8189, #4180, #5622 ) ) ;
#388 = DIRECTION ( 'NONE',  ( -0.000000000000000000, -1.000000000000000000, -0.000000000000000000 ) ) ;
#389 = DIRECTION ( 'NONE',  ( 0.000000000000000000, -1.000000000000000000, 0.000000000000000000 ) ) ;
#390 = EDGE_CURVE ( 'NONE', #5141, #3233, #4192, .T. ) ;
#391 = CARTESIAN_POINT ( 'NONE',  ( -597.4999999998082103, 0.000000000000000000, 84.90369769769773711 ) ) ;
#392 = CARTESIAN_POINT ( 'NONE',  ( -558.9999999998083240, -3.174999999999999822, 117.9036976976977371 ) ) ;
#393 = VERTEX_POINT ( 'NONE', #9490 ) ;
#394 = DIRECTION ( 'NONE',  ( 0.000000000000000000, 0.000000000000000000, 1.000000000000000000 ) ) ;
#395 = ORIENTED_EDGE ( 'NONE', *, *, #6438, .F. ) ;
#396 = EDGE_CURVE ( 'NONE', #6508, #1308, #5946, .T. ) ;
#397 = EDGE_LOOP ( 'NONE', ( #7017, #587, #2790, #8460 ) ) ;
#398 = EDGE_CURVE ( 'NONE', #7260, #422, #1018, .T. ) ;
#399 = LINE ( 'NONE', #1289, #1853 ) ;
#400 = ORIENTED_EDGE ( 'NONE', *, *, #3043, .T. ) ;
#401 = DIRECTION ( 'NONE',  ( -1.000000000000000000, 0.000000000000000000, 0.000000000000000000 ) ) ;
#402 = DIRECTION ( 'NONE',  ( 2.109170134115681985E-16, 0.000000000000000000, 1.000000000000000000 ) ) ;
#403 = DIRECTION ( 'NONE',  ( 0.000000000000000000, -1.000000000000000000, 0.000000000000000000 ) ) ;
#404 = CARTESIAN_POINT ( 'NONE',  ( 556.0419601082581949, 0.000000000000000000, 87.40369769769775132 ) ) ;
#405 = ORIENTED_EDGE ( 'NONE', *, *, #4541, .F. ) ;
#406 = ORIENTED_EDGE ( 'NONE', *, *, #4467, .T. ) ;
#407 = DIRECTION ( 'NONE',  ( 0.000000000000000000, 0.000000000000000000, -1.000000000000000000 ) ) ;
#408 = VERTEX_POINT ( 'NONE', #4026 ) ;
#409 = VECTOR ( 'NONE', #930, 1000.000000000000000 ) ;
#410 = DIRECTION ( 'NONE',  ( -0.000000000000000000, 1.000000000000000000, 0.000000000000000000 ) ) ;
#411 = CARTESIAN_POINT ( 'NONE',  ( -491.4226097559105142, 0.000000000000000000, -373.4117214565955010 ) ) ;
#412 = CIRCLE ( 'NONE', #5680, 3.000000000000002665 ) ;
#413 = VECTOR ( 'NONE', #5305, 1000.000000000000000 ) ;
#414 = EDGE_CURVE ( 'NONE', #7363, #2912, #3394, .T. ) ;
#415 = CARTESIAN_POINT ( 'NONE',  ( -257.9999999999997158, 0.000000000000000000, -374.9753774975062584 ) ) ;
#416 = ORIENTED_EDGE ( 'NONE', *, *, #6300, .F. ) ;
#417 = VECTOR ( 'NONE', #2899, 1000.000000000000000 ) ;
#418 = ORIENTED_EDGE ( 'NONE', *, *, #2901, .T. ) ;
#419 = FACE_OUTER_BOUND ( 'NONE', #1017, .T. ) ;
#420 = AXIS2_PLACEMENT_3D ( 'NONE', #5338, #4575, #6242 ) ;
#421 = DIRECTION ( 'NONE',  ( 0.000000000000000000, 0.000000000000000000, 1.000000000000000000 ) ) ;
#422 = VERTEX_POINT ( 'NONE', #4069 ) ;
#423 = DIRECTION ( 'NONE',  ( 0.000000000000000000, 0.000000000000000000, -1.000000000000000000 ) ) ;
#424 = DIRECTION ( 'NONE',  ( 0.000000000000000000, 0.000000000000000000, -1.000000000000000000 ) ) ;
#425 = AXIS2_PLACEMENT_3D ( 'NONE', #4278, #5132, #2075 ) ;
#426 = ADVANCED_FACE ( 'NONE', ( #9348 ), #6326, .T. ) ;
#427 = FACE_OUTER_BOUND ( 'NONE', #4264, .T. ) ;
#428 = ORIENTED_EDGE ( 'NONE', *, *, #8208, .T. ) ;
#429 = VECTOR ( 'NONE', #8277, 1000.000000000000000 ) ;
#430 = CARTESIAN_POINT ( 'NONE',  ( -558.9999999998083240, 0.000000000000000000, -284.5963023023023197 ) ) ;
#431 = CARTESIAN_POINT ( 'NONE',  ( -558.9999999998083240, -3.174999999999999822, -281.5963023023023197 ) ) ;
#432 = ADVANCED_FACE ( 'NONE', ( #180 ), #9390, .F. ) ;
#433 = VECTOR ( 'NONE', #9465, 1000.000000000000000 ) ;
#434 = ORIENTED_EDGE ( 'NONE', *, *, #2472, .F. ) ;
#435 = VERTEX_POINT ( 'NONE', #8784 ) ;
#436 = FACE_OUTER_BOUND ( 'NONE', #1517, .T. ) ;
#437 = CARTESIAN_POINT ( 'NONE',  ( 257.9999999999997158, -3.174999999999999822, 132.9036976976977087 ) ) ;
#438 = DIRECTION ( 'NONE',  ( -0.000000000000000000, 1.000000000000000000, -0.000000000000000000 ) ) ;
#439 = DIRECTION ( 'NONE',  ( 0.000000000000000000, 0.000000000000000000, -1.000000000000000000 ) ) ;
#440 = ADVANCED_FACE ( 'NONE', ( #1910 ), #3973, .F. ) ;
#441 = AXIS2_PLACEMENT_3D ( 'NONE', #4388, #9629, #7403 ) ;
#442 = ORIENTED_EDGE ( 'NONE', *, *, #6143, .T. ) ;
#443 = DIRECTION ( 'NONE',  ( 0.000000000000000000, 0.000000000000000000, 1.000000000000000000 ) ) ;
#444 = EDGE_LOOP ( 'NONE', ( #6409, #8762, #5920, #9423 ) ) ;
#445 = CIRCLE ( 'NONE', #283, 3.000000000000002665 ) ;
#446 = EDGE_CURVE ( 'NONE', #6689, #4959, #370, .T. ) ;
#447 = EDGE_CURVE ( 'NONE', #4381, #749, #9406, .T. ) ;
#448 = VERTEX_POINT ( 'NONE', #2536 ) ;
#449 = AXIS2_PLACEMENT_3D ( 'NONE', #6351, #9320, #2491 ) ;
#450 = CARTESIAN_POINT ( 'NONE',  ( -597.4999999998082103, -3.174999999999999822, -315.5963023023022629 ) ) ;
#451 = ORIENTED_EDGE ( 'NONE', *, *, #8923, .F. ) ;
#452 = LINE ( 'NONE', #3497, #3566 ) ;
#453 = CYLINDRICAL_SURFACE ( 'NONE', #3838, 3.000000000000002665 ) ;
#454 = CYLINDRICAL_SURFACE ( 'NONE', #2510, 3.000000000000002665 ) ;
#455 = CARTESIAN_POINT ( 'NONE',  ( -497.0299721587876434, 0.000000000000000000, -391.1545365343336016 ) ) ;
#456 = ORIENTED_EDGE ( 'NONE', *, *, #5151, .T. ) ;
#457 = VECTOR ( 'NONE', #2319, 1000.000000000000000 ) ;
#458 = EDGE_CURVE ( 'NONE', #6889, #1466, #6594, .T. ) ;
#459 = VERTEX_POINT ( 'NONE', #7140 ) ;
#460 = CARTESIAN_POINT ( 'NONE',  ( -402.0000000000000000, -3.174999999999999822, -369.5963023023023197 ) ) ;
#461 = ORIENTED_EDGE ( 'NONE', *, *, #8688, .F. ) ;
#462 = FACE_OUTER_BOUND ( 'NONE', #3721, .T. ) ;
#463 = CARTESIAN_POINT ( 'NONE',  ( 262.9999999999997726, 0.000000000000000000, 132.9036976976976518 ) ) ;
#464 = AXIS2_PLACEMENT_3D ( 'NONE', #6266, #1651, #8415 ) ;
#465 = ORIENTED_EDGE ( 'NONE', *, *, #5697, .F. ) ;
#466 = DIRECTION ( 'NONE',  ( 0.000000000000000000, -1.000000000000000000, 0.000000000000000000 ) ) ;
#467 = EDGE_LOOP ( 'NONE', ( #6710, #9200, #6390, #4506 ) ) ;
#468 = VERTEX_POINT ( 'NONE', #7094 ) ;
#469 = PLANE ( 'NONE',  #4348 ) ;
#470 = VECTOR ( 'NONE', #4263, 1000.000000000000000 ) ;
#471 = DIRECTION ( 'NONE',  ( 0.000000000000000000, 0.000000000000000000, 1.000000000000000000 ) ) ;
#472 = EDGE_CURVE ( 'NONE', #8755, #4443, #4785, .T. ) ;
#473 = ORIENTED_EDGE ( 'NONE', *, *, #2015, .F. ) ;
#474 = DIRECTION ( 'NONE',  ( -0.000000000000000000, 1.000000000000000000, -0.000000000000000000 ) ) ;
#475 = CARTESIAN_POINT ( 'NONE',  ( -577.4999999998082103, 6.825000000000000178, -70.34630230230226289 ) ) ;
#476 = AXIS2_PLACEMENT_3D ( 'NONE', #9243, #5283, #5377 ) ;
#477 = DIRECTION ( 'NONE',  ( 0.000000000000000000, -1.000000000000000000, 0.000000000000000000 ) ) ;
#478 = VERTEX_POINT ( 'NONE', #2434 ) ;
#479 = CARTESIAN_POINT ( 'NONE',  ( -163.5995066845798362, -3.174999999999999822, -450.0775332806431379 ) ) ;
#480 = VECTOR ( 'NONE', #2295, 1000.000000000000000 ) ;
#481 = CARTESIAN_POINT ( 'NONE',  ( -97.00000000000001421, -3.174999999999999822, -436.0963023023023766 ) ) ;
#482 = FACE_OUTER_BOUND ( 'NONE', #538, .T. ) ;
#483 = CIRCLE ( 'NONE', #2230, 3.000000000000002665 ) ;
#484 = VERTEX_POINT ( 'NONE', #5488 ) ;
#485 = ORIENTED_EDGE ( 'NONE', *, *, #3996, .T. ) ;
#486 = CIRCLE ( 'NONE', #8324, 3.000000000000002665 ) ;
#487 = DIRECTION ( 'NONE',  ( 0.000000000000000000, 0.000000000000000000, -1.000000000000000000 ) ) ;
#488 = FACE_OUTER_BOUND ( 'NONE', #3386, .T. ) ;
#489 = CARTESIAN_POINT ( 'NONE',  ( 493.1291983133108943, -3.174999999999999822, -412.3390583228102741 ) ) ;
#490 = DIRECTION ( 'NONE',  ( -0.000000000000000000, 1.000000000000000000, -0.000000000000000000 ) ) ;
#491 = ORIENTED_EDGE ( 'NONE', *, *, #1483, .F. ) ;
#492 = CARTESIAN_POINT ( 'NONE',  ( 221.4321775711112821, -3.174999999999999822, -456.7658529379522747 ) ) ;
#493 = EDGE_LOOP ( 'NONE', ( #9225, #3245, #9703, #9160 ) ) ;
#494 = EDGE_CURVE ( 'NONE', #2485, #785, #1465, .T. ) ;
#495 = VECTOR ( 'NONE', #937, 1000.000000000000000 ) ;
#496 = ORIENTED_EDGE ( 'NONE', *, *, #6777, .F. ) ;
#497 = AXIS2_PLACEMENT_3D ( 'NONE', #3859, #3755, #9282 ) ;
#498 = DIRECTION ( 'NONE',  ( 0.000000000000000000, -1.000000000000000000, 0.000000000000000000 ) ) ;
#499 = EDGE_LOOP ( 'NONE', ( #5761, #9668, #9623, #5778 ) ) ;
#500 = DIRECTION ( 'NONE',  ( -1.000000000000000000, 0.000000000000000000, -0.000000000000000000 ) ) ;
#501 = DIRECTION ( 'NONE',  ( -1.000000000000000000, 0.000000000000000000, 0.000000000000000000 ) ) ;
#502 = AXIS2_PLACEMENT_3D ( 'NONE', #9101, #1521, #6933 ) ;
#503 = CARTESIAN_POINT ( 'NONE',  ( -475.9725367522473789, -3.174999999999999822, -415.7885458324437877 ) ) ;
#504 = PLANE ( 'NONE',  #8115 ) ;
#505 = ORIENTED_EDGE ( 'NONE', *, *, #9713, .T. ) ;
#506 = VECTOR ( 'NONE', #4993, 1000.000000000000000 ) ;
#507 = ORIENTED_EDGE ( 'NONE', *, *, #5568, .F. ) ;
#508 = CARTESIAN_POINT ( 'NONE',  ( -594.4999999998082103, -3.174999999999999822, 120.9036976976977371 ) ) ;
#509 = ORIENTED_EDGE ( 'NONE', *, *, #8534, .F. ) ;
#510 = AXIS2_PLACEMENT_3D ( 'NONE', #1074, #9402, #2530 ) ;
#511 = CYLINDRICAL_SURFACE ( 'NONE', #5648, 3.000000000000002665 ) ;
#512 = CARTESIAN_POINT ( 'NONE',  ( -597.4999999998082103, -3.174999999999999822, 81.90369769769773711 ) ) ;
#513 = ORIENTED_EDGE ( 'NONE', *, *, #5337, .T. ) ;
#514 = EDGE_CURVE ( 'NONE', #9055, #9502, #3285, .T. ) ;
#515 = CARTESIAN_POINT ( 'NONE',  ( 145.4999999999998863, 6.825000000000000178, -413.8463023023022060 ) ) ;
#516 = ORIENTED_EDGE ( 'NONE', *, *, #9896, .F. ) ;
#517 = ORIENTED_EDGE ( 'NONE', *, *, #5461, .F. ) ;
#518 = CARTESIAN_POINT ( 'NONE',  ( -467.5381507512524308, 0.000000000000000000, -414.4243124263796290 ) ) ;
#519 = CARTESIAN_POINT ( 'NONE',  ( 99.99999999999991473, 0.000000000000000000, -436.0963023023023766 ) ) ;
#520 = ORIENTED_EDGE ( 'NONE', *, *, #4668, .T. ) ;
#521 = CARTESIAN_POINT ( 'NONE',  ( 250.2626310726666077, 0.000000000000000000, -458.1093375469640137 ) ) ;
#522 = EDGE_CURVE ( 'NONE', #7881, #3428, #7893, .T. ) ;
#523 = EDGE_CURVE ( 'NONE', #8828, #6155, #7036, .T. ) ;
#524 = CARTESIAN_POINT ( 'NONE',  ( 558.9999999998080966, -3.174999999999999822, -307.5963023023024334 ) ) ;
#525 = ORIENTED_EDGE ( 'NONE', *, *, #6093, .F. ) ;
#526 = CARTESIAN_POINT ( 'NONE',  ( 472.4400540544133946, 0.000000000000000000, -413.4387445664843881 ) ) ;
#527 = CARTESIAN_POINT ( 'NONE',  ( -567.4999999998083240, 0.000000000000000000, 141.4036976976977371 ) ) ;
#528 = DIRECTION ( 'NONE',  ( 0.000000000000000000, 1.000000000000000000, 0.000000000000000000 ) ) ;
#529 = ORIENTED_EDGE ( 'NONE', *, *, #1578, .F. ) ;
#530 = ORIENTED_EDGE ( 'NONE', *, *, #396, .T. ) ;
#531 = DIRECTION ( 'NONE',  ( -0.000000000000000000, 1.000000000000000000, -0.000000000000000000 ) ) ;
#532 = CARTESIAN_POINT ( 'NONE',  ( 401.9999999999994884, 0.000000000000000000, 106.4036976976980640 ) ) ;
#533 = CARTESIAN_POINT ( 'NONE',  ( 597.4999999998080966, -3.174999999999999822, -374.9753774975062584 ) ) ;
#534 = LINE ( 'NONE', #6696, #2199 ) ;
#535 = EDGE_CURVE ( 'NONE', #3545, #4510, #5636, .T. ) ;
#536 = EDGE_LOOP ( 'NONE', ( #8361, #3771, #3244, #7417 ) ) ;
#537 = CARTESIAN_POINT ( 'NONE',  ( -275.3634883044093158, -3.174999999999999822, -456.1226402293840465 ) ) ;
#538 = EDGE_LOOP ( 'NONE', ( #6760, #6320, #4757, #9385 ) ) ;
#539 = ORIENTED_EDGE ( 'NONE', *, *, #953, .F. ) ;
#540 = LINE ( 'NONE', #8053, #2649 ) ;
#541 = ORIENTED_EDGE ( 'NONE', *, *, #1483, .T. ) ;
#542 = DIRECTION ( 'NONE',  ( 0.000000000000000000, -1.000000000000000000, 0.000000000000000000 ) ) ;
#543 = CYLINDRICAL_SURFACE ( 'NONE', #3208, 3.000000000000002665 ) ;
#544 = EDGE_CURVE ( 'NONE', #3461, #7346, #2480, .T. ) ;
#545 = DIRECTION ( 'NONE',  ( 0.000000000000000000, 0.000000000000000000, 1.000000000000000000 ) ) ;
#546 = CARTESIAN_POINT ( 'NONE',  ( -269.8702442853110597, 0.000000000000000000, -454.1670661073827091 ) ) ;
#547 = EDGE_LOOP ( 'NONE', ( #8161, #4383, #1503, #3227 ) ) ;
#548 = ORIENTED_EDGE ( 'NONE', *, *, #7248, .F. ) ;
#549 = LINE ( 'NONE', #6761, #1094 ) ;
#550 = VERTEX_POINT ( 'NONE', #289 ) ;
#551 = ADVANCED_FACE ( 'NONE', ( #3334 ), #985, .T. ) ;
#552 = FACE_OUTER_BOUND ( 'NONE', #4894, .T. ) ;
#553 = DIRECTION ( 'NONE',  ( -1.000000000000000000, 0.000000000000000000, 7.209240419646269740E-17 ) ) ;
#554 = PLANE ( 'NONE',  #2849 ) ;
#555 = VERTEX_POINT ( 'NONE', #4737 ) ;
#556 = DIRECTION ( 'NONE',  ( 0.000000000000000000, 0.000000000000000000, -1.000000000000000000 ) ) ;
#557 = VERTEX_POINT ( 'NONE', #6246 ) ;
#558 = EDGE_CURVE ( 'NONE', #1986, #3046, #3199, .T. ) ;
#559 = ORIENTED_EDGE ( 'NONE', *, *, #93, .T. ) ;
#560 = DIRECTION ( 'NONE',  ( 0.000000000000000000, 0.000000000000000000, 1.000000000000000000 ) ) ;
#561 = DIRECTION ( 'NONE',  ( -0.000000000000000000, 1.000000000000000000, -0.000000000000000000 ) ) ;
#562 = AXIS2_PLACEMENT_3D ( 'NONE', #1533, #1585, #5445 ) ;
#563 = ADVANCED_FACE ( 'NONE', ( #6988 ), #5437, .F. ) ;
#564 = EDGE_CURVE ( 'NONE', #6752, #9437, #9459, .T. ) ;
#565 = VERTEX_POINT ( 'NONE', #5536 ) ;
#566 = DIRECTION ( 'NONE',  ( 0.000000000000000000, 0.000000000000000000, -1.000000000000000000 ) ) ;
#567 = LINE ( 'NONE', #2065, #4491 ) ;
#568 = ORIENTED_EDGE ( 'NONE', *, *, #2207, .F. ) ;
#569 = CIRCLE ( 'NONE', #8244, 2.750000000000030198 ) ;
#570 = DIRECTION ( 'NONE',  ( 0.000000000000000000, 0.000000000000000000, 1.000000000000000000 ) ) ;
#571 = AXIS2_PLACEMENT_3D ( 'NONE', #6120, #7076, #4715 ) ;
#572 = CARTESIAN_POINT ( 'NONE',  ( 558.9999999998079829, 0.000000000000000000, -284.5963023023024334 ) ) ;
#573 = EDGE_CURVE ( 'NONE', #4959, #3029, #4838, .T. ) ;
#574 = CARTESIAN_POINT ( 'NONE',  ( 178.5995066845797794, 6.825000000000000178, -450.0775332806429105 ) ) ;
#575 = VERTEX_POINT ( 'NONE', #3186 ) ;
#576 = EDGE_CURVE ( 'NONE', #7779, #6221, #6483, .T. ) ;
#577 = EDGE_LOOP ( 'NONE', ( #24, #2756, #6249, #507 ) ) ;
#578 = CIRCLE ( 'NONE', #6968, 3.000000000000002665 ) ;
#579 = LINE ( 'NONE', #4329, #275 ) ;
#580 = CARTESIAN_POINT ( 'NONE',  ( 558.9999999998080966, 0.000000000000000000, 86.90369769769773711 ) ) ;
#581 = DIRECTION ( 'NONE',  ( 0.000000000000000000, 0.000000000000000000, -1.000000000000000000 ) ) ;
#582 = DIRECTION ( 'NONE',  ( -1.000000000000000000, -0.000000000000000000, -0.000000000000000000 ) ) ;
#583 = ORIENTED_EDGE ( 'NONE', *, *, #4523, .F. ) ;
#584 = CARTESIAN_POINT ( 'NONE',  ( -555.9999999998083240, -3.174999999999999822, 117.9036976976977371 ) ) ;
#585 = AXIS2_PLACEMENT_3D ( 'NONE', #6347, #9415, #4843 ) ;
#586 = AXIS2_PLACEMENT_3D ( 'NONE', #9842, #5970, #7326 ) ;
#587 = ORIENTED_EDGE ( 'NONE', *, *, #7410, .F. ) ;
#588 = EDGE_CURVE ( 'NONE', #3356, #1539, #334, .T. ) ;
#589 = FACE_OUTER_BOUND ( 'NONE', #1779, .T. ) ;
#590 = ORIENTED_EDGE ( 'NONE', *, *, #4109, .F. ) ;
#591 = CARTESIAN_POINT ( 'NONE',  ( 597.4999999998082103, 0.000000000000000000, 92.90369769769773711 ) ) ;
#592 = CARTESIAN_POINT ( 'NONE',  ( -282.9999999999997158, 0.000000000000000000, 171.4036976976977655 ) ) ;
#593 = CARTESIAN_POINT ( 'NONE',  ( 202.9974066286778793, -3.174999999999999822, -470.6724344287448503 ) ) ;
#594 = LINE ( 'NONE', #4296, #4749 ) ;
#595 = AXIS2_PLACEMENT_3D ( 'NONE', #9832, #6108, #5780 ) ;
#596 = ORIENTED_EDGE ( 'NONE', *, *, #5151, .F. ) ;
#597 = DIRECTION ( 'NONE',  ( 0.000000000000000000, 0.000000000000000000, -1.000000000000000000 ) ) ;
#598 = DIRECTION ( 'NONE',  ( 0.000000000000000000, -1.000000000000000000, 0.000000000000000000 ) ) ;
#599 = AXIS2_PLACEMENT_3D ( 'NONE', #3549, #8916, #2136 ) ;
#600 = VECTOR ( 'NONE', #4152, 1000.000000000000000 ) ;
#601 = ORIENTED_EDGE ( 'NONE', *, *, #2140, .F. ) ;
#602 = ORIENTED_EDGE ( 'NONE', *, *, #3468, .T. ) ;
#603 = EDGE_CURVE ( 'NONE', #5163, #6957, #2383, .T. ) ;
#604 = FACE_OUTER_BOUND ( 'NONE', #9188, .T. ) ;
#605 = DIRECTION ( 'NONE',  ( 0.000000000000000000, 0.000000000000000000, 1.000000000000000000 ) ) ;
#606 = CARTESIAN_POINT ( 'NONE',  ( -277.7132895703687723, 0.000000000000000000, -452.5901575315501759 ) ) ;
#607 = VERTEX_POINT ( 'NONE', #8944 ) ;
#608 = DIRECTION ( 'NONE',  ( -0.000000000000000000, 1.000000000000000000, -0.000000000000000000 ) ) ;
#609 = ORIENTED_EDGE ( 'NONE', *, *, #9848, .T. ) ;
#610 = ORIENTED_EDGE ( 'NONE', *, *, #2341, .T. ) ;
#611 = DIRECTION ( 'NONE',  ( -0.000000000000000000, -1.000000000000000000, -0.000000000000000000 ) ) ;
#612 = CARTESIAN_POINT ( 'NONE',  ( 240.0697845216494954, 0.000000000000000000, -463.2187288206303606 ) ) ;
#613 = CIRCLE ( 'NONE', #8127, 3.000000000000002665 ) ;
#614 = CIRCLE ( 'NONE', #303, 2.749999999999974687 ) ;
#615 = ORIENTED_EDGE ( 'NONE', *, *, #39, .F. ) ;
#616 = FACE_OUTER_BOUND ( 'NONE', #5510, .T. ) ;
#617 = AXIS2_PLACEMENT_3D ( 'NONE', #7675, #9189, #3116 ) ;
#618 = DIRECTION ( 'NONE',  ( 0.000000000000000000, 0.000000000000000000, -1.000000000000000000 ) ) ;
#619 = VERTEX_POINT ( 'NONE', #2069 ) ;
#620 = AXIS2_PLACEMENT_3D ( 'NONE', #5009, #4254, #9636 ) ;
#621 = EDGE_CURVE ( 'NONE', #5860, #7673, #5126, .T. ) ;
#622 = DIRECTION ( 'NONE',  ( 0.000000000000000000, 1.000000000000000000, 0.000000000000000000 ) ) ;
#623 = EDGE_CURVE ( 'NONE', #1539, #4299, #5519, .T. ) ;
#624 = CARTESIAN_POINT ( 'NONE',  ( -503.3220448643284044, 0.000000000000000000, -410.2296670491438135 ) ) ;
#625 = DIRECTION ( 'NONE',  ( 0.9803806606322131856, 0.000000000000000000, -0.1971135719790628738 ) ) ;
#626 = ORIENTED_EDGE ( 'NONE', *, *, #2257, .F. ) ;
#627 = AXIS2_PLACEMENT_3D ( 'NONE', #3322, #7129, #3923 ) ;
#628 = ORIENTED_EDGE ( 'NONE', *, *, #2638, .T. ) ;
#629 = CARTESIAN_POINT ( 'NONE',  ( 221.6432204632930905, 0.000000000000000000, -214.3010792032572169 ) ) ;
#630 = LINE ( 'NONE', #3880, #6089 ) ;
#631 = LINE ( 'NONE', #8096, #6965 ) ;
#632 = CARTESIAN_POINT ( 'NONE',  ( -97.00000000000001421, 0.000000000000000000, -436.0963023023023766 ) ) ;
#633 = ADVANCED_FACE ( 'NONE', ( #3477 ), #2774, .F. ) ;
#634 = VERTEX_POINT ( 'NONE', #1318 ) ;
#635 = FACE_OUTER_BOUND ( 'NONE', #7579, .T. ) ;
#636 = EDGE_CURVE ( 'NONE', #2492, #7299, #5994, .T. ) ;
#637 = AXIS2_PLACEMENT_3D ( 'NONE', #9040, #5376, #6686 ) ;
#638 = AXIS2_PLACEMENT_3D ( 'NONE', #8500, #8550, #4039 ) ;
#639 = AXIS2_PLACEMENT_3D ( 'NONE', #9154, #6840, #7542 ) ;
#640 = AXIS2_PLACEMENT_3D ( 'NONE', #6121, #8429, #1561 ) ;
#641 = ORIENTED_EDGE ( 'NONE', *, *, #2917, .T. ) ;
#642 = DIRECTION ( 'NONE',  ( 0.9803806606322130746, 0.000000000000000000, -0.1971135719790633456 ) ) ;
#643 = ORIENTED_EDGE ( 'NONE', *, *, #8038, .F. ) ;
#644 = DIRECTION ( 'NONE',  ( -0.000000000000000000, 1.000000000000000000, -0.000000000000000000 ) ) ;
#645 = FILL_AREA_STYLE ('',( #4435 ) ) ;
#646 = LINE ( 'NONE', #2940, #8439 ) ;
#647 = FACE_OUTER_BOUND ( 'NONE', #1803, .T. ) ;
#648 = VERTEX_POINT ( 'NONE', #5682 ) ;
#649 = AXIS2_PLACEMENT_3D ( 'NONE', #7643, #9867, #2388 ) ;
#650 = EDGE_CURVE ( 'NONE', #3767, #9372, #9045, .T. ) ;
#651 = EDGE_CURVE ( 'NONE', #7969, #619, #8744, .T. ) ;
#652 = LINE ( 'NONE', #3700, #4773 ) ;
#653 = AXIS2_PLACEMENT_3D ( 'NONE', #3812, #5410, #6058 ) ;
#654 = ORIENTED_EDGE ( 'NONE', *, *, #2885, .T. ) ;
#655 = AXIS2_PLACEMENT_3D ( 'NONE', #5346, #9111, #2236 ) ;
#656 = DIRECTION ( 'NONE',  ( -0.000000000000000000, 1.000000000000000000, -0.000000000000000000 ) ) ;
#657 = ORIENTED_EDGE ( 'NONE', *, *, #9073, .T. ) ;
#658 = CARTESIAN_POINT ( 'NONE',  ( 558.9999999998080966, -3.174999999999999822, -279.5963023023024334 ) ) ;
#659 = DIRECTION ( 'NONE',  ( 0.000000000000000000, 0.000000000000000000, 1.000000000000000000 ) ) ;
#660 = CARTESIAN_POINT ( 'NONE',  ( -169.5000000000000000, 6.825000000000000178, -417.0963023023023197 ) ) ;
#661 = CARTESIAN_POINT ( 'NONE',  ( 516.4999999998082103, 0.000000000000000000, 132.9036976976976803 ) ) ;
#662 = VECTOR ( 'NONE', #9511, 1000.000000000000000 ) ;
#663 = ORIENTED_EDGE ( 'NONE', *, *, #4810, .F. ) ;
#664 = DIRECTION ( 'NONE',  ( 1.000000000000000000, 0.000000000000000000, -1.696813561850769255E-16 ) ) ;
#665 = VERTEX_POINT ( 'NONE', #6592 ) ;
#666 = VERTEX_POINT ( 'NONE', #2726 ) ;
#667 = CARTESIAN_POINT ( 'NONE',  ( -468.1294914671896095, 0.000000000000000000, -417.3654544082762641 ) ) ;
#668 = CIRCLE ( 'NONE', #4655, 2.749999999999974687 ) ;
#669 = VERTEX_POINT ( 'NONE', #9656 ) ;
#670 = CARTESIAN_POINT ( 'NONE',  ( -557.5485770882340830, 0.000000000000000000, -347.3768998705955369 ) ) ;
#671 = EDGE_CURVE ( 'NONE', #3698, #1332, #4931, .T. ) ;
#672 = CARTESIAN_POINT ( 'NONE',  ( -285.9999999999997726, -3.174999999999999822, 132.9036976976976803 ) ) ;
#673 = EDGE_LOOP ( 'NONE', ( #5985, #4663 ) ) ;
#674 = CIRCLE ( 'NONE', #2428, 3.000000000000002665 ) ;
#675 = DIRECTION ( 'NONE',  ( -0.000000000000000000, -1.000000000000000000, -0.000000000000000000 ) ) ;
#676 = DIRECTION ( 'NONE',  ( 0.000000000000000000, 0.000000000000000000, -1.000000000000000000 ) ) ;
#677 = VECTOR ( 'NONE', #1405, 1000.000000000000000 ) ;
#678 = CARTESIAN_POINT ( 'NONE',  ( 247.3214890907699726, -3.174999999999999822, -458.7006782629012491 ) ) ;
#679 = EDGE_CURVE ( 'NONE', #155, #555, #2482, .T. ) ;
#680 = ORIENTED_EDGE ( 'NONE', *, *, #8488, .F. ) ;
#681 = EDGE_CURVE ( 'NONE', #6163, #776, #8795, .T. ) ;
#682 = ORIENTED_EDGE ( 'NONE', *, *, #2442, .T. ) ;
#683 = DIRECTION ( 'NONE',  ( 0.000000000000000000, 0.000000000000000000, 1.000000000000000000 ) ) ;
#684 = DIRECTION ( 'NONE',  ( 0.000000000000000000, 0.000000000000000000, 1.000000000000000000 ) ) ;
#685 = CARTESIAN_POINT ( 'NONE',  ( -265.9999999999997726, -3.174999999999999822, 171.4036976976977655 ) ) ;
#686 = FACE_OUTER_BOUND ( 'NONE', #7930, .T. ) ;
#687 = CARTESIAN_POINT ( 'NONE',  ( 594.4999999998082103, -3.174999999999999822, 89.90369769769773711 ) ) ;
#688 = ORIENTED_EDGE ( 'NONE', *, *, #3783, .T. ) ;
#689 = DIRECTION ( 'NONE',  ( 0.000000000000000000, -1.000000000000000000, 0.000000000000000000 ) ) ;
#690 = VERTEX_POINT ( 'NONE', #527 ) ;
#691 = AXIS2_PLACEMENT_3D ( 'NONE', #6811, #4351, #9124 ) ;
#692 = ADVANCED_FACE ( 'NONE', ( #1271 ), #8848, .T. ) ;
#693 = DIRECTION ( 'NONE',  ( -1.000000000000000000, -0.000000000000000000, -0.000000000000000000 ) ) ;
#694 = FACE_OUTER_BOUND ( 'NONE', #4421, .T. ) ;
#695 = CARTESIAN_POINT ( 'NONE',  ( 153.5995066845797510, -3.174999999999999822, -474.5963023023023766 ) ) ;
#696 = LINE ( 'NONE', #48, #4910 ) ;
#697 = EDGE_CURVE ( 'NONE', #8982, #1432, #9375, .T. ) ;
#698 = EDGE_LOOP ( 'NONE', ( #8559, #7864, #6346, #5441 ) ) ;
#699 = VECTOR ( 'NONE', #644, 1000.000000000000000 ) ;
#700 = CARTESIAN_POINT ( 'NONE',  ( -493.3833710771748429, -3.174999999999999822, -373.0174943126374387 ) ) ;
#701 = EDGE_CURVE ( 'NONE', #6801, #484, #4273, .T. ) ;
#702 = EDGE_LOOP ( 'NONE', ( #1749, #6525, #5881, #1784 ) ) ;
#703 = CARTESIAN_POINT ( 'NONE',  ( 287.9999999999997726, 0.000000000000000000, 132.9036976976976803 ) ) ;
#704 = VERTEX_POINT ( 'NONE', #1129 ) ;
#705 = CYLINDRICAL_SURFACE ( 'NONE', #691, 3.000000000000002665 ) ;
#706 = DIRECTION ( 'NONE',  ( 0.000000000000000000, 0.000000000000000000, 1.000000000000000000 ) ) ;
#707 = CYLINDRICAL_SURFACE ( 'NONE', #1543, 3.250000000000030642 ) ;
#708 = DIRECTION ( 'NONE',  ( 0.000000000000000000, 1.000000000000000000, -0.000000000000000000 ) ) ;
#709 = EDGE_LOOP ( 'NONE', ( #5905, #957, #6358, #863 ) ) ;
#710 = CARTESIAN_POINT ( 'NONE',  ( 145.4999999999998863, 0.000000000000000000, -420.3463023023022629 ) ) ;
#711 = VERTEX_POINT ( 'NONE', #3382 ) ;
#712 = ORIENTED_EDGE ( 'NONE', *, *, #5641, .T. ) ;
#713 = CYLINDRICAL_SURFACE ( 'NONE', #9649, 3.000000000000002665 ) ;
#714 = ORIENTED_EDGE ( 'NONE', *, *, #3980, .T. ) ;
#715 = CARTESIAN_POINT ( 'NONE',  ( -594.4999999998082103, -3.174999999999999822, 81.90369769769773711 ) ) ;
#716 = ORIENTED_EDGE ( 'NONE', *, *, #5102, .F. ) ;
#717 = EDGE_CURVE ( 'NONE', #1462, #7075, #9500, .T. ) ;
#718 = CARTESIAN_POINT ( 'NONE',  ( -597.4999999998082103, -3.174999999999999822, -276.5963023023022629 ) ) ;
#719 = DIRECTION ( 'NONE',  ( -0.000000000000000000, 1.000000000000000000, -0.000000000000000000 ) ) ;
#720 = VERTEX_POINT ( 'NONE', #5828 ) ;
#721 = CARTESIAN_POINT ( 'NONE',  ( -587.4999999998082103, 6.825000000000000178, -347.3768998705955369 ) ) ;
#722 = CARTESIAN_POINT ( 'NONE',  ( -277.7132895703687723, 0.000000000000000000, -455.5901575315501759 ) ) ;
#723 = FACE_OUTER_BOUND ( 'NONE', #1209, .T. ) ;
#724 = ORIENTED_EDGE ( 'NONE', *, *, #1785, .F. ) ;
#725 = VERTEX_POINT ( 'NONE', #1222 ) ;
#726 = EDGE_CURVE ( 'NONE', #9381, #7407, #1177, .T. ) ;
#727 = DIRECTION ( 'NONE',  ( 0.000000000000000000, 0.000000000000000000, 1.000000000000000000 ) ) ;
#728 = CARTESIAN_POINT ( 'NONE',  ( 594.4999999998082103, 0.000000000000000000, 81.90369769769773711 ) ) ;
#729 = CIRCLE ( 'NONE', #3289, 3.000000000000002665 ) ;
#730 = CARTESIAN_POINT ( 'NONE',  ( -514.4999999998082103, 0.000000000000000000, -374.9753774975062584 ) ) ;
#731 = LINE ( 'NONE', #1575, #4592 ) ;
#732 = VECTOR ( 'NONE', #8532, 1000.000000000000114 ) ;
#733 = CYLINDRICAL_SURFACE ( 'NONE', #9793, 3.000000000000002665 ) ;
#734 = AXIS2_PLACEMENT_3D ( 'NONE', #1494, #9272, #7556 ) ;
#735 = ORIENTED_EDGE ( 'NONE', *, *, #4213, .F. ) ;
#736 = ORIENTED_EDGE ( 'NONE', *, *, #2767, .F. ) ;
#737 = CARTESIAN_POINT ( 'NONE',  ( 542.4999999998076419, -3.174999999999999822, 171.4036976976977087 ) ) ;
#738 = EDGE_CURVE ( 'NONE', #9886, #3050, #9550, .T. ) ;
#739 = DIRECTION ( 'NONE',  ( 0.000000000000000000, 0.000000000000000000, 1.000000000000000000 ) ) ;
#740 = CARTESIAN_POINT ( 'NONE',  ( -193.9659574756200584, 6.825000000000000178, -446.9879823279456446 ) ) ;
#741 = VERTEX_POINT ( 'NONE', #1924 ) ;
#742 = CIRCLE ( 'NONE', #6343, 3.000000000000002665 ) ;
#743 = AXIS2_PLACEMENT_3D ( 'NONE', #9795, #6778, #8130 ) ;
#744 = EDGE_CURVE ( 'NONE', #3290, #3545, #4981, .T. ) ;
#745 = EDGE_CURVE ( 'NONE', #3767, #1980, #9751, .T. ) ;
#746 = CYLINDRICAL_SURFACE ( 'NONE', #4706, 3.000000000000002665 ) ;
#747 = ORIENTED_EDGE ( 'NONE', *, *, #4642, .F. ) ;
#748 = DIRECTION ( 'NONE',  ( 0.000000000000000000, 0.000000000000000000, 1.000000000000000000 ) ) ;
#749 = VERTEX_POINT ( 'NONE', #1469 ) ;
#750 = VECTOR ( 'NONE', #388, 1000.000000000000000 ) ;
#751 = LINE ( 'NONE', #1596, #5167 ) ;
#752 = DIRECTION ( 'NONE',  ( 0.000000000000000000, 0.000000000000000000, 1.000000000000000000 ) ) ;
#753 = CARTESIAN_POINT ( 'NONE',  ( 519.4999999998080966, 0.000000000000000000, -374.9753774975062584 ) ) ;
#754 = DIRECTION ( 'NONE',  ( -0.000000000000000000, 1.000000000000000000, -0.000000000000000000 ) ) ;
#755 = VERTEX_POINT ( 'NONE', #9900 ) ;
#756 = EDGE_CURVE ( 'NONE', #813, #5512, #4566, .T. ) ;
#757 = LINE ( 'NONE', #6011, #6572 ) ;
#758 = ORIENTED_EDGE ( 'NONE', *, *, #9256, .F. ) ;
#759 = VECTOR ( 'NONE', #6897, 1000.000000000000000 ) ;
#760 = ORIENTED_EDGE ( 'NONE', *, *, #8399, .T. ) ;
#761 = VECTOR ( 'NONE', #8355, 1000.000000000000000 ) ;
#762 = DIRECTION ( 'NONE',  ( 0.000000000000000000, 0.000000000000000000, 1.000000000000000000 ) ) ;
#763 = EDGE_LOOP ( 'NONE', ( #3905, #3925, #3790, #2503 ) ) ;
#764 = FACE_OUTER_BOUND ( 'NONE', #6282, .T. ) ;
#765 = ORIENTED_EDGE ( 'NONE', *, *, #5008, .T. ) ;
#766 = DIRECTION ( 'NONE',  ( 0.000000000000000000, -1.000000000000000000, 0.000000000000000000 ) ) ;
#767 = CARTESIAN_POINT ( 'NONE',  ( 462.5013802672600036, 0.000000000000000000, -376.2265718299780133 ) ) ;
#768 = ORIENTED_EDGE ( 'NONE', *, *, #1708, .T. ) ;
#769 = FACE_OUTER_BOUND ( 'NONE', #2454, .T. ) ;
#770 = FACE_BOUND ( 'NONE', #2967, .T. ) ;
#771 = AXIS2_PLACEMENT_3D ( 'NONE', #2700, #362, #8114 ) ;
#772 = EDGE_CURVE ( 'NONE', #3033, #2300, #6876, .T. ) ;
#773 = CIRCLE ( 'NONE', #3493, 3.000000000000002665 ) ;
#774 = LINE ( 'NONE', #5176, #3990 ) ;
#775 = ADVANCED_FACE ( 'NONE', ( #2971 ), #27, .F. ) ;
#776 = VERTEX_POINT ( 'NONE', #6737 ) ;
#777 = VERTEX_POINT ( 'NONE', #6830 ) ;
#778 = CARTESIAN_POINT ( 'NONE',  ( -577.4999999998082103, 0.000000000000000000, -347.3768998705955369 ) ) ;
#779 = FACE_OUTER_BOUND ( 'NONE', #7821, .T. ) ;
#780 = CARTESIAN_POINT ( 'NONE',  ( 262.9999999999997158, -3.174999999999999822, 129.9036976976976803 ) ) ;
#781 = CYLINDRICAL_SURFACE ( 'NONE', #9766, 2.749999999999974687 ) ;
#782 = DIRECTION ( 'NONE',  ( -0.000000000000000000, 1.000000000000000000, 0.000000000000000000 ) ) ;
#783 = ORIENTED_EDGE ( 'NONE', *, *, #522, .F. ) ;
#784 = ORIENTED_EDGE ( 'NONE', *, *, #2246, .F. ) ;
#785 = VERTEX_POINT ( 'NONE', #2164 ) ;
#786 = CARTESIAN_POINT ( 'NONE',  ( -462.4085007884963829, -3.174999999999999822, -376.2280099409343848 ) ) ;
#787 = CYLINDRICAL_SURFACE ( 'NONE', #3219, 3.000000000000002665 ) ;
#788 = CARTESIAN_POINT ( 'NONE',  ( 347.9999999999994316, 0.000000000000000000, 106.4036976976980640 ) ) ;
#789 = DIRECTION ( 'NONE',  ( -0.000000000000000000, 1.000000000000000000, -0.000000000000000000 ) ) ;
#790 = VERTEX_POINT ( 'NONE', #572 ) ;
#791 = EDGE_CURVE ( 'NONE', #790, #565, #5174, .T. ) ;
#792 = VECTOR ( 'NONE', #9801, 1000.000000000000000 ) ;
#793 = VECTOR ( 'NONE', #766, 1000.000000000000000 ) ;
#794 = CARTESIAN_POINT ( 'NONE',  ( 153.5995066845797510, 0.000000000000000000, -474.5963023023023766 ) ) ;
#795 = ORIENTED_EDGE ( 'NONE', *, *, #9219, .F. ) ;
#796 = EDGE_CURVE ( 'NONE', #5661, #4974, #7477, .T. ) ;
#797 = CARTESIAN_POINT ( 'NONE',  ( 519.4999999998082103, -3.174999999999999822, 129.9036976976976803 ) ) ;
#798 = VERTEX_POINT ( 'NONE', #2872 ) ;
#799 = AXIS2_PLACEMENT_3D ( 'NONE', #812, #3110, #3716 ) ;
#800 = DIRECTION ( 'NONE',  ( 0.9803806606322130746, 0.000000000000000000, -0.1971135719790633456 ) ) ;
#801 = DIRECTION ( 'NONE',  ( 0.000000000000000000, -1.000000000000000000, 0.000000000000000000 ) ) ;
#802 = AXIS2_PLACEMENT_3D ( 'NONE', #2792, #2842, #1292 ) ;
#803 = DIRECTION ( 'NONE',  ( 0.000000000000000000, 0.000000000000000000, -1.000000000000000000 ) ) ;
#804 = CYLINDRICAL_SURFACE ( 'NONE', #9103, 2.749999999999974687 ) ;
#805 = VERTEX_POINT ( 'NONE', #9093 ) ;
#806 = CARTESIAN_POINT ( 'NONE',  ( -66.00000000000001421, -3.174999999999999822, -471.5963023023023197 ) ) ;
#807 = ORIENTED_EDGE ( 'NONE', *, *, #1123, .T. ) ;
#808 = VERTEX_POINT ( 'NONE', #624 ) ;
#809 = CARTESIAN_POINT ( 'NONE',  ( 462.5013802672600036, -3.174999999999999822, -376.2265718299780133 ) ) ;
#810 = MECHANICAL_DESIGN_GEOMETRIC_PRESENTATION_REPRESENTATION (  '', ( #9461 ), #8650 ) ;
#811 = VERTEX_POINT ( 'NONE', #3723 ) ;
#812 = CARTESIAN_POINT ( 'NONE',  ( -153.5995066845798078, -3.174999999999999822, -464.5963023023023197 ) ) ;
#813 = VERTEX_POINT ( 'NONE', #722 ) ;
#814 = CARTESIAN_POINT ( 'NONE',  ( -262.9999999999997158, -3.174999999999999822, 168.4036976976977655 ) ) ;
#815 = CARTESIAN_POINT ( 'NONE',  ( 202.9974066286778793, -3.174999999999999822, -470.6724344287448503 ) ) ;
#816 = EDGE_CURVE ( 'NONE', #4580, #833, #2554, .T. ) ;
#817 = CARTESIAN_POINT ( 'NONE',  ( -462.4085007884963829, -1.587499999999999467, -376.2280099409343848 ) ) ;
#818 = ORIENTED_EDGE ( 'NONE', *, *, #6798, .T. ) ;
#819 = DIRECTION ( 'NONE',  ( 0.000000000000000000, -1.000000000000000000, 0.000000000000000000 ) ) ;
#820 = CYLINDRICAL_SURFACE ( 'NONE', #7508, 3.000000000000002665 ) ;
#821 = DIRECTION ( 'NONE',  ( -0.000000000000000000, 1.000000000000000000, -0.000000000000000000 ) ) ;
#822 = ADVANCED_FACE ( 'NONE', ( #8336, #8385, #1415, #3774, #1515, #6782, #2117, #3070, #3017, #7623, #9145, #6076, #2266, #7531, #5327, #8435, #770 ), #6126, .T. ) ;
#823 = ORIENTED_EDGE ( 'NONE', *, *, #4213, .T. ) ;
#824 = CIRCLE ( 'NONE', #5936, 3.000000000000002665 ) ;
#825 = LINE ( 'NONE', #2377, #5056 ) ;
#826 = DIRECTION ( 'NONE',  ( 0.000000000000000000, -1.000000000000000000, 0.000000000000000000 ) ) ;
#827 = CARTESIAN_POINT ( 'NONE',  ( 597.4999999998080966, -3.174999999999999822, -287.5963023023024334 ) ) ;
#828 = CARTESIAN_POINT ( 'NONE',  ( 558.9999999998080966, 0.000000000000000000, -279.5963023023024334 ) ) ;
#829 = ORIENTED_EDGE ( 'NONE', *, *, #1251, .T. ) ;
#830 = DIRECTION ( 'NONE',  ( -1.000000000000000000, 0.000000000000000000, 7.209240419646269740E-17 ) ) ;
#831 = EDGE_LOOP ( 'NONE', ( #1240, #4471, #3618, #5575 ) ) ;
#832 = ORIENTED_EDGE ( 'NONE', *, *, #2746, .T. ) ;
#833 = VERTEX_POINT ( 'NONE', #4619 ) ;
#834 = CARTESIAN_POINT ( 'NONE',  ( -282.9999999999997158, -3.174999999999999822, 168.4036976976977655 ) ) ;
#835 = DIRECTION ( 'NONE',  ( 1.000000000000000000, -0.000000000000000000, 0.000000000000000000 ) ) ;
#836 = ADVANCED_FACE ( 'NONE', ( #3621 ), #5926, .T. ) ;
#837 = CARTESIAN_POINT ( 'NONE',  ( -555.9999999998083240, 0.000000000000000000, 89.90369769769773711 ) ) ;
#838 = LINE ( 'NONE', #7592, #8609 ) ;
#839 = VERTEX_POINT ( 'NONE', #9846 ) ;
#840 = ORIENTED_EDGE ( 'NONE', *, *, #9604, .F. ) ;
#841 = ADVANCED_FACE ( 'NONE', ( #9242 ), #5424, .F. ) ;
#842 = DIRECTION ( 'NONE',  ( -0.000000000000000000, 1.000000000000000000, -0.000000000000000000 ) ) ;
#843 = VERTEX_POINT ( 'NONE', #1621 ) ;
#844 = DIRECTION ( 'NONE',  ( -0.000000000000000000, -1.000000000000000000, -0.000000000000000000 ) ) ;
#845 = CARTESIAN_POINT ( 'NONE',  ( 490.9999999998082103, 0.000000000000000000, 129.9036976976976803 ) ) ;
#846 = EDGE_CURVE ( 'NONE', #6967, #8117, #2867, .T. ) ;
#847 = PLANE ( 'NONE',  #9240 ) ;
#848 = DIRECTION ( 'NONE',  ( 0.000000000000000000, 1.000000000000000000, 0.000000000000000000 ) ) ;
#849 = EDGE_LOOP ( 'NONE', ( #5110, #2288, #8052, #6740 ) ) ;
#850 = ORIENTED_EDGE ( 'NONE', *, *, #3746, .T. ) ;
#851 = AXIS2_PLACEMENT_3D ( 'NONE', #54, #6106, #6952 ) ;
#852 = CARTESIAN_POINT ( 'NONE',  ( 194.1925619655907553, 0.000000000000000000, -219.8202592186700031 ) ) ;
#853 = ORIENTED_EDGE ( 'NONE', *, *, #144, .F. ) ;
#854 = ORIENTED_EDGE ( 'NONE', *, *, #5264, .F. ) ;
#855 = CARTESIAN_POINT ( 'NONE',  ( 597.4999999998080966, 0.000000000000000000, -374.9753774975062584 ) ) ;
#856 = ORIENTED_EDGE ( 'NONE', *, *, #8076, .T. ) ;
#857 = CYLINDRICAL_SURFACE ( 'NONE', #799, 10.00000000000000888 ) ;
#858 = ORIENTED_EDGE ( 'NONE', *, *, #3144, .T. ) ;
#859 = DIRECTION ( 'NONE',  ( -7.209240419646269740E-17, 0.000000000000000000, -1.000000000000000000 ) ) ;
#860 = DIRECTION ( 'NONE',  ( -0.000000000000000000, 1.000000000000000000, -0.000000000000000000 ) ) ;
#861 = ADVANCED_FACE ( 'NONE', ( #4722 ), #820, .T. ) ;
#862 = CARTESIAN_POINT ( 'NONE',  ( -503.3220448643284044, -3.174999999999999822, -410.2296670491438135 ) ) ;
#863 = ORIENTED_EDGE ( 'NONE', *, *, #8613, .F. ) ;
#864 = DIRECTION ( 'NONE',  ( -0.000000000000000000, 1.000000000000000000, -0.000000000000000000 ) ) ;
#865 = CARTESIAN_POINT ( 'NONE',  ( 597.4999999998080966, -3.174999999999999822, -337.3768998705953663 ) ) ;
#866 = ADVANCED_FACE ( 'NONE', ( #8487 ), #7834, .F. ) ;
#867 = ADVANCED_FACE ( 'NONE', ( #6284 ), #4674, .F. ) ;
#868 = CARTESIAN_POINT ( 'NONE',  ( -237.3828153036167237, -3.174999999999999822, -421.4885055263947038 ) ) ;
#869 = ORIENTED_EDGE ( 'NONE', *, *, #2891, .F. ) ;
#870 = FACE_OUTER_BOUND ( 'NONE', #9383, .T. ) ;
#871 = DIRECTION ( 'NONE',  ( -0.003233228736867350874, 0.000000000000000000, 0.9999947731023073327 ) ) ;
#872 = DIRECTION ( 'NONE',  ( 1.000000000000000000, 0.000000000000000000, 0.000000000000000000 ) ) ;
#873 = DIRECTION ( 'NONE',  ( 0.000000000000000000, -1.000000000000000000, 0.000000000000000000 ) ) ;
#874 = DIRECTION ( 'NONE',  ( -0.000000000000000000, 1.000000000000000000, -0.000000000000000000 ) ) ;
#875 = DIRECTION ( 'NONE',  ( 0.000000000000000000, 0.000000000000000000, -1.000000000000000000 ) ) ;
#876 = CARTESIAN_POINT ( 'NONE',  ( -522.4999999998082103, -3.174999999999999822, 168.4036976976977655 ) ) ;
#877 = EDGE_CURVE ( 'NONE', #3233, #8105, #1771, .T. ) ;
#878 = ORIENTED_EDGE ( 'NONE', *, *, #772, .T. ) ;
#879 = ORIENTED_EDGE ( 'NONE', *, *, #9284, .T. ) ;
#880 = AXIS2_PLACEMENT_3D ( 'NONE', #3944, #6098, #7750 ) ;
#881 = VERTEX_POINT ( 'NONE', #3230 ) ;
#882 = CIRCLE ( 'NONE', #5042, 2.749999999999974687 ) ;
#883 = DIRECTION ( 'NONE',  ( 0.000000000000000000, 0.000000000000000000, -1.000000000000000000 ) ) ;
#884 = CARTESIAN_POINT ( 'NONE',  ( 597.4999999998080966, 0.000000000000000000, -337.3768998705953663 ) ) ;
#885 = DIRECTION ( 'NONE',  ( 0.000000000000000000, -1.000000000000000000, 0.000000000000000000 ) ) ;
#886 = CARTESIAN_POINT ( 'NONE',  ( 73.99999999999992895, -3.174999999999999822, -474.5963023023023766 ) ) ;
#887 = EDGE_LOOP ( 'NONE', ( #3804, #465 ) ) ;
#888 = AXIS2_PLACEMENT_3D ( 'NONE', #4628, #4682, #4528 ) ;
#889 = VECTOR ( 'NONE', #6261, 1000.000000000000000 ) ;
#890 = EDGE_CURVE ( 'NONE', #1300, #4542, #182, .T. ) ;
#891 = ORIENTED_EDGE ( 'NONE', *, *, #2106, .T. ) ;
#892 = CYLINDRICAL_SURFACE ( 'NONE', #8898, 3.000000000000002665 ) ;
#893 = ORIENTED_EDGE ( 'NONE', *, *, #3061, .T. ) ;
#894 = FACE_OUTER_BOUND ( 'NONE', #5708, .T. ) ;
#895 = DIRECTION ( 'NONE',  ( 0.1971135719790628738, -0.000000000000000000, 0.9803806606322131856 ) ) ;
#896 = VECTOR ( 'NONE', #4680, 1000.000000000000000 ) ;
#897 = CARTESIAN_POINT ( 'NONE',  ( 558.9999999998080966, 0.000000000000000000, -281.5963023023024334 ) ) ;
#898 = CARTESIAN_POINT ( 'NONE',  ( 577.4999999998079829, 0.000000000000000000, -121.5963023023017797 ) ) ;
#899 = ORIENTED_EDGE ( 'NONE', *, *, #1227, .F. ) ;
#900 = VECTOR ( 'NONE', #79, 1000.000000000000000 ) ;
#901 = ORIENTED_EDGE ( 'NONE', *, *, #1406, .F. ) ;
#902 = DIRECTION ( 'NONE',  ( -3.700743415417185102E-14, 0.000000000000000000, 1.000000000000000000 ) ) ;
#903 = ORIENTED_EDGE ( 'NONE', *, *, #938, .T. ) ;
#904 = ORIENTED_EDGE ( 'NONE', *, *, #1673, .F. ) ;
#905 = FACE_OUTER_BOUND ( 'NONE', #1637, .T. ) ;
#906 = AXIS2_PLACEMENT_3D ( 'NONE', #9506, #1788, #1740 ) ;
#907 = EDGE_CURVE ( 'NONE', #2061, #2659, #277, .T. ) ;
#908 = CIRCLE ( 'NONE', #2177, 3.250000000000030642 ) ;
#909 = ORIENTED_EDGE ( 'NONE', *, *, #6285, .F. ) ;
#910 = ORIENTED_EDGE ( 'NONE', *, *, #6777, .T. ) ;
#911 = CARTESIAN_POINT ( 'NONE',  ( -514.4999999998082103, 0.000000000000000000, 171.4036976976978224 ) ) ;
#912 = DIRECTION ( 'NONE',  ( 0.000000000000000000, 0.000000000000000000, 1.000000000000000000 ) ) ;
#913 = AXIS2_PLACEMENT_3D ( 'NONE', #9015, #8868, #3592 ) ;
#914 = CARTESIAN_POINT ( 'NONE',  ( 485.9999999998082103, 0.000000000000000000, 168.4036976976977087 ) ) ;
#915 = EDGE_LOOP ( 'NONE', ( #596, #1927, #1889, #5177 ) ) ;
#916 = DIRECTION ( 'NONE',  ( -0.000000000000000000, 1.000000000000000000, -0.000000000000000000 ) ) ;
#917 = DIRECTION ( 'NONE',  ( 0.000000000000000000, 0.000000000000000000, 1.000000000000000000 ) ) ;
#918 = CARTESIAN_POINT ( 'NONE',  ( -488.9999999998082103, 0.000000000000000000, 132.9036976976976803 ) ) ;
#919 = CIRCLE ( 'NONE', #7155, 3.000000000000002665 ) ;
#920 = ORIENTED_EDGE ( 'NONE', *, *, #3607, .F. ) ;
#921 = CARTESIAN_POINT ( 'NONE',  ( -68.50000000000001421, -1.587499999999999467, -433.1382624107525885 ) ) ;
#922 = PLANE ( 'NONE',  #3616 ) ;
#923 = DIRECTION ( 'NONE',  ( 0.000000000000000000, 0.000000000000000000, 1.000000000000000000 ) ) ;
#924 = EDGE_CURVE ( 'NONE', #3441, #4648, #127, .T. ) ;
#925 = DIRECTION ( 'NONE',  ( 1.000000000000000000, 0.000000000000000000, 0.000000000000000000 ) ) ;
#926 = CARTESIAN_POINT ( 'NONE',  ( -97.00000000000001421, -3.174999999999999822, -436.0963023023023766 ) ) ;
#927 = EDGE_CURVE ( 'NONE', #9836, #6918, #5754, .T. ) ;
#928 = AXIS2_PLACEMENT_3D ( 'NONE', #740, #7552, #3741 ) ;
#929 = DIRECTION ( 'NONE',  ( 0.000000000000000000, -1.000000000000000000, 0.000000000000000000 ) ) ;
#930 = DIRECTION ( 'NONE',  ( 0.000000000000000000, -1.000000000000000000, 0.000000000000000000 ) ) ;
#931 = ORIENTED_EDGE ( 'NONE', *, *, #8310, .F. ) ;
#932 = CIRCLE ( 'NONE', #1567, 3.250000000000030642 ) ;
#933 = AXIS2_PLACEMENT_3D ( 'NONE', #4451, #5158, #7985 ) ;
#934 = ORIENTED_EDGE ( 'NONE', *, *, #6699, .T. ) ;
#935 = EDGE_CURVE ( 'NONE', #7860, #4380, #9298, .T. ) ;
#936 = DIRECTION ( 'NONE',  ( -0.000000000000000000, -1.000000000000000000, -0.000000000000000000 ) ) ;
#937 = DIRECTION ( 'NONE',  ( -0.000000000000000000, 1.000000000000000000, -0.000000000000000000 ) ) ;
#938 = EDGE_CURVE ( 'NONE', #6059, #8816, #2711, .T. ) ;
#939 = FACE_OUTER_BOUND ( 'NONE', #3951, .T. ) ;
#940 = CARTESIAN_POINT ( 'NONE',  ( -597.4999999998082103, -3.174999999999999822, 131.4036976976977655 ) ) ;
#941 = ORIENTED_EDGE ( 'NONE', *, *, #3735, .T. ) ;
#942 = CIRCLE ( 'NONE', #7263, 2.749999999999974687 ) ;
#943 = EDGE_LOOP ( 'NONE', ( #4552, #5603 ) ) ;
#944 = EDGE_CURVE ( 'NONE', #3220, #6577, #7082, .T. ) ;
#945 = CARTESIAN_POINT ( 'NONE',  ( 503.3220448643281770, 0.000000000000000000, -407.2296670491439272 ) ) ;
#946 = VERTEX_POINT ( 'NONE', #9393 ) ;
#947 = LINE ( 'NONE', #3097, #9822 ) ;
#948 = CARTESIAN_POINT ( 'NONE',  ( 259.9999999999997158, -3.174999999999999822, 132.9036976976976803 ) ) ;
#949 = AXIS2_PLACEMENT_3D ( 'NONE', #6027, #8436, #2218 ) ;
#950 = DIRECTION ( 'NONE',  ( 0.000000000000000000, 0.000000000000000000, -1.000000000000000000 ) ) ;
#951 = CARTESIAN_POINT ( 'NONE',  ( 577.4999999998080966, -3.174999999999999822, 171.4036976976977087 ) ) ;
#952 = VERTEX_POINT ( 'NONE', #2521 ) ;
#953 = EDGE_CURVE ( 'NONE', #6453, #2777, #5578, .T. ) ;
#954 = ORIENTED_EDGE ( 'NONE', *, *, #1392, .T. ) ;
#955 = AXIS2_PLACEMENT_3D ( 'NONE', #4023, #4064, #318 ) ;
#956 = EDGE_LOOP ( 'NONE', ( #6516, #4212, #7563, #6859 ) ) ;
#957 = ORIENTED_EDGE ( 'NONE', *, *, #2422, .T. ) ;
#958 = DIRECTION ( 'NONE',  ( 0.000000000000000000, 0.000000000000000000, -1.000000000000000000 ) ) ;
#959 = AXIS2_PLACEMENT_3D ( 'NONE', #228, #7784, #917 ) ;
#960 = VECTOR ( 'NONE', #2380, 1000.000000000000000 ) ;
#961 = ORIENTED_EDGE ( 'NONE', *, *, #4031, .T. ) ;
#962 = VECTOR ( 'NONE', #5501, 1000.000000000000000 ) ;
#963 = APPLICATION_PROTOCOL_DEFINITION ( 'draft international standard', 'automotive_design', 1998, #9827 ) ;
#964 = FACE_OUTER_BOUND ( 'NONE', #2094, .T. ) ;
#965 = CYLINDRICAL_SURFACE ( 'NONE', #955, 3.000000000000002665 ) ;
#966 = EDGE_CURVE ( 'NONE', #163, #2547, #6865, .T. ) ;
#967 = DIRECTION ( 'NONE',  ( 0.000000000000000000, 0.000000000000000000, 1.000000000000000000 ) ) ;
#968 = VERTEX_POINT ( 'NONE', #5626 ) ;
#969 = DIRECTION ( 'NONE',  ( 1.000000000000000000, 0.000000000000000000, 1.389466186326396811E-15 ) ) ;
#970 = CIRCLE ( 'NONE', #4806, 3.000000000000002665 ) ;
#971 = DIRECTION ( 'NONE',  ( 0.000000000000000000, 0.000000000000000000, 1.000000000000000000 ) ) ;
#972 = EDGE_CURVE ( 'NONE', #3443, #3307, #8147, .T. ) ;
#973 = CARTESIAN_POINT ( 'NONE',  ( 597.4999999998082103, -3.174999999999999822, 131.4036976976981634 ) ) ;
#974 = VECTOR ( 'NONE', #2761, 1000.000000000000000 ) ;
#975 = ORIENTED_EDGE ( 'NONE', *, *, #3835, .T. ) ;
#976 = DIRECTION ( 'NONE',  ( -0.000000000000000000, 1.000000000000000000, -0.000000000000000000 ) ) ;
#977 = EDGE_CURVE ( 'NONE', #5593, #7943, #9606, .T. ) ;
#978 = AXIS2_PLACEMENT_3D ( 'NONE', #7052, #5492, #4138 ) ;
#979 = LINE ( 'NONE', #4033, #8422 ) ;
#980 = DIRECTION ( 'NONE',  ( 0.9803806606322130746, 0.000000000000000000, -0.1971135719790633456 ) ) ;
#981 = FACE_OUTER_BOUND ( 'NONE', #4233, .T. ) ;
#982 = CARTESIAN_POINT ( 'NONE',  ( 247.9128298067071796, 0.000000000000000000, -461.6418202447978842 ) ) ;
#983 = AXIS2_PLACEMENT_3D ( 'NONE', #4234, #1141, #4708 ) ;
#984 = DIRECTION ( 'NONE',  ( 0.000000000000000000, 0.000000000000000000, 1.000000000000000000 ) ) ;
#985 = CYLINDRICAL_SURFACE ( 'NONE', #638, 10.00000000000000888 ) ;
#986 = EDGE_CURVE ( 'NONE', #4455, #6422, #6431, .T. ) ;
#987 = FACE_OUTER_BOUND ( 'NONE', #7453, .T. ) ;
#988 = EDGE_CURVE ( 'NONE', #5725, #6273, #3517, .T. ) ;
#989 = ORIENTED_EDGE ( 'NONE', *, *, #2848, .F. ) ;
#990 = AXIS2_PLACEMENT_3D ( 'NONE', #5073, #1315, #3669 ) ;
#991 = ORIENTED_EDGE ( 'NONE', *, *, #4022, .F. ) ;
#992 = CARTESIAN_POINT ( 'NONE',  ( 401.9999999999998295, 6.825000000000000178, -372.3463023023019787 ) ) ;
#993 = DIRECTION ( 'NONE',  ( 0.000000000000000000, 0.000000000000000000, 1.000000000000000000 ) ) ;
#994 = DIRECTION ( 'NONE',  ( -0.000000000000000000, 1.000000000000000000, -0.000000000000000000 ) ) ;
#995 = CARTESIAN_POINT ( 'NONE',  ( 145.4999999999998863, 6.825000000000000178, -420.3463023023022629 ) ) ;
#996 = ORIENTED_EDGE ( 'NONE', *, *, #2110, .F. ) ;
#997 = VECTOR ( 'NONE', #6283, 1000.000000000000000 ) ;
#998 = VECTOR ( 'NONE', #9032, 1000.000000000000000 ) ;
#999 = EDGE_CURVE ( 'NONE', #8523, #8445, #1958, .T. ) ;
#1000 = ORIENTED_EDGE ( 'NONE', *, *, #4195, .T. ) ;
#1001 = DIRECTION ( 'NONE',  ( -0.000000000000000000, 1.000000000000000000, -0.000000000000000000 ) ) ;
#1002 = VERTEX_POINT ( 'NONE', #5775 ) ;
#1003 = CARTESIAN_POINT ( 'NONE',  ( 597.4999999998080966, -3.174999999999999822, -374.9753774975062584 ) ) ;
#1004 = CARTESIAN_POINT ( 'NONE',  ( -100.0000000000000284, 0.000000000000000000, -374.9753774975062584 ) ) ;
#1005 = CARTESIAN_POINT ( 'NONE',  ( -74.00000000000002842, 0.000000000000000000, -474.5963023023023197 ) ) ;
#1006 = DIRECTION ( 'NONE',  ( 0.000000000000000000, -1.000000000000000000, 0.000000000000000000 ) ) ;
#1007 = EDGE_LOOP ( 'NONE', ( #8023, #8338, #4569, #5031 ) ) ;
#1008 = ORIENTED_EDGE ( 'NONE', *, *, #9102, .F. ) ;
#1009 = EDGE_CURVE ( 'NONE', #6726, #7616, #8125, .T. ) ;
#1010 = ORIENTED_EDGE ( 'NONE', *, *, #1672, .F. ) ;
#1011 = DIRECTION ( 'NONE',  ( 0.000000000000000000, 0.000000000000000000, 1.000000000000000000 ) ) ;
#1012 = EDGE_LOOP ( 'NONE', ( #3850, #1455, #2232, #4696 ) ) ;
#1013 = CARTESIAN_POINT ( 'NONE',  ( 250.2626310726666077, -3.174999999999999822, -461.1093375469640137 ) ) ;
#1014 = CARTESIAN_POINT ( 'NONE',  ( 62.99999999999991473, -3.174999999999999822, -471.5963023023023766 ) ) ;
#1015 = AXIS2_PLACEMENT_3D ( 'NONE', #3400, #3445, #4947 ) ;
#1016 = FACE_OUTER_BOUND ( 'NONE', #2511, .T. ) ;
#1017 = EDGE_LOOP ( 'NONE', ( #9564, #9615, #8294, #4095 ) ) ;
#1018 = LINE ( 'NONE', #7832, #7229 ) ;
#1019 = DIRECTION ( 'NONE',  ( 2.109170134115681738E-16, 0.000000000000000000, 1.000000000000000000 ) ) ;
#1020 = CIRCLE ( 'NONE', #6133, 3.000000000000002665 ) ;
#1021 = LINE ( 'NONE', #1671, #4943 ) ;
#1022 = EDGE_CURVE ( 'NONE', #6244, #1657, #9539, .T. ) ;
#1023 = ORIENTED_EDGE ( 'NONE', *, *, #6804, .T. ) ;
#1024 = CARTESIAN_POINT ( 'NONE',  ( 277.7132895703686017, 0.000000000000000000, -452.5901575315502328 ) ) ;
#1025 = CYLINDRICAL_SURFACE ( 'NONE', #2976, 3.000000000000002665 ) ;
#1026 = DIRECTION ( 'NONE',  ( 0.000000000000000000, 1.000000000000000000, 0.000000000000000000 ) ) ;
#1027 = CARTESIAN_POINT ( 'NONE',  ( -597.4999999998082103, 0.000000000000000000, -315.5963023023022629 ) ) ;
#1028 = ORIENTED_EDGE ( 'NONE', *, *, #28, .F. ) ;
#1029 = LINE ( 'NONE', #4079, #2002 ) ;
#1030 = CARTESIAN_POINT ( 'NONE',  ( 594.4999999998080966, 0.000000000000000000, -276.5963023023024334 ) ) ;
#1031 = CARTESIAN_POINT ( 'NONE',  ( 96.99999999999990052, -3.174999999999999822, -436.0963023023023766 ) ) ;
#1032 = EDGE_CURVE ( 'NONE', #273, #7904, #2663, .T. ) ;
#1033 = ORIENTED_EDGE ( 'NONE', *, *, #6323, .T. ) ;
#1034 = ORIENTED_EDGE ( 'NONE', *, *, #8513, .T. ) ;
#1035 = DIRECTION ( 'NONE',  ( 0.000000000000000000, 0.000000000000000000, 1.000000000000000000 ) ) ;
#1036 = DIRECTION ( 'NONE',  ( 0.000000000000000000, 0.000000000000000000, 1.000000000000000000 ) ) ;
#1037 = DIRECTION ( 'NONE',  ( 0.000000000000000000, 0.000000000000000000, 1.000000000000000000 ) ) ;
#1038 = DIRECTION ( 'NONE',  ( 0.000000000000000000, 0.000000000000000000, 1.000000000000000000 ) ) ;
#1039 = ORIENTED_EDGE ( 'NONE', *, *, #4188, .T. ) ;
#1040 = VECTOR ( 'NONE', #2077, 1000.000000000000000 ) ;
#1041 = ORIENTED_EDGE ( 'NONE', *, *, #93, .F. ) ;
#1042 = DIRECTION ( 'NONE',  ( 0.000000000000000000, 0.000000000000000000, 1.000000000000000000 ) ) ;
#1043 = ORIENTED_EDGE ( 'NONE', *, *, #5568, .T. ) ;
#1044 = CARTESIAN_POINT ( 'NONE',  ( 266.9291023034141404, 0.000000000000000000, -454.7584068233199446 ) ) ;
#1045 = CARTESIAN_POINT ( 'NONE',  ( -221.4321775711113389, -3.174999999999999822, -456.7658529379522179 ) ) ;
#1046 = FACE_OUTER_BOUND ( 'NONE', #2404, .T. ) ;
#1047 = LINE ( 'NONE', #358, #3631 ) ;
#1048 = ORIENTED_EDGE ( 'NONE', *, *, #3444, .F. ) ;
#1049 = CIRCLE ( 'NONE', #6328, 3.250000000000030642 ) ;
#1050 = VERTEX_POINT ( 'NONE', #9690 ) ;
#1051 = EDGE_CURVE ( 'NONE', #7211, #6086, #7321, .T. ) ;
#1052 = EDGE_CURVE ( 'NONE', #3828, #3296, #8732, .T. ) ;
#1053 = CIRCLE ( 'NONE', #7929, 3.000000000000002665 ) ;
#1054 = ORIENTED_EDGE ( 'NONE', *, *, #6565, .F. ) ;
#1055 = CARTESIAN_POINT ( 'NONE',  ( -581.4422714393892875, -3.174999999999999822, -394.5829907101505114 ) ) ;
#1056 = ORIENTED_EDGE ( 'NONE', *, *, #4464, .F. ) ;
#1057 = VECTOR ( 'NONE', #4495, 1000.000000000000000 ) ;
#1058 = CARTESIAN_POINT ( 'NONE',  ( 96.99999999999990052, -3.174999999999999822, -433.0963023023023766 ) ) ;
#1059 = DIRECTION ( 'NONE',  ( 0.000000000000000000, 0.000000000000000000, 1.000000000000000000 ) ) ;
#1060 = FACE_OUTER_BOUND ( 'NONE', #30, .T. ) ;
#1061 = ORIENTED_EDGE ( 'NONE', *, *, #3196, .F. ) ;
#1062 = LINE ( 'NONE', #6379, #367 ) ;
#1063 = CIRCLE ( 'NONE', #425, 3.000000000000002665 ) ;
#1064 = AXIS2_PLACEMENT_3D ( 'NONE', #8296, #6701, #4729 ) ;
#1065 = FACE_OUTER_BOUND ( 'NONE', #3217, .T. ) ;
#1066 = CARTESIAN_POINT ( 'NONE',  ( -169.5000000000000000, -3.174999999999999822, -420.3463023023023766 ) ) ;
#1067 = ADVANCED_FACE ( 'NONE', ( #5016 ), #7224, .F. ) ;
#1068 = ORIENTED_EDGE ( 'NONE', *, *, #1077, .F. ) ;
#1069 = EDGE_CURVE ( 'NONE', #2239, #2191, #3415, .T. ) ;
#1070 = DIRECTION ( 'NONE',  ( 0.000000000000000000, 0.000000000000000000, -1.000000000000000000 ) ) ;
#1071 = VECTOR ( 'NONE', #5609, 1000.000000000000000 ) ;
#1072 = DIRECTION ( 'NONE',  ( -0.000000000000000000, 1.000000000000000000, -0.000000000000000000 ) ) ;
#1073 = DIRECTION ( 'NONE',  ( 0.000000000000000000, -1.000000000000000000, 0.000000000000000000 ) ) ;
#1074 = CARTESIAN_POINT ( 'NONE',  ( 238.3631959642488027, 0.000000000000000000, -424.2913919544157579 ) ) ;
#1075 = ADVANCED_FACE ( 'NONE', ( #3369 ), #6628, .T. ) ;
#1076 = ORIENTED_EDGE ( 'NONE', *, *, #6116, .F. ) ;
#1077 = EDGE_CURVE ( 'NONE', #2054, #1300, #6111, .T. ) ;
#1078 = EDGE_CURVE ( 'NONE', #8504, #333, #8785, .T. ) ;
#1079 = LINE ( 'NONE', #7139, #9698 ) ;
#1080 = DIRECTION ( 'NONE',  ( -0.000000000000000000, 1.000000000000000000, -0.000000000000000000 ) ) ;
#1081 = VECTOR ( 'NONE', #6563, 999.9999999999998863 ) ;
#1082 = EDGE_CURVE ( 'NONE', #2403, #7649, #4164, .T. ) ;
#1083 = CARTESIAN_POINT ( 'NONE',  ( -500.3809028824317693, -3.174999999999999822, -407.8210077650809922 ) ) ;
#1084 = VECTOR ( 'NONE', #5899, 1000.000000000000000 ) ;
#1085 = ORIENTED_EDGE ( 'NONE', *, *, #3358, .F. ) ;
#1086 = ORIENTED_EDGE ( 'NONE', *, *, #3439, .F. ) ;
#1087 = DIRECTION ( 'NONE',  ( 0.000000000000000000, -1.000000000000000000, 0.000000000000000000 ) ) ;
#1088 = CARTESIAN_POINT ( 'NONE',  ( 577.4999999998079829, -3.174999999999999822, -70.34630230230182235 ) ) ;
#1089 = CIRCLE ( 'NONE', #9895, 10.00000000000000888 ) ;
#1090 = CARTESIAN_POINT ( 'NONE',  ( -145.5000000000000000, 0.000000000000000000, -417.0963023023023197 ) ) ;
#1091 = DIRECTION ( 'NONE',  ( 0.000000000000000000, -1.000000000000000000, 0.000000000000000000 ) ) ;
#1092 = ORIENTED_EDGE ( 'NONE', *, *, #6741, .F. ) ;
#1093 = CARTESIAN_POINT ( 'NONE',  ( 285.9999999999997726, -3.174999999999999822, 129.9036976976976803 ) ) ;
#1094 = VECTOR ( 'NONE', #6714, 1000.000000000000000 ) ;
#1095 = VECTOR ( 'NONE', #6838, 1000.000000000000000 ) ;
#1096 = ORIENTED_EDGE ( 'NONE', *, *, #5175, .F. ) ;
#1097 = FACE_OUTER_BOUND ( 'NONE', #8474, .T. ) ;
#1098 = ORIENTED_EDGE ( 'NONE', *, *, #2755, .F. ) ;
#1099 = CARTESIAN_POINT ( 'NONE',  ( 542.6512624207499584, 6.825000000000000178, -394.1603608065975664 ) ) ;
#1100 = DIRECTION ( 'NONE',  ( -0.000000000000000000, 1.000000000000000000, -0.000000000000000000 ) ) ;
#1101 = ADVANCED_FACE ( 'NONE', ( #1914 ), #469, .F. ) ;
#1102 = DIRECTION ( 'NONE',  ( -0.000000000000000000, 1.000000000000000000, 0.000000000000000000 ) ) ;
#1103 = DIRECTION ( 'NONE',  ( 0.000000000000000000, -1.000000000000000000, 0.000000000000000000 ) ) ;
#1104 = ORIENTED_EDGE ( 'NONE', *, *, #8170, .T. ) ;
#1105 = ORIENTED_EDGE ( 'NONE', *, *, #7646, .T. ) ;
#1106 = DIRECTION ( 'NONE',  ( 0.000000000000000000, 0.000000000000000000, -1.000000000000000000 ) ) ;
#1107 = ADVANCED_FACE ( 'NONE', ( #419 ), #8073, .F. ) ;
#1108 = ORIENTED_EDGE ( 'NONE', *, *, #1519, .F. ) ;
#1109 = ADVANCED_FACE ( 'NONE', ( #1065 ), #4120, .T. ) ;
#1110 = CIRCLE ( 'NONE', #9755, 3.000000000000002665 ) ;
#1111 = FACE_OUTER_BOUND ( 'NONE', #5045, .T. ) ;
#1112 = DIRECTION ( 'NONE',  ( -0.000000000000000000, 1.000000000000000000, -0.000000000000000000 ) ) ;
#1113 = CARTESIAN_POINT ( 'NONE',  ( 266.9291023034141404, -3.174999999999999822, -454.7584068233199446 ) ) ;
#1114 = ORIENTED_EDGE ( 'NONE', *, *, #7741, .F. ) ;
#1115 = CARTESIAN_POINT ( 'NONE',  ( -257.9999999999997158, 0.000000000000000000, 171.4036976976978508 ) ) ;
#1116 = AXIS2_PLACEMENT_3D ( 'NONE', #5477, #9349, #1019 ) ;
#1117 = CIRCLE ( 'NONE', #2562, 3.000000000000002665 ) ;
#1118 = DIRECTION ( 'NONE',  ( 0.000000000000000000, -1.000000000000000000, 0.000000000000000000 ) ) ;
#1119 = CARTESIAN_POINT ( 'NONE',  ( -517.4999999998082103, -3.174999999999999822, 132.9036976976976803 ) ) ;
#1120 = ADVANCED_FACE ( 'NONE', ( #2764 ), #6819, .F. ) ;
#1121 = ORIENTED_EDGE ( 'NONE', *, *, #1969, .T. ) ;
#1122 = DIRECTION ( 'NONE',  ( -0.000000000000000000, 1.000000000000000000, -0.000000000000000000 ) ) ;
#1123 = EDGE_CURVE ( 'NONE', #9883, #2200, #2861, .T. ) ;
#1124 = LINE ( 'NONE', #8597, #6820 ) ;
#1125 = CARTESIAN_POINT ( 'NONE',  ( 191.0092538959338242, 6.825000000000000178, -432.2822724184622984 ) ) ;
#1126 = VECTOR ( 'NONE', #402, 1000.000000000000000 ) ;
#1127 = PLANE ( 'NONE',  #1459 ) ;
#1128 = ORIENTED_EDGE ( 'NONE', *, *, #3916, .F. ) ;
#1129 = CARTESIAN_POINT ( 'NONE',  ( 347.9999999999994316, -3.174999999999999822, 109.1536976976980355 ) ) ;
#1130 = ADVANCED_FACE ( 'NONE', ( #8984 ), #2914, .F. ) ;
#1131 = FACE_OUTER_BOUND ( 'NONE', #4524, .T. ) ;
#1132 = AXIS2_PLACEMENT_3D ( 'NONE', #6096, #9162, #45 ) ;
#1133 = ORIENTED_EDGE ( 'NONE', *, *, #458, .F. ) ;
#1134 = EDGE_LOOP ( 'NONE', ( #2056, #293, #5924, #7106 ) ) ;
#1135 = AXIS2_PLACEMENT_3D ( 'NONE', #5960, #5914, #2149 ) ;
#1136 = DIRECTION ( 'NONE',  ( 0.000000000000000000, -1.000000000000000000, 0.000000000000000000 ) ) ;
#1137 = CARTESIAN_POINT ( 'NONE',  ( 500.9722435983686637, 0.000000000000000000, -410.7621497469776841 ) ) ;
#1138 = CARTESIAN_POINT ( 'NONE',  ( -254.9999999999996589, -3.174999999999999822, 168.4036976976977655 ) ) ;
#1139 = CARTESIAN_POINT ( 'NONE',  ( 490.9999999998082103, -3.174999999999999822, 168.4036976976977087 ) ) ;
#1140 = ORIENTED_EDGE ( 'NONE', *, *, #679, .T. ) ;
#1141 = DIRECTION ( 'NONE',  ( 0.000000000000000000, -1.000000000000000000, 0.000000000000000000 ) ) ;
#1142 = EDGE_LOOP ( 'NONE', ( #1550, #86, #2436, #3452 ) ) ;
#1143 = AXIS2_PLACEMENT_3D ( 'NONE', #3883, #2479, #2276 ) ;
#1144 = ORIENTED_EDGE ( 'NONE', *, *, #3093, .T. ) ;
#1145 = ADVANCED_FACE ( 'NONE', ( #9792 ), #6676, .F. ) ;
#1146 = DIRECTION ( 'NONE',  ( -0.000000000000000000, 1.000000000000000000, 0.000000000000000000 ) ) ;
#1147 = VERTEX_POINT ( 'NONE', #5164 ) ;
#1148 = DIRECTION ( 'NONE',  ( 2.109170134115681985E-16, 0.000000000000000000, 1.000000000000000000 ) ) ;
#1149 = CYLINDRICAL_SURFACE ( 'NONE', #8004, 2.749999999999974687 ) ;
#1150 = LINE ( 'NONE', #5757, #3162 ) ;
#1151 = LINE ( 'NONE', #2646, #6680 ) ;
#1152 = AXIS2_PLACEMENT_3D ( 'NONE', #6534, #2477, #8599 ) ;
#1153 = ORIENTED_EDGE ( 'NONE', *, *, #4479, .F. ) ;
#1154 = ORIENTED_EDGE ( 'NONE', *, *, #3232, .F. ) ;
#1155 = AXIS2_PLACEMENT_3D ( 'NONE', #113, #4017, #63 ) ;
#1156 = DIRECTION ( 'NONE',  ( 0.9803806606322130746, 0.000000000000000000, -0.1971135719790633456 ) ) ;
#1157 = ADVANCED_FACE ( 'NONE', ( #9838 ), #2958, .F. ) ;
#1158 = VERTEX_POINT ( 'NONE', #5317 ) ;
#1159 = EDGE_CURVE ( 'NONE', #3443, #2870, #6015, .T. ) ;
#1160 = DIRECTION ( 'NONE',  ( 0.000000000000000000, -1.000000000000000000, -0.000000000000000000 ) ) ;
#1161 = LINE ( 'NONE', #6522, #5108 ) ;
#1162 = DIRECTION ( 'NONE',  ( 0.000000000000000000, 0.000000000000000000, 1.000000000000000000 ) ) ;
#1163 = ORIENTED_EDGE ( 'NONE', *, *, #5576, .F. ) ;
#1164 = VERTEX_POINT ( 'NONE', #9083 ) ;
#1165 = DIRECTION ( 'NONE',  ( -7.209240419646269740E-17, 0.000000000000000000, -1.000000000000000000 ) ) ;
#1166 = CARTESIAN_POINT ( 'NONE',  ( 202.9974066286778793, -3.174999999999999822, -470.6724344287448503 ) ) ;
#1167 = AXIS2_PLACEMENT_3D ( 'NONE', #355, #7865, #1942 ) ;
#1168 = ORIENTED_EDGE ( 'NONE', *, *, #6274, .T. ) ;
#1169 = DIRECTION ( 'NONE',  ( 1.000000000000000000, 0.000000000000000000, -0.000000000000000000 ) ) ;
#1170 = EDGE_CURVE ( 'NONE', #2538, #7193, #7548, .T. ) ;
#1171 = CARTESIAN_POINT ( 'NONE',  ( 93.99999999999985789, 0.000000000000000000, -471.5963023023023766 ) ) ;
#1172 = DIRECTION ( 'NONE',  ( -0.000000000000000000, 1.000000000000000000, -0.000000000000000000 ) ) ;
#1173 = EDGE_LOOP ( 'NONE', ( #1939, #8371, #1891, #2420 ) ) ;
#1174 = ADVANCED_FACE ( 'NONE', ( #3715 ), #7519, .F. ) ;
#1175 = AXIS2_PLACEMENT_3D ( 'NONE', #6360, #256, #3301 ) ;
#1176 = EDGE_CURVE ( 'NONE', #3148, #9724, #7390, .T. ) ;
#1177 = LINE ( 'NONE', #3424, #7992 ) ;
#1178 = DIRECTION ( 'NONE',  ( -0.000000000000000000, 1.000000000000000000, 0.000000000000000000 ) ) ;
#1179 = ORIENTED_EDGE ( 'NONE', *, *, #938, .F. ) ;
#1180 = ORIENTED_EDGE ( 'NONE', *, *, #8827, .T. ) ;
#1181 = CARTESIAN_POINT ( 'NONE',  ( -71.00000000000002842, -3.174999999999999822, -474.5963023023023197 ) ) ;
#1182 = CARTESIAN_POINT ( 'NONE',  ( 163.5995066845797226, -3.174999999999999822, -450.0775332806430811 ) ) ;
#1183 = DIRECTION ( 'NONE',  ( 0.000000000000000000, -1.000000000000000000, 0.000000000000000000 ) ) ;
#1184 = DIRECTION ( 'NONE',  ( -0.000000000000000000, 1.000000000000000000, -0.000000000000000000 ) ) ;
#1185 = ORIENTED_EDGE ( 'NONE', *, *, #6382, .T. ) ;
#1186 = CARTESIAN_POINT ( 'NONE',  ( 519.4999999998080966, 0.000000000000000000, 168.4036976976976518 ) ) ;
#1187 = ORIENTED_EDGE ( 'NONE', *, *, #176, .T. ) ;
#1188 = AXIS2_PLACEMENT_3D ( 'NONE', #3044, #2625, #7191 ) ;
#1189 = EDGE_LOOP ( 'NONE', ( #8880, #8221, #7963, #1709 ) ) ;
#1190 = DIRECTION ( 'NONE',  ( -0.000000000000000000, 1.000000000000000000, -0.000000000000000000 ) ) ;
#1191 = ORIENTED_EDGE ( 'NONE', *, *, #2103, .T. ) ;
#1192 = DIRECTION ( 'NONE',  ( 0.000000000000000000, 0.000000000000000000, -1.000000000000000000 ) ) ;
#1193 = CARTESIAN_POINT ( 'NONE',  ( -594.4999999998082103, -3.174999999999999822, -276.5963023023022629 ) ) ;
#1194 = CARTESIAN_POINT ( 'NONE',  ( 462.5013802672600036, 0.000000000000000000, -379.2265718299780701 ) ) ;
#1195 = DIRECTION ( 'NONE',  ( 0.000000000000000000, -1.000000000000000000, 0.000000000000000000 ) ) ;
#1196 = VERTEX_POINT ( 'NONE', #6115 ) ;
#1197 = ADVANCED_FACE ( 'NONE', ( #3760 ), #713, .F. ) ;
#1198 = ORIENTED_EDGE ( 'NONE', *, *, #3468, .F. ) ;
#1199 = CARTESIAN_POINT ( 'NONE',  ( 594.4999999998080966, 0.000000000000000000, -279.5963023023024334 ) ) ;
#1200 = EDGE_LOOP ( 'NONE', ( #1653, #7025, #2332, #8467 ) ) ;
#1201 = VECTOR ( 'NONE', #8893, 1000.000000000000000 ) ;
#1202 = LINE ( 'NONE', #4908, #8786 ) ;
#1203 = CARTESIAN_POINT ( 'NONE',  ( 221.4321775711112821, 0.000000000000000000, -456.7658529379522747 ) ) ;
#1204 = AXIS2_PLACEMENT_3D ( 'NONE', #299, #4231, #9508 ) ;
#1205 = VECTOR ( 'NONE', #1393, 1000.000000000000000 ) ;
#1206 = ORIENTED_EDGE ( 'NONE', *, *, #4821, .F. ) ;
#1207 = PLANE ( 'NONE',  #1612 ) ;
#1208 = EDGE_LOOP ( 'NONE', ( #1518, #609, #3298, #5458 ) ) ;
#1209 = EDGE_LOOP ( 'NONE', ( #2466, #6384, #8560, #2683 ) ) ;
#1210 = EDGE_CURVE ( 'NONE', #6163, #9381, #4989, .T. ) ;
#1211 = CARTESIAN_POINT ( 'NONE',  ( -493.9999999998082103, 0.000000000000000000, 168.4036976976977655 ) ) ;
#1212 = DIRECTION ( 'NONE',  ( -0.000000000000000000, -1.000000000000000000, -0.000000000000000000 ) ) ;
#1213 = AXIS2_PLACEMENT_3D ( 'NONE', #2375, #5188, #9303 ) ;
#1214 = ORIENTED_EDGE ( 'NONE', *, *, #4165, .T. ) ;
#1215 = CARTESIAN_POINT ( 'NONE',  ( 556.0419601082581949, -3.174999999999999822, -310.0963023023024334 ) ) ;
#1216 = DIRECTION ( 'NONE',  ( -0.000000000000000000, -1.000000000000000000, -0.000000000000000000 ) ) ;
#1217 = AXIS2_PLACEMENT_3D ( 'NONE', #5032, #6131, #727 ) ;
#1218 = CARTESIAN_POINT ( 'NONE',  ( -500.3809028824317693, 0.000000000000000000, -407.8210077650809922 ) ) ;
#1219 = ORIENTED_EDGE ( 'NONE', *, *, #1367, .T. ) ;
#1220 = VECTOR ( 'NONE', #5940, 1000.000000000000000 ) ;
#1221 = CARTESIAN_POINT ( 'NONE',  ( -259.9999999999997158, 0.000000000000000000, 132.9036976976976803 ) ) ;
#1222 = CARTESIAN_POINT ( 'NONE',  ( 519.4999999998082103, -3.174999999999999822, 168.4036976976977087 ) ) ;
#1223 = DIRECTION ( 'NONE',  ( -0.000000000000000000, 1.000000000000000000, -0.000000000000000000 ) ) ;
#1224 = CIRCLE ( 'NONE', #2509, 3.000000000000002665 ) ;
#1225 = EDGE_LOOP ( 'NONE', ( #5790, #4198, #3839, #5782 ) ) ;
#1226 = AXIS2_PLACEMENT_3D ( 'NONE', #5259, #2952, #2907 ) ;
#1227 = EDGE_CURVE ( 'NONE', #1377, #2912, #3815, .T. ) ;
#1228 = ORIENTED_EDGE ( 'NONE', *, *, #7787, .F. ) ;
#1229 = FACE_BOUND ( 'NONE', #9136, .T. ) ;
#1230 = FACE_OUTER_BOUND ( 'NONE', #5552, .T. ) ;
#1231 = DIRECTION ( 'NONE',  ( 2.109170134115681985E-16, 0.000000000000000000, 1.000000000000000000 ) ) ;
#1232 = DIRECTION ( 'NONE',  ( 0.000000000000000000, -1.000000000000000000, 0.000000000000000000 ) ) ;
#1233 = AXIS2_PLACEMENT_3D ( 'NONE', #9478, #2601, #8717 ) ;
#1234 = ORIENTED_EDGE ( 'NONE', *, *, #8357, .T. ) ;
#1235 = FACE_OUTER_BOUND ( 'NONE', #2934, .T. ) ;
#1236 = ORIENTED_EDGE ( 'NONE', *, *, #9775, .T. ) ;
#1237 = ORIENTED_EDGE ( 'NONE', *, *, #9213, .F. ) ;
#1238 = VECTOR ( 'NONE', #5796, 1000.000000000000000 ) ;
#1239 = DIRECTION ( 'NONE',  ( 0.000000000000000000, -1.000000000000000000, 0.000000000000000000 ) ) ;
#1240 = ORIENTED_EDGE ( 'NONE', *, *, #4336, .T. ) ;
#1241 = ADVANCED_FACE ( 'NONE', ( #6863 ), #14, .F. ) ;
#1242 = LINE ( 'NONE', #1639, #5815 ) ;
#1243 = DIRECTION ( 'NONE',  ( 0.000000000000000000, 0.000000000000000000, -1.000000000000000000 ) ) ;
#1244 = CARTESIAN_POINT ( 'NONE',  ( -265.9999999999997158, 0.000000000000000000, 168.4036976976977655 ) ) ;
#1245 = CARTESIAN_POINT ( 'NONE',  ( 503.9133855802652988, 0.000000000000000000, -410.1708090310405623 ) ) ;
#1246 = ORIENTED_EDGE ( 'NONE', *, *, #8408, .F. ) ;
#1247 = AXIS2_PLACEMENT_3D ( 'NONE', #1822, #1026, #923 ) ;
#1248 = VERTEX_POINT ( 'NONE', #4359 ) ;
#1249 = DIRECTION ( 'NONE',  ( -1.850371707708592551E-14, 0.000000000000000000, 1.000000000000000000 ) ) ;
#1250 = ADVANCED_FACE ( 'NONE', ( #9740 ), #4405, .F. ) ;
#1251 = EDGE_CURVE ( 'NONE', #6229, #7565, #6727, .T. ) ;
#1252 = ORIENTED_EDGE ( 'NONE', *, *, #2083, .T. ) ;
#1254 = EDGE_CURVE ( 'NONE', #7860, #5342, #7078, .T. ) ;
#1253 = DIRECTION ( 'NONE',  ( 1.000000000000000000, 0.000000000000000000, -0.000000000000000000 ) ) ;
#1255 = LINE ( 'NONE', #5157, #9920 ) ;
#1256 = CIRCLE ( 'NONE', #8623, 3.000000000000002665 ) ;
#1257 = ORIENTED_EDGE ( 'NONE', *, *, #343, .T. ) ;
#1258 = DIRECTION ( 'NONE',  ( -0.000000000000000000, 1.000000000000000000, -0.000000000000000000 ) ) ;
#1259 = ORIENTED_EDGE ( 'NONE', *, *, #4217, .F. ) ;
#1260 = ORIENTED_EDGE ( 'NONE', *, *, #7739, .T. ) ;
#1261 = CARTESIAN_POINT ( 'NONE',  ( 577.4999999998080966, -3.174999999999999822, 171.4036976976977087 ) ) ;
#1262 = CIRCLE ( 'NONE', #7826, 3.000000000000002665 ) ;
#1263 = DIRECTION ( 'NONE',  ( -0.000000000000000000, 1.000000000000000000, -0.000000000000000000 ) ) ;
#1264 = VERTEX_POINT ( 'NONE', #7016 ) ;
#1265 = ADVANCED_FACE ( 'NONE', ( #905 ), #3163, .F. ) ;
#1266 = DIRECTION ( 'NONE',  ( 0.000000000000000000, 0.000000000000000000, -1.000000000000000000 ) ) ;
#1267 = LINE ( 'NONE', #3524, #9150 ) ;
#1268 = ORIENTED_EDGE ( 'NONE', *, *, #2028, .T. ) ;
#1269 = FACE_OUTER_BOUND ( 'NONE', #2549, .T. ) ;
#1270 = EDGE_CURVE ( 'NONE', #2883, #4602, #6441, .T. ) ;
#1271 = FACE_OUTER_BOUND ( 'NONE', #7637, .T. ) ;
#1272 = DIRECTION ( 'NONE',  ( 0.000000000000000000, 0.000000000000000000, 1.000000000000000000 ) ) ;
#1273 = EDGE_CURVE ( 'NONE', #6957, #839, #3241, .T. ) ;
#1274 = VECTOR ( 'NONE', #9892, 1000.000000000000000 ) ;
#1275 = VERTEX_POINT ( 'NONE', #6162 ) ;
#1276 = ORIENTED_EDGE ( 'NONE', *, *, #4377, .T. ) ;
#1277 = CIRCLE ( 'NONE', #7202, 3.000000000000002665 ) ;
#1278 = CARTESIAN_POINT ( 'NONE',  ( -264.7405943225547844, -3.174999999999999822, -415.9707636219374081 ) ) ;
#1279 = DIRECTION ( 'NONE',  ( 0.000000000000000000, 0.000000000000000000, 1.000000000000000000 ) ) ;
#1280 = DIRECTION ( 'NONE',  ( 0.000000000000000000, -1.000000000000000000, 0.000000000000000000 ) ) ;
#1281 = CARTESIAN_POINT ( 'NONE',  ( 594.4999999998083240, 0.000000000000000000, 112.9036976976977513 ) ) ;
#1282 = ORIENTED_EDGE ( 'NONE', *, *, #3632, .F. ) ;
#1283 = DIRECTION ( 'NONE',  ( 0.9803806606322130746, 0.000000000000000000, 0.1971135719790632346 ) ) ;
#1284 = EDGE_LOOP ( 'NONE', ( #3754, #3084, #7808, #590 ) ) ;
#1285 = ADVANCED_FACE ( 'NONE', ( #6220 ), #2303, .T. ) ;
#1286 = AXIS2_PLACEMENT_3D ( 'NONE', #580, #6642, #6546 ) ;
#1287 = ORIENTED_EDGE ( 'NONE', *, *, #2550, .F. ) ;
#1288 = VECTOR ( 'NONE', #8681, 1000.000000000000000 ) ;
#1289 = CARTESIAN_POINT ( 'NONE',  ( -552.4999999998080966, -3.174999999999999822, 156.4036976976978792 ) ) ;
#1290 = ORIENTED_EDGE ( 'NONE', *, *, #9224, .F. ) ;
#1291 = DIRECTION ( 'NONE',  ( 0.000000000000000000, 0.000000000000000000, 1.000000000000000000 ) ) ;
#1292 = DIRECTION ( 'NONE',  ( -0.003233228736870128600, 0.000000000000000000, -0.9999947731023072217 ) ) ;
#1293 = CARTESIAN_POINT ( 'NONE',  ( -492.5378575973738293, 0.000000000000000000, -409.3979163409134685 ) ) ;
#1294 = DIRECTION ( 'NONE',  ( -1.000000000000000000, 0.000000000000000000, 2.109170134115681738E-16 ) ) ;
#1295 = ORIENTED_EDGE ( 'NONE', *, *, #4559, .F. ) ;
#1296 = VECTOR ( 'NONE', #7440, 1000.000000000000000 ) ;
#1297 = FACE_OUTER_BOUND ( 'NONE', #5247, .T. ) ;
#1298 = EDGE_CURVE ( 'NONE', #1840, #6500, #9384, .T. ) ;
#1299 = DIRECTION ( 'NONE',  ( -0.000000000000000000, -1.000000000000000000, -0.000000000000000000 ) ) ;
#1300 = VERTEX_POINT ( 'NONE', #5364 ) ;
#1301 = VECTOR ( 'NONE', #6123, 1000.000000000000000 ) ;
#1302 = DIRECTION ( 'NONE',  ( 0.000000000000000000, 0.000000000000000000, 1.000000000000000000 ) ) ;
#1303 = DIRECTION ( 'NONE',  ( 0.1971135719790638452, -0.000000000000000000, -0.9803806606322129635 ) ) ;
#1304 = FACE_OUTER_BOUND ( 'NONE', #245, .T. ) ;
#1305 = EDGE_CURVE ( 'NONE', #6508, #704, #7662, .T. ) ;
#1306 = EDGE_LOOP ( 'NONE', ( #5714, #7610 ) ) ;
#1307 = CARTESIAN_POINT ( 'NONE',  ( -558.9999999998083240, 0.000000000000000000, -310.5963023023023197 ) ) ;
#1308 = VERTEX_POINT ( 'NONE', #1556 ) ;
#1309 = ORIENTED_EDGE ( 'NONE', *, *, #717, .F. ) ;
#1310 = DIRECTION ( 'NONE',  ( -0.1971135719790623186, 0.000000000000000000, -0.9803806606322131856 ) ) ;
#1311 = CARTESIAN_POINT ( 'NONE',  ( 265.9999999999997158, -3.174999999999999822, 168.4036976976977371 ) ) ;
#1312 = VECTOR ( 'NONE', #3218, 1000.000000000000000 ) ;
#1313 = EDGE_LOOP ( 'NONE', ( #1707, #4216, #7091, #1513 ) ) ;
#1314 = CARTESIAN_POINT ( 'NONE',  ( 250.2626310726666077, -3.174999999999999822, -458.1093375469640137 ) ) ;
#1315 = DIRECTION ( 'NONE',  ( 0.000000000000000000, 0.000000000000000000, -1.000000000000000000 ) ) ;
#1316 = ORIENTED_EDGE ( 'NONE', *, *, #2945, .F. ) ;
#1317 = DIRECTION ( 'NONE',  ( 0.000000000000000000, 0.000000000000000000, -1.000000000000000000 ) ) ;
#1318 = CARTESIAN_POINT ( 'NONE',  ( 73.99999999999992895, 0.000000000000000000, -474.5963023023023766 ) ) ;
#1319 = EDGE_CURVE ( 'NONE', #9022, #2374, #7072, .T. ) ;
#1320 = CYLINDRICAL_SURFACE ( 'NONE', #9684, 3.000000000000002665 ) ;
#1321 = VERTEX_POINT ( 'NONE', #5567 ) ;
#1322 = ORIENTED_EDGE ( 'NONE', *, *, #4860, .F. ) ;
#1323 = CARTESIAN_POINT ( 'NONE',  ( 587.4999999998082103, 6.825000000000000178, 141.4036976976982203 ) ) ;
#1324 = CARTESIAN_POINT ( 'NONE',  ( -594.4999999998082103, -3.174999999999999822, 109.9036976976977229 ) ) ;
#1325 = AXIS2_PLACEMENT_3D ( 'NONE', #7004, #8412, #7601 ) ;
#1326 = DIRECTION ( 'NONE',  ( 0.000000000000000000, 0.000000000000000000, 1.000000000000000000 ) ) ;
#1327 = CARTESIAN_POINT ( 'NONE',  ( -145.5000000000000000, -3.174999999999999822, -417.0963023023023197 ) ) ;
#1328 = ORIENTED_EDGE ( 'NONE', *, *, #1078, .T. ) ;
#1329 = DIRECTION ( 'NONE',  ( -1.000000000000000000, 0.000000000000000000, 0.000000000000000000 ) ) ;
#1330 = VERTEX_POINT ( 'NONE', #809 ) ;
#1331 = EDGE_CURVE ( 'NONE', #2996, #6064, #8839, .T. ) ;
#1332 = VERTEX_POINT ( 'NONE', #3862 ) ;
#1333 = CARTESIAN_POINT ( 'NONE',  ( 65.99999999999994316, 0.000000000000000000, -471.5963023023023766 ) ) ;
#1334 = ORIENTED_EDGE ( 'NONE', *, *, #9638, .F. ) ;
#1335 = LINE ( 'NONE', #8203, #4058 ) ;
#1336 = CARTESIAN_POINT ( 'NONE',  ( -91.00000000000001421, -3.174999999999999822, -474.5963023023023197 ) ) ;
#1337 = DIRECTION ( 'NONE',  ( -0.000000000000000000, 1.000000000000000000, -0.000000000000000000 ) ) ;
#1338 = CARTESIAN_POINT ( 'NONE',  ( 556.0419601082581949, 0.000000000000000000, -282.0963023023024334 ) ) ;
#1339 = ORIENTED_EDGE ( 'NONE', *, *, #8709, .F. ) ;
#1340 = EDGE_LOOP ( 'NONE', ( #2671, #9710, #7837, #485 ) ) ;
#1341 = CARTESIAN_POINT ( 'NONE',  ( 221.4321775711112821, 0.000000000000000000, -466.7658529379523316 ) ) ;
#1342 = ORIENTED_EDGE ( 'NONE', *, *, #7854, .T. ) ;
#1343 = CARTESIAN_POINT ( 'NONE',  ( -237.3828153036167237, 0.000000000000000000, -424.4885055263947038 ) ) ;
#1344 = CARTESIAN_POINT ( 'NONE',  ( -522.4999999998082103, 0.000000000000000000, 168.4036976976977655 ) ) ;
#1345 = ADVANCED_FACE ( 'NONE', ( #3267 ), #2459, .F. ) ;
#1346 = ADVANCED_FACE ( 'NONE', ( #3107 ), #5509, .F. ) ;
#1347 = CARTESIAN_POINT ( 'NONE',  ( 558.9999999998080966, -3.174999999999999822, 117.9036976976977371 ) ) ;
#1348 = ORIENTED_EDGE ( 'NONE', *, *, #2515, .T. ) ;
#1349 = CARTESIAN_POINT ( 'NONE',  ( 594.4999999998082103, 0.000000000000000000, 120.9036976976977371 ) ) ;
#1350 = ORIENTED_EDGE ( 'NONE', *, *, #1734, .T. ) ;
#1351 = ORIENTED_EDGE ( 'NONE', *, *, #1984, .F. ) ;
#1352 = CARTESIAN_POINT ( 'NONE',  ( -558.9999999998083240, 0.000000000000000000, 87.90369769769773711 ) ) ;
#1353 = LINE ( 'NONE', #8874, #7654 ) ;
#1354 = AXIS2_PLACEMENT_3D ( 'NONE', #8855, #8045, #344 ) ;
#1355 = ORIENTED_EDGE ( 'NONE', *, *, #375, .T. ) ;
#1356 = VECTOR ( 'NONE', #4063, 1000.000000000000000 ) ;
#1357 = CYLINDRICAL_SURFACE ( 'NONE', #4572, 2.749999999999974687 ) ;
#1358 = ADVANCED_FACE ( 'NONE', ( #4661 ), #8575, .F. ) ;
#1359 = DIRECTION ( 'NONE',  ( 0.000000000000000000, -1.000000000000000000, 0.000000000000000000 ) ) ;
#1360 = VERTEX_POINT ( 'NONE', #7714 ) ;
#1361 = CIRCLE ( 'NONE', #888, 3.000000000000002665 ) ;
#1362 = CARTESIAN_POINT ( 'NONE',  ( -552.4999999998080966, 6.825000000000000178, 156.4036976976978792 ) ) ;
#1363 = AXIS2_PLACEMENT_3D ( 'NONE', #703, #7599, #748 ) ;
#1364 = CARTESIAN_POINT ( 'NONE',  ( 558.9999999998080966, -3.174999999999999822, -284.5963023023024334 ) ) ;
#1365 = EDGE_CURVE ( 'NONE', #2883, #6440, #2507, .T. ) ;
#1366 = CARTESIAN_POINT ( 'NONE',  ( -290.9999999999997726, -3.174999999999999822, 132.9036976976977087 ) ) ;
#1367 = EDGE_CURVE ( 'NONE', #7066, #8692, #8528, .T. ) ;
#1368 = EDGE_LOOP ( 'NONE', ( #3159, #9006 ) ) ;
#1369 = ORIENTED_EDGE ( 'NONE', *, *, #6370, .T. ) ;
#1370 = EDGE_CURVE ( 'NONE', #4934, #968, #613, .T. ) ;
#1371 = CIRCLE ( 'NONE', #9549, 3.000000000000002665 ) ;
#1372 = DIRECTION ( 'NONE',  ( -0.000000000000000000, 1.000000000000000000, -0.000000000000000000 ) ) ;
#1373 = CARTESIAN_POINT ( 'NONE',  ( -514.4999999998082103, -3.174999999999999822, 171.4036976976978224 ) ) ;
#1374 = ADVANCED_FACE ( 'NONE', ( #8722 ), #7213, .F. ) ;
#1375 = CARTESIAN_POINT ( 'NONE',  ( -597.4999999998082103, -3.174999999999999822, 109.9036976976977229 ) ) ;
#1376 = LINE ( 'NONE', #392, #9088 ) ;
#1377 = VERTEX_POINT ( 'NONE', #1951 ) ;
#1378 = LINE ( 'NONE', #8956, #1296 ) ;
#1379 = AXIS2_PLACEMENT_3D ( 'NONE', #7100, #5642, #247 ) ;
#1380 = CIRCLE ( 'NONE', #6017, 3.000000000000002665 ) ;
#1381 = ORIENTED_EDGE ( 'NONE', *, *, #3865, .T. ) ;
#1382 = LINE ( 'NONE', #3234, #1706 ) ;
#1383 = VERTEX_POINT ( 'NONE', #3407 ) ;
#1384 = CARTESIAN_POINT ( 'NONE',  ( -348.0000000000000000, -3.174999999999999822, -366.8463023023023766 ) ) ;
#1385 = CARTESIAN_POINT ( 'NONE',  ( -66.00000000000001421, 0.000000000000000000, -433.0963023023023766 ) ) ;
#1386 = CARTESIAN_POINT ( 'NONE',  ( -348.0000000000000000, 0.000000000000000000, -369.5963023023023197 ) ) ;
#1387 = CARTESIAN_POINT ( 'NONE',  ( 597.4999999998080966, -3.174999999999999822, -374.9753774975062584 ) ) ;
#1388 = CIRCLE ( 'NONE', #5866, 3.000000000000002665 ) ;
#1389 = ORIENTED_EDGE ( 'NONE', *, *, #7974, .T. ) ;
#1390 = CARTESIAN_POINT ( 'NONE',  ( 594.4999999998080966, -3.174999999999999822, -307.5963023023024334 ) ) ;
#1391 = ORIENTED_EDGE ( 'NONE', *, *, #7116, .T. ) ;
#1392 = EDGE_CURVE ( 'NONE', #9028, #6959, #7009, .T. ) ;
#1393 = DIRECTION ( 'NONE',  ( 0.000000000000000000, 0.000000000000000000, -1.000000000000000000 ) ) ;
#1394 = ORIENTED_EDGE ( 'NONE', *, *, #890, .T. ) ;
#1395 = DIRECTION ( 'NONE',  ( 0.000000000000000000, 0.000000000000000000, 1.000000000000000000 ) ) ;
#1396 = CARTESIAN_POINT ( 'NONE',  ( -66.00000000000001421, 0.000000000000000000, -471.5963023023023197 ) ) ;
#1397 = DIRECTION ( 'NONE',  ( 0.000000000000000000, 0.000000000000000000, 1.000000000000000000 ) ) ;
#1398 = DIRECTION ( 'NONE',  ( 0.000000000000000000, 0.000000000000000000, 1.000000000000000000 ) ) ;
#1399 = AXIS2_PLACEMENT_3D ( 'NONE', #4090, #250, #1038 ) ;
#1400 = EDGE_LOOP ( 'NONE', ( #3348, #8553, #5263, #1328 ) ) ;
#1401 = DIRECTION ( 'NONE',  ( -0.9803806606322131856, -0.000000000000000000, 0.1971135719790628738 ) ) ;
#1402 = ORIENTED_EDGE ( 'NONE', *, *, #6480, .T. ) ;
#1403 = ADVANCED_FACE ( 'NONE', ( #8871 ), #4957, .T. ) ;
#1404 = ORIENTED_EDGE ( 'NONE', *, *, #7412, .T. ) ;
#1405 = DIRECTION ( 'NONE',  ( -0.000000000000000000, -1.000000000000000000, -0.000000000000000000 ) ) ;
#1406 = EDGE_CURVE ( 'NONE', #6640, #2129, #9583, .T. ) ;
#1407 = VECTOR ( 'NONE', #5616, 1000.000000000000227 ) ;
#1408 = VECTOR ( 'NONE', #6240, 1000.000000000000000 ) ;
#1409 = ORIENTED_EDGE ( 'NONE', *, *, #279, .F. ) ;
#1410 = DIRECTION ( 'NONE',  ( 0.000000000000000000, -1.000000000000000000, 0.000000000000000000 ) ) ;
#1411 = FACE_OUTER_BOUND ( 'NONE', #702, .T. ) ;
#1412 = ORIENTED_EDGE ( 'NONE', *, *, #1580, .F. ) ;
#1413 = AXIS2_PLACEMENT_3D ( 'NONE', #1311, #6629, #421 ) ;
#1414 = CARTESIAN_POINT ( 'NONE',  ( -511.4999999998082103, -3.174999999999999822, 168.4036976976977655 ) ) ;
#1415 = FACE_BOUND ( 'NONE', #4728, .T. ) ;
#1416 = EDGE_CURVE ( 'NONE', #8280, #7146, #5006, .T. ) ;
#1417 = CARTESIAN_POINT ( 'NONE',  ( 555.9999999998080966, -3.174999999999999822, 89.90369769769773711 ) ) ;
#1418 = ORIENTED_EDGE ( 'NONE', *, *, #5102, .T. ) ;
#1419 = EDGE_CURVE ( 'NONE', #8504, #315, #2754, .T. ) ;
#1420 = CIRCLE ( 'NONE', #949, 3.000000000000002665 ) ;
#1421 = ORIENTED_EDGE ( 'NONE', *, *, #772, .F. ) ;
#1422 = AXIS2_PLACEMENT_3D ( 'NONE', #8943, #2162, #5124 ) ;
#1423 = FACE_BOUND ( 'NONE', #3282, .T. ) ;
#1424 = LINE ( 'NONE', #8236, #4643 ) ;
#1425 = DIRECTION ( 'NONE',  ( 0.000000000000000000, 0.000000000000000000, 1.000000000000000000 ) ) ;
#1426 = CARTESIAN_POINT ( 'NONE',  ( 240.3239572855132451, 0.000000000000000000, -423.8971648104576389 ) ) ;
#1427 = EDGE_CURVE ( 'NONE', #1360, #5004, #3331, .T. ) ;
#1428 = FACE_OUTER_BOUND ( 'NONE', #9066, .T. ) ;
#1429 = VECTOR ( 'NONE', #5521, 1000.000000000000000 ) ;
#1430 = VECTOR ( 'NONE', #8648, 1000.000000000000000 ) ;
#1431 = AXIS2_PLACEMENT_3D ( 'NONE', #1344, #7459, #605 ) ;
#1432 = VERTEX_POINT ( 'NONE', #4205 ) ;
#1433 = DIRECTION ( 'NONE',  ( -0.000000000000000000, 1.000000000000000000, -0.000000000000000000 ) ) ;
#1434 = VERTEX_POINT ( 'NONE', #4108 ) ;
#1435 = LINE ( 'NONE', #3546, #5336 ) ;
#1436 = DIRECTION ( 'NONE',  ( 0.000000000000000000, -1.000000000000000000, 0.000000000000000000 ) ) ;
#1437 = CARTESIAN_POINT ( 'NONE',  ( 542.4999999998076419, 0.000000000000000000, 161.4036976976976803 ) ) ;
#1438 = LINE ( 'NONE', #5446, #3169 ) ;
#1439 = ORIENTED_EDGE ( 'NONE', *, *, #6992, .F. ) ;
#1440 = CIRCLE ( 'NONE', #5280, 3.000000000000002665 ) ;
#1441 = FACE_OUTER_BOUND ( 'NONE', #8813, .T. ) ;
#1442 = AXIS2_PLACEMENT_3D ( 'NONE', #2353, #2253, #2405 ) ;
#1443 = EDGE_CURVE ( 'NONE', #3660, #1158, #8061, .T. ) ;
#1444 = VERTEX_POINT ( 'NONE', #2651 ) ;
#1445 = VECTOR ( 'NONE', #148, 1000.000000000000227 ) ;
#1446 = LINE ( 'NONE', #797, #1057 ) ;
#1447 = ORIENTED_EDGE ( 'NONE', *, *, #1392, .F. ) ;
#1448 = CARTESIAN_POINT ( 'NONE',  ( -277.7132895703687723, -3.174999999999999822, -452.5901575315501759 ) ) ;
#1449 = PLANE ( 'NONE',  #2225 ) ;
#1450 = LINE ( 'NONE', #4501, #8433 ) ;
#1451 = CYLINDRICAL_SURFACE ( 'NONE', #7640, 3.250000000000030642 ) ;
#1452 = CIRCLE ( 'NONE', #4328, 3.000000000000002665 ) ;
#1453 = EDGE_LOOP ( 'NONE', ( #1394, #2857, #2963, #6672 ) ) ;
#1454 = DIRECTION ( 'NONE',  ( 0.000000000000000000, 0.000000000000000000, 1.000000000000000000 ) ) ;
#1455 = ORIENTED_EDGE ( 'NONE', *, *, #7190, .T. ) ;
#1456 = ORIENTED_EDGE ( 'NONE', *, *, #8720, .T. ) ;
#1457 = CARTESIAN_POINT ( 'NONE',  ( 552.4999999998077556, 6.825000000000000178, 156.4036976976983340 ) ) ;
#1458 = EDGE_CURVE ( 'NONE', #6582, #5004, #7167, .T. ) ;
#1459 = AXIS2_PLACEMENT_3D ( 'NONE', #3473, #4834, #4782 ) ;
#1460 = ORIENTED_EDGE ( 'NONE', *, *, #1979, .T. ) ;
#1461 = CARTESIAN_POINT ( 'NONE',  ( 175.6428031048938578, 6.825000000000000178, -435.3718233711596781 ) ) ;
#1462 = VERTEX_POINT ( 'NONE', #2604 ) ;
#1463 = CARTESIAN_POINT ( 'NONE',  ( -587.4999999998082103, -3.174999999999999822, 131.4036976976977655 ) ) ;
#1464 = FACE_OUTER_BOUND ( 'NONE', #6478, .T. ) ;
#1465 = CIRCLE ( 'NONE', #204, 3.000000000000002665 ) ;
#1466 = VERTEX_POINT ( 'NONE', #1199 ) ;
#1467 = VECTOR ( 'NONE', #9488, 1000.000000000000000 ) ;
#1468 = LINE ( 'NONE', #4518, #7493 ) ;
#1469 = CARTESIAN_POINT ( 'NONE',  ( 293.9999999999997726, -3.174999999999999822, 171.4036976976977371 ) ) ;
#1470 = CIRCLE ( 'NONE', #9513, 3.000000000000002665 ) ;
#1471 = CARTESIAN_POINT ( 'NONE',  ( -594.4999999998082103, 0.000000000000000000, 112.9036976976977371 ) ) ;
#1472 = EDGE_CURVE ( 'NONE', #7239, #2806, #1995, .T. ) ;
#1473 = ORIENTED_EDGE ( 'NONE', *, *, #3324, .T. ) ;
#1474 = ORIENTED_EDGE ( 'NONE', *, *, #2788, .F. ) ;
#1475 = CARTESIAN_POINT ( 'NONE',  ( 490.9999999998082103, -3.174999999999999822, 129.9036976976976803 ) ) ;
#1476 = DIRECTION ( 'NONE',  ( 0.000000000000000000, 0.000000000000000000, -1.000000000000000000 ) ) ;
#1477 = ADVANCED_FACE ( 'NONE', ( #8826 ), #4906, .F. ) ;
#1478 = EDGE_CURVE ( 'NONE', #1444, #2587, #2847, .T. ) ;
#1479 = LINE ( 'NONE', #7793, #7282 ) ;
#1480 = DIRECTION ( 'NONE',  ( 0.000000000000000000, 0.000000000000000000, 1.000000000000000000 ) ) ;
#1481 = DIRECTION ( 'NONE',  ( 0.000000000000000000, 0.000000000000000000, 1.000000000000000000 ) ) ;
#1482 = ORIENTED_EDGE ( 'NONE', *, *, #4827, .F. ) ;
#1483 = EDGE_CURVE ( 'NONE', #49, #361, #5884, .T. ) ;
#1484 = ORIENTED_EDGE ( 'NONE', *, *, #6985, .T. ) ;
#1485 = AXIS2_PLACEMENT_3D ( 'NONE', #3805, #6855, #9171 ) ;
#1486 = DIRECTION ( 'NONE',  ( 0.000000000000000000, 1.000000000000000000, 0.000000000000000000 ) ) ;
#1487 = CARTESIAN_POINT ( 'NONE',  ( 475.9725367522472652, 0.000000000000000000, -415.7885458324438446 ) ) ;
#1488 = CARTESIAN_POINT ( 'NONE',  ( -100.0000000000000284, 0.000000000000000000, -436.0963023023023766 ) ) ;
#1489 = CARTESIAN_POINT ( 'NONE',  ( 163.5995066845797226, 6.825000000000000178, -450.0775332806430811 ) ) ;
#1490 = ORIENTED_EDGE ( 'NONE', *, *, #6122, .F. ) ;
#1491 = VECTOR ( 'NONE', #2282, 1000.000000000000000 ) ;
#1492 = DIRECTION ( 'NONE',  ( 0.9803806606322130746, 0.000000000000000000, -0.1971135719790633456 ) ) ;
#1493 = ORIENTED_EDGE ( 'NONE', *, *, #6673, .F. ) ;
#1494 = CARTESIAN_POINT ( 'NONE',  ( -594.4999999998082103, -3.174999999999999822, 92.90369769769773711 ) ) ;
#1495 = ORIENTED_EDGE ( 'NONE', *, *, #8148, .T. ) ;
#1496 = CYLINDRICAL_SURFACE ( 'NONE', #4048, 3.000000000000002665 ) ;
#1497 = DIRECTION ( 'NONE',  ( -0.000000000000000000, 1.000000000000000000, -0.000000000000000000 ) ) ;
#1498 = CARTESIAN_POINT ( 'NONE',  ( 164.7811421466249726, 0.000000000000000000, -225.7336663780431252 ) ) ;
#1499 = CARTESIAN_POINT ( 'NONE',  ( 532.6513146897268598, -3.174999999999999822, -394.1926930939662270 ) ) ;
#1500 = EDGE_CURVE ( 'NONE', #9302, #2200, #932, .T. ) ;
#1501 = ORIENTED_EDGE ( 'NONE', *, *, #1850, .F. ) ;
#1502 = DIRECTION ( 'NONE',  ( 0.000000000000000000, 0.000000000000000000, 1.000000000000000000 ) ) ;
#1503 = ORIENTED_EDGE ( 'NONE', *, *, #6403, .T. ) ;
#1504 = VERTEX_POINT ( 'NONE', #1806 ) ;
#1505 = ADVANCED_FACE ( 'NONE', ( #9580 ), #6369, .F. ) ;
#1506 = DIRECTION ( 'NONE',  ( -0.000000000000000000, 1.000000000000000000, 0.000000000000000000 ) ) ;
#1507 = EDGE_LOOP ( 'NONE', ( #823, #9689, #4568, #8068 ) ) ;
#1508 = CIRCLE ( 'NONE', #6789, 3.000000000000002665 ) ;
#1509 = CARTESIAN_POINT ( 'NONE',  ( -485.9999999998082103, 0.000000000000000000, 168.4036976976977655 ) ) ;
#1510 = ORIENTED_EDGE ( 'NONE', *, *, #7285, .T. ) ;
#1511 = DIRECTION ( 'NONE',  ( 0.000000000000000000, 0.000000000000000000, 1.000000000000000000 ) ) ;
#1512 = DIRECTION ( 'NONE',  ( 0.000000000000000000, 1.000000000000000000, -0.000000000000000000 ) ) ;
#1513 = ORIENTED_EDGE ( 'NONE', *, *, #9532, .F. ) ;
#1514 = LINE ( 'NONE', #4720, #8525 ) ;
#1515 = FACE_BOUND ( 'NONE', #9035, .T. ) ;
#1516 = CARTESIAN_POINT ( 'NONE',  ( 275.3634883044091453, 0.000000000000000000, -456.1226402293841033 ) ) ;
#1517 = EDGE_LOOP ( 'NONE', ( #4378, #1342, #2461, #6157 ) ) ;
#1519 = EDGE_CURVE ( 'NONE', #2359, #3397, #5762, .T. ) ;
#1518 = ORIENTED_EDGE ( 'NONE', *, *, #8095, .F. ) ;
#1520 = CARTESIAN_POINT ( 'NONE',  ( 577.4999999998080966, 0.000000000000000000, 171.4036976976977087 ) ) ;
#1521 = DIRECTION ( 'NONE',  ( 0.000000000000000000, -1.000000000000000000, 0.000000000000000000 ) ) ;
#1522 = CIRCLE ( 'NONE', #262, 2.749999999999974687 ) ;
#1523 = DIRECTION ( 'NONE',  ( 0.000000000000000000, 0.000000000000000000, 1.000000000000000000 ) ) ;
#1524 = DIRECTION ( 'NONE',  ( 0.000000000000000000, 0.000000000000000000, 1.000000000000000000 ) ) ;
#1525 = AXIS2_PLACEMENT_3D ( 'NONE', #8447, #9254, #4037 ) ;
#1526 = FACE_OUTER_BOUND ( 'NONE', #3888, .T. ) ;
#1527 = ORIENTED_EDGE ( 'NONE', *, *, #8901, .F. ) ;
#1528 = VECTOR ( 'NONE', #8863, 1000.000000000000000 ) ;
#1529 = ORIENTED_EDGE ( 'NONE', *, *, #7030, .T. ) ;
#1530 = ORIENTED_EDGE ( 'NONE', *, *, #3179, .F. ) ;
#1531 = DIRECTION ( 'NONE',  ( -0.000000000000000000, 1.000000000000000000, -0.000000000000000000 ) ) ;
#1532 = CARTESIAN_POINT ( 'NONE',  ( 250.8539717886038147, 0.000000000000000000, -461.0504795288607056 ) ) ;
#1533 = CARTESIAN_POINT ( 'NONE',  ( -74.00000000000002842, -3.174999999999999822, -471.5963023023023197 ) ) ;
#1534 = DIRECTION ( 'NONE',  ( 0.000000000000000000, 0.000000000000000000, -1.000000000000000000 ) ) ;
#1535 = ORIENTED_EDGE ( 'NONE', *, *, #9619, .T. ) ;
#1536 = VECTOR ( 'NONE', #7617, 1000.000000000000000 ) ;
#1537 = LINE ( 'NONE', #5683, #8552 ) ;
#1538 = ADVANCED_FACE ( 'NONE', ( #1441 ), #9119, .T. ) ;
#1539 = VERTEX_POINT ( 'NONE', #1390 ) ;
#1540 = DIRECTION ( 'NONE',  ( 0.000000000000000000, 0.000000000000000000, -1.000000000000000000 ) ) ;
#1541 = ORIENTED_EDGE ( 'NONE', *, *, #1587, .F. ) ;
#1542 = AXIS2_PLACEMENT_3D ( 'NONE', #2540, #9364, #4987 ) ;
#1543 = AXIS2_PLACEMENT_3D ( 'NONE', #660, #5021, #7513 ) ;
#1544 = PLANE ( 'NONE',  #7093 ) ;
#1545 = DIRECTION ( 'NONE',  ( 0.000000000000000000, -1.000000000000000000, 0.000000000000000000 ) ) ;
#1546 = CARTESIAN_POINT ( 'NONE',  ( -260.4999999999997158, -1.587499999999999467, 129.9456578061478922 ) ) ;
#1547 = CARTESIAN_POINT ( 'NONE',  ( -234.8307132664150743, 0.000000000000000000, -421.9415906884561878 ) ) ;
#1548 = VERTEX_POINT ( 'NONE', #7503 ) ;
#1549 = CARTESIAN_POINT ( 'NONE',  ( -581.4422714393892875, -3.174999999999999822, -394.5829907101505114 ) ) ;
#1550 = ORIENTED_EDGE ( 'NONE', *, *, #3989, .F. ) ;
#1551 = AXIS2_PLACEMENT_3D ( 'NONE', #3500, #9820, #9722 ) ;
#1552 = ADVANCED_FACE ( 'NONE', ( #3745 ), #2241, .F. ) ;
#1553 = EDGE_LOOP ( 'NONE', ( #2762, #5378, #5178, #4995 ) ) ;
#1554 = EDGE_CURVE ( 'NONE', #6959, #4106, #4349, .T. ) ;
#1555 = AXIS2_PLACEMENT_3D ( 'NONE', #2894, #2843, #7499 ) ;
#1556 = CARTESIAN_POINT ( 'NONE',  ( 347.9999999999994316, 0.000000000000000000, 103.6536976976980782 ) ) ;
#1557 = VERTEX_POINT ( 'NONE', #1341 ) ;
#1558 = CARTESIAN_POINT ( 'NONE',  ( 597.4999999998082103, -3.174999999999999822, 92.90369769769773711 ) ) ;
#1559 = ORIENTED_EDGE ( 'NONE', *, *, #5128, .T. ) ;
#1560 = CARTESIAN_POINT ( 'NONE',  ( 262.9999999999997158, -3.174999999999999822, 132.9036976976976803 ) ) ;
#1561 = DIRECTION ( 'NONE',  ( 0.000000000000000000, 0.000000000000000000, -1.000000000000000000 ) ) ;
#1562 = AXIS2_PLACEMENT_3D ( 'NONE', #2322, #8291, #1629 ) ;
#1563 = CARTESIAN_POINT ( 'NONE',  ( -517.4999999998082103, 0.000000000000000000, 132.9036976976976803 ) ) ;
#1564 = ORIENTED_EDGE ( 'NONE', *, *, #7490, .T. ) ;
#1565 = DIRECTION ( 'NONE',  ( 0.000000000000000000, -1.000000000000000000, 0.000000000000000000 ) ) ;
#1566 = DIRECTION ( 'NONE',  ( -0.000000000000000000, 1.000000000000000000, 0.000000000000000000 ) ) ;
#1567 = AXIS2_PLACEMENT_3D ( 'NONE', #4251, #3505, #4157 ) ;
#1568 = VECTOR ( 'NONE', #708, 1000.000000000000000 ) ;
#1569 = DIRECTION ( 'NONE',  ( -1.000000000000000000, -0.000000000000000000, -0.000000000000000000 ) ) ;
#1570 = EDGE_CURVE ( 'NONE', #7688, #3059, #5997, .T. ) ;
#1571 = EDGE_LOOP ( 'NONE', ( #5409, #6568, #8071, #8387 ) ) ;
#1572 = DIRECTION ( 'NONE',  ( 0.000000000000000000, 1.000000000000000000, 0.000000000000000000 ) ) ;
#1573 = DIRECTION ( 'NONE',  ( -0.000000000000000000, 1.000000000000000000, -0.000000000000000000 ) ) ;
#1574 = CARTESIAN_POINT ( 'NONE',  ( 597.4999999998080966, 0.000000000000000000, -287.5963023023024334 ) ) ;
#1575 = CARTESIAN_POINT ( 'NONE',  ( -577.4999999998082103, 0.000000000000000000, -284.5963023023024334 ) ) ;
#1576 = ORIENTED_EDGE ( 'NONE', *, *, #5253, .T. ) ;
#1577 = CARTESIAN_POINT ( 'NONE',  ( 257.9999999999997158, -3.174999999999999822, 171.4036976976978508 ) ) ;
#1578 = EDGE_CURVE ( 'NONE', #7518, #9877, #7554, .T. ) ;
#1579 = VECTOR ( 'NONE', #8223, 1000.000000000000000 ) ;
#1580 = EDGE_CURVE ( 'NONE', #4602, #2444, #652, .T. ) ;
#1581 = ORIENTED_EDGE ( 'NONE', *, *, #7482, .T. ) ;
#1582 = ORIENTED_EDGE ( 'NONE', *, *, #9884, .F. ) ;
#1583 = ORIENTED_EDGE ( 'NONE', *, *, #1809, .T. ) ;
#1584 = CARTESIAN_POINT ( 'NONE',  ( 567.4999999998077556, 6.825000000000000178, 156.4036976976982203 ) ) ;
#1585 = DIRECTION ( 'NONE',  ( 0.000000000000000000, -1.000000000000000000, 0.000000000000000000 ) ) ;
#1586 = CARTESIAN_POINT ( 'NONE',  ( -221.4321775711113389, -3.174999999999999822, -466.7658529379522747 ) ) ;
#1587 = EDGE_CURVE ( 'NONE', #4162, #8674, #4394, .T. ) ;
#1588 = ORIENTED_EDGE ( 'NONE', *, *, #2277, .T. ) ;
#1589 = CIRCLE ( 'NONE', #4310, 3.000000000000002665 ) ;
#1590 = AXIS2_PLACEMENT_3D ( 'NONE', #4909, #7972, #4208 ) ;
#1591 = EDGE_LOOP ( 'NONE', ( #3913, #1852, #167, #8802 ) ) ;
#1592 = ADVANCED_FACE ( 'NONE', ( #3596 ), #8162, .T. ) ;
#1593 = CARTESIAN_POINT ( 'NONE',  ( 594.4999999998082103, -3.174999999999999822, 109.9036976976977513 ) ) ;
#1594 = ORIENTED_EDGE ( 'NONE', *, *, #8973, .T. ) ;
#1595 = VECTOR ( 'NONE', #8425, 1000.000000000000000 ) ;
#1596 = CARTESIAN_POINT ( 'NONE',  ( -557.5485770882340830, 6.825000000000000178, -347.3768998705955369 ) ) ;
#1597 = LINE ( 'NONE', #3900, #480 ) ;
#1598 = VECTOR ( 'NONE', #6953, 1000.000000000000000 ) ;
#1599 = DIRECTION ( 'NONE',  ( 0.000000000000000000, 0.000000000000000000, 1.000000000000000000 ) ) ;
#1600 = DIRECTION ( 'NONE',  ( 0.000000000000000000, 0.000000000000000000, 1.000000000000000000 ) ) ;
#1601 = ORIENTED_EDGE ( 'NONE', *, *, #3787, .F. ) ;
#1602 = ORIENTED_EDGE ( 'NONE', *, *, #2140, .T. ) ;
#1603 = EDGE_CURVE ( 'NONE', #839, #557, #9874, .T. ) ;
#1604 = EDGE_CURVE ( 'NONE', #1196, #6229, #549, .T. ) ;
#1605 = CARTESIAN_POINT ( 'NONE',  ( -597.4999999998082103, -3.174999999999999822, 131.4036976976977655 ) ) ;
#1606 = ORIENTED_EDGE ( 'NONE', *, *, #5841, .T. ) ;
#1607 = EDGE_LOOP ( 'NONE', ( #7587, #4260, #5490, #7164 ) ) ;
#1608 = DIRECTION ( 'NONE',  ( 0.000000000000000000, 0.000000000000000000, -1.000000000000000000 ) ) ;
#1609 = VERTEX_POINT ( 'NONE', #4493 ) ;
#1610 = DIRECTION ( 'NONE',  ( 0.000000000000000000, 0.000000000000000000, 1.000000000000000000 ) ) ;
#1611 = ORIENTED_EDGE ( 'NONE', *, *, #7876, .F. ) ;
#1612 = AXIS2_PLACEMENT_3D ( 'NONE', #8069, #8219, #9789 ) ;
#1613 = CARTESIAN_POINT ( 'NONE',  ( 557.5485770882340830, 6.825000000000000178, -347.3768998705954232 ) ) ;
#1614 = DIRECTION ( 'NONE',  ( 0.000000000000000000, 1.000000000000000000, 0.000000000000000000 ) ) ;
#1615 = EDGE_CURVE ( 'NONE', #3665, #6818, #7454, .T. ) ;
#1616 = CARTESIAN_POINT ( 'NONE',  ( -503.3220448643284044, 0.000000000000000000, -407.2296670491438135 ) ) ;
#1617 = ORIENTED_EDGE ( 'NONE', *, *, #3337, .F. ) ;
#1618 = EDGE_CURVE ( 'NONE', #5331, #9432, #2851, .T. ) ;
#1619 = FACE_OUTER_BOUND ( 'NONE', #9735, .T. ) ;
#1621 = CARTESIAN_POINT ( 'NONE',  ( -250.8539717886039000, 0.000000000000000000, -461.0504795288606488 ) ) ;
#1620 = CIRCLE ( 'NONE', #6423, 3.000000000000002665 ) ;
#1622 = DIRECTION ( 'NONE',  ( -0.000000000000000000, 1.000000000000000000, -0.000000000000000000 ) ) ;
#1623 = ORIENTED_EDGE ( 'NONE', *, *, #3243, .T. ) ;
#1624 = CARTESIAN_POINT ( 'NONE',  ( -493.9999999998081535, -3.174999999999999822, 171.4036976976977940 ) ) ;
#1625 = CIRCLE ( 'NONE', #2904, 10.00000000000000888 ) ;
#1626 = CARTESIAN_POINT ( 'NONE',  ( 555.9999999998080966, 0.000000000000000000, 117.9036976976977371 ) ) ;
#1627 = DIRECTION ( 'NONE',  ( 0.000000000000000000, 0.000000000000000000, 1.000000000000000000 ) ) ;
#1628 = DIRECTION ( 'NONE',  ( 0.000000000000000000, -1.000000000000000000, 0.000000000000000000 ) ) ;
#1629 = DIRECTION ( 'NONE',  ( 0.1971135719790624297, 0.000000000000000000, 0.9803806606322131856 ) ) ;
#1630 = ORIENTED_EDGE ( 'NONE', *, *, #5658, .F. ) ;
#1631 = EDGE_CURVE ( 'NONE', #5037, #2787, #5082, .T. ) ;
#1632 = DIRECTION ( 'NONE',  ( -1.000000000000000000, 0.000000000000000000, -1.389466186326397009E-15 ) ) ;
#1633 = DIRECTION ( 'NONE',  ( 0.000000000000000000, -1.000000000000000000, 0.000000000000000000 ) ) ;
#1634 = AXIS2_PLACEMENT_3D ( 'NONE', #1115, #7177, #5721 ) ;
#1635 = ORIENTED_EDGE ( 'NONE', *, *, #4446, .F. ) ;
#1636 = EDGE_LOOP ( 'NONE', ( #5587, #8404, #1804, #8861 ) ) ;
#1637 = EDGE_LOOP ( 'NONE', ( #6338, #9484, #8938, #8321 ) ) ;
#1638 = AXIS2_PLACEMENT_3D ( 'NONE', #3016, #3069, #8484 ) ;
#1639 = CARTESIAN_POINT ( 'NONE',  ( -597.4999999998082103, -3.174999999999999822, 151.4036976976976518 ) ) ;
#1640 = CARTESIAN_POINT ( 'NONE',  ( -587.4999999998082103, 6.825000000000000178, 141.4036976976977940 ) ) ;
#1641 = CARTESIAN_POINT ( 'NONE',  ( -487.8901270580766436, 0.000000000000000000, -371.0619201906360445 ) ) ;
#1642 = CARTESIAN_POINT ( 'NONE',  ( 99.99999999999991473, 0.000000000000000000, -436.0963023023023766 ) ) ;
#1643 = EDGE_LOOP ( 'NONE', ( #4719, #8213, #2494, #2602 ) ) ;
#1644 = EDGE_CURVE ( 'NONE', #3687, #9055, #9824, .T. ) ;
#1645 = VERTEX_POINT ( 'NONE', #5302 ) ;
#1646 = CYLINDRICAL_SURFACE ( 'NONE', #9704, 3.000000000000002665 ) ;
#1647 = ORIENTED_EDGE ( 'NONE', *, *, #5710, .T. ) ;
#1648 = DIRECTION ( 'NONE',  ( 0.000000000000000000, -1.000000000000000000, 0.000000000000000000 ) ) ;
#1649 = CARTESIAN_POINT ( 'NONE',  ( -493.9999999998081535, 0.000000000000000000, 171.4036976976977940 ) ) ;
#1650 = FACE_OUTER_BOUND ( 'NONE', #1453, .T. ) ;
#1651 = DIRECTION ( 'NONE',  ( -0.000000000000000000, 1.000000000000000000, -0.000000000000000000 ) ) ;
#1652 = ORIENTED_EDGE ( 'NONE', *, *, #9491, .T. ) ;
#1653 = ORIENTED_EDGE ( 'NONE', *, *, #9395, .F. ) ;
#1654 = CIRCLE ( 'NONE', #1015, 3.000000000000002665 ) ;
#1655 = DIRECTION ( 'NONE',  ( 0.000000000000000000, -1.000000000000000000, 0.000000000000000000 ) ) ;
#1656 = ORIENTED_EDGE ( 'NONE', *, *, #1298, .F. ) ;
#1657 = VERTEX_POINT ( 'NONE', #7596 ) ;
#1658 = CARTESIAN_POINT ( 'NONE',  ( 557.5485770882340830, 6.825000000000000178, -362.3768998705954800 ) ) ;
#1659 = ORIENTED_EDGE ( 'NONE', *, *, #1787, .F. ) ;
#1660 = EDGE_CURVE ( 'NONE', #2659, #306, #1470, .T. ) ;
#1661 = DIRECTION ( 'NONE',  ( 0.000000000000000000, 0.000000000000000000, -1.000000000000000000 ) ) ;
#1662 = ORIENTED_EDGE ( 'NONE', *, *, #1838, .F. ) ;
#1663 = EDGE_CURVE ( 'NONE', #4136, #7114, #4223, .T. ) ;
#1664 = CARTESIAN_POINT ( 'NONE',  ( 522.4999999998082103, -3.174999999999999822, 168.4036976976977087 ) ) ;
#1665 = CARTESIAN_POINT ( 'NONE',  ( -594.4999999998082103, 0.000000000000000000, -307.5963023023023197 ) ) ;
#1666 = CARTESIAN_POINT ( 'NONE',  ( -257.9999999999997158, 0.000000000000000000, 168.4036976976977655 ) ) ;
#1667 = VERTEX_POINT ( 'NONE', #2048 ) ;
#1668 = CARTESIAN_POINT ( 'NONE',  ( 208.6716673851032056, 0.000000000000000000, -444.0312787482596377 ) ) ;
#1669 = DIRECTION ( 'NONE',  ( 0.000000000000000000, 0.000000000000000000, -1.000000000000000000 ) ) ;
#1670 = CIRCLE ( 'NONE', #4539, 3.000000000000002665 ) ;
#1671 = CARTESIAN_POINT ( 'NONE',  ( 472.4400540544133946, 0.000000000000000000, -413.4387445664843881 ) ) ;
#1672 = EDGE_CURVE ( 'NONE', #7969, #1321, #5505, .T. ) ;
#1673 = EDGE_CURVE ( 'NONE', #6726, #5051, #242, .T. ) ;
#1674 = ORIENTED_EDGE ( 'NONE', *, *, #4236, .F. ) ;
#1675 = CARTESIAN_POINT ( 'NONE',  ( 223.4033132909019059, -3.174999999999999822, -466.5696595442744297 ) ) ;
#1676 = DIRECTION ( 'NONE',  ( 0.000000000000000000, 0.000000000000000000, 1.000000000000000000 ) ) ;
#1677 = DIRECTION ( 'NONE',  ( -0.000000000000000000, -0.000000000000000000, -1.000000000000000000 ) ) ;
#1678 = DIRECTION ( 'NONE',  ( 0.000000000000000000, 0.000000000000000000, -1.000000000000000000 ) ) ;
#1679 = PLANE ( 'NONE',  #6561 ) ;
#1680 = DIRECTION ( 'NONE',  ( 0.000000000000000000, 1.000000000000000000, 0.000000000000000000 ) ) ;
#1681 = DIRECTION ( 'NONE',  ( 0.1971135719790633178, 0.000000000000000000, 0.9803806606322130746 ) ) ;
#1682 = AXIS2_PLACEMENT_3D ( 'NONE', #8187, #5877, #4323 ) ;
#1683 = ORIENTED_EDGE ( 'NONE', *, *, #6585, .T. ) ;
#1684 = ADVANCED_FACE ( 'NONE', ( #7939 ), #5591, .F. ) ;
#1685 = AXIS2_PLACEMENT_3D ( 'NONE', #5547, #8402, #3248 ) ;
#1686 = ORIENTED_EDGE ( 'NONE', *, *, #6831, .F. ) ;
#1687 = AXIS2_PLACEMENT_3D ( 'NONE', #1593, #3049, #6051 ) ;
#1688 = CARTESIAN_POINT ( 'NONE',  ( 514.4999999998079829, 0.000000000000000000, 132.9036976976976803 ) ) ;
#1689 = CARTESIAN_POINT ( 'NONE',  ( -594.4999999998082103, 0.000000000000000000, -279.5963023023023197 ) ) ;
#1690 = CARTESIAN_POINT ( 'NONE',  ( -597.4999999998082103, -3.174999999999999822, 151.4036976976976518 ) ) ;
#1691 = DIRECTION ( 'NONE',  ( -0.000000000000000000, 1.000000000000000000, -0.000000000000000000 ) ) ;
#1692 = CLOSED_SHELL ( 'NONE', ( #2508, #5387, #1250, #7434, #9086, #3676, #8592, #2775, #1886, #867, #1345, #8808, #5539, #3910, #2675, #6605, #2217, #9739, #7325, #6541, #7332, #8481, #6448, #6921, #7998, #2724, #6574, #8204, #5984, #46, #4139, #692, #2449, #1552, #6982, #8381, #6272, #1684, #4928, #4269, #3557, #6209, #9358, #1067, #1145, #7123, #841, #5805, #8946, #7441, #324, #3919, #2333, #9505, #1130, #1793, #6936, #7770, #2740, #1107, #8131, #1812, #3380, #9796, #5959, #9020, #7107, #1374, #5614, #7347, #9089, #7686, #6948, #6739, #4185, #8182, #2409, #5426, #4949, #3719, #4512, #6928, #2326, #3405, #2944, #8697, #5025, #4298, #7521, #4926, #9727, #2008, #8179, #4288, #8705, #2464, #2706, #2697, #1241, #7674, #8948, #6529, #7952, #6880, #7915, #9587, #8840, #440, #5233, #4289, #8873, #2846, #6257, #6457, #4996, #4976, #866, #3697, #379, #5864, #1358, #7384, #8173, #5358, #7573, #822, #3480, #7719, #2576, #6412, #5335, #3622, #2523, #5837, #2653, #3346, #9648, #1285, #3661, #3145, #3886, #4515, #4911, #5511, #7141, #158, #335, #3943, #3021, #19, #4849, #1109, #2424, #1883, #6060, #2284, #7938, #1075, #6996, #1538, #9413, #8036, #1120, #1197, #2445, #8274, #1856, #7046, #2632, #1959, #7833, #836, #9410, #5684, #3776, #3025, #775, #5873, #9919, #9336, #4800, #861, #6014, #2617, #6684, #5829, #9526, #1403, #2148, #8372, #7034, #1722, #5922, #3128, #5343, #3884, #7852, #9369, #3993, #4725, #2939, #4831, #2301, #9131, #6938, #9041, #1505, #3889, #297, #1805, #1265, #1742, #5379, #3558, #9753, #5398, #5966, #9860, #8160, #1944, #7986, #2522, #2188, #9525, #257, #7314, #6174, #2620, #6759, #6505, #3504, #2719, #5159, #7611, #9747, #1592, #1174, #8656, #432, #633, #7822, #3598, #7780, #3757, #1346, #1101, #5052, #73, #9669, #7058, #2799, #1477, #8843, #8062, #1907, #8724, #3019, #1157, #3885, #5139, #4477, #7716, #563, #5573, #9181, #8565, #2489, #4968, #229, #5513, #9270, #7525, #9760, #2896, #1901, #5598, #9433, #4430, #426, #1971, #8747, #551, #9909, #7670, #2839, #2546, #5992, #7959 ) ) ;
#1693 = ORIENTED_EDGE ( 'NONE', *, *, #8688, .T. ) ;
#1694 = VECTOR ( 'NONE', #873, 1000.000000000000000 ) ;
#1695 = VECTOR ( 'NONE', #4483, 1000.000000000000227 ) ;
#1696 = ORIENTED_EDGE ( 'NONE', *, *, #7228, .T. ) ;
#1697 = EDGE_CURVE ( 'NONE', #4615, #839, #1537, .T. ) ;
#1698 = PLANE ( 'NONE',  #5851 ) ;
#1699 = VERTEX_POINT ( 'NONE', #1783 ) ;
#1700 = CYLINDRICAL_SURFACE ( 'NONE', #2930, 3.000000000000002665 ) ;
#1701 = DIRECTION ( 'NONE',  ( 0.000000000000000000, 0.000000000000000000, -1.000000000000000000 ) ) ;
#1702 = VECTOR ( 'NONE', #7932, 1000.000000000000000 ) ;
#1703 = CYLINDRICAL_SURFACE ( 'NONE', #3312, 2.749999999999974687 ) ;
#1704 = CARTESIAN_POINT ( 'NONE',  ( 597.4999999998080966, -3.174999999999999822, -374.9753774975062584 ) ) ;
#1705 = VERTEX_POINT ( 'NONE', #1083 ) ;
#1706 = VECTOR ( 'NONE', #3122, 1000.000000000000000 ) ;
#1707 = ORIENTED_EDGE ( 'NONE', *, *, #4793, .T. ) ;
#1708 = EDGE_CURVE ( 'NONE', #2200, #9302, #5181, .T. ) ;
#1709 = ORIENTED_EDGE ( 'NONE', *, *, #4492, .F. ) ;
#1710 = VERTEX_POINT ( 'NONE', #794 ) ;
#1711 = DIRECTION ( 'NONE',  ( 1.000000000000000000, 0.000000000000000000, 0.000000000000000000 ) ) ;
#1712 = EDGE_CURVE ( 'NONE', #8932, #4156, #8708, .T. ) ;
#1713 = AXIS2_PLACEMENT_3D ( 'NONE', #5738, #3340, #8654 ) ;
#1714 = ORIENTED_EDGE ( 'NONE', *, *, #5250, .T. ) ;
#1715 = CARTESIAN_POINT ( 'NONE',  ( 577.4999999998080966, -3.174999999999999822, 171.4036976976977087 ) ) ;
#1716 = CARTESIAN_POINT ( 'NONE',  ( 487.9999999998082103, 0.000000000000000000, 132.9036976976976803 ) ) ;
#1717 = EDGE_CURVE ( 'NONE', #805, #4532, #8392, .T. ) ;
#1718 = AXIS2_PLACEMENT_3D ( 'NONE', #4901, #3260, #4103 ) ;
#1719 = CARTESIAN_POINT ( 'NONE',  ( -290.9999999999997726, 0.000000000000000000, 168.4036976976977655 ) ) ;
#1720 = VERTEX_POINT ( 'NONE', #4933 ) ;
#1721 = AXIS2_PLACEMENT_3D ( 'NONE', #3707, #2145, #424 ) ;
#1722 = ADVANCED_FACE ( 'NONE', ( #987 ), #5350, .T. ) ;
#1723 = DIRECTION ( 'NONE',  ( 0.000000000000000000, -1.000000000000000000, 0.000000000000000000 ) ) ;
#1724 = DIRECTION ( 'NONE',  ( -0.000000000000000000, 1.000000000000000000, -0.000000000000000000 ) ) ;
#1725 = CYLINDRICAL_SURFACE ( 'NONE', #7185, 3.000000000000002665 ) ;
#1726 = VECTOR ( 'NONE', #3537, 1000.000000000000000 ) ;
#1727 = ORIENTED_EDGE ( 'NONE', *, *, #3366, .T. ) ;
#1728 = CARTESIAN_POINT ( 'NONE',  ( -163.5995066845798078, -3.174999999999999822, -450.0775332806431379 ) ) ;
#1729 = CYLINDRICAL_SURFACE ( 'NONE', #8907, 3.000000000000002665 ) ;
#1730 = LINE ( 'NONE', #4731, #5408 ) ;
#1731 = CARTESIAN_POINT ( 'NONE',  ( -462.5013802672601742, -3.174999999999999822, -379.2265718299779564 ) ) ;
#1732 = DIRECTION ( 'NONE',  ( -0.000000000000000000, 1.000000000000000000, -0.000000000000000000 ) ) ;
#1733 = DIRECTION ( 'NONE',  ( -7.209240419646269740E-17, 0.000000000000000000, -1.000000000000000000 ) ) ;
#1734 = EDGE_CURVE ( 'NONE', #8047, #106, #2623, .T. ) ;
#1735 = CARTESIAN_POINT ( 'NONE',  ( 577.4999999998079829, -3.174999999999999822, -70.34630230230182235 ) ) ;
#1736 = CARTESIAN_POINT ( 'NONE',  ( -516.4999999998082103, -3.174999999999999822, 132.9036976976976803 ) ) ;
#1737 = ORIENTED_EDGE ( 'NONE', *, *, #2001, .T. ) ;
#1738 = VECTOR ( 'NONE', #2452, 1000.000000000000000 ) ;
#1739 = ORIENTED_EDGE ( 'NONE', *, *, #5712, .F. ) ;
#1740 = DIRECTION ( 'NONE',  ( -3.700743415417185102E-14, 0.000000000000000000, 1.000000000000000000 ) ) ;
#1741 = CARTESIAN_POINT ( 'NONE',  ( 597.4999999998080966, 0.000000000000000000, -374.9753774975062584 ) ) ;
#1742 = ADVANCED_FACE ( 'NONE', ( #4839 ), #746, .F. ) ;
#1743 = LINE ( 'NONE', #8557, #2802 ) ;
#1744 = CARTESIAN_POINT ( 'NONE',  ( -594.4999999998082103, -3.174999999999999822, -304.5963023023022629 ) ) ;
#1745 = ORIENTED_EDGE ( 'NONE', *, *, #2363, .T. ) ;
#1746 = CIRCLE ( 'NONE', #9107, 3.000000000000002665 ) ;
#1747 = ORIENTED_EDGE ( 'NONE', *, *, #9870, .T. ) ;
#1748 = DIRECTION ( 'NONE',  ( 0.000000000000000000, -1.000000000000000000, 0.000000000000000000 ) ) ;
#1749 = ORIENTED_EDGE ( 'NONE', *, *, #4193, .T. ) ;
#1750 = CYLINDRICAL_SURFACE ( 'NONE', #3085, 3.000000000000002665 ) ;
#1751 = CARTESIAN_POINT ( 'NONE',  ( 178.5995066845797794, -3.174999999999999822, -450.0775332806429105 ) ) ;
#1752 = VECTOR ( 'NONE', #128, 1000.000000000000000 ) ;
#1753 = FACE_OUTER_BOUND ( 'NONE', #8969, .T. ) ;
#1754 = CARTESIAN_POINT ( 'NONE',  ( 259.9999999999997158, 0.000000000000000000, 132.9036976976976803 ) ) ;
#1755 = ORIENTED_EDGE ( 'NONE', *, *, #5496, .T. ) ;
#1756 = VERTEX_POINT ( 'NONE', #3092 ) ;
#1757 = VECTOR ( 'NONE', #2657, 1000.000000000000000 ) ;
#1758 = EDGE_CURVE ( 'NONE', #7270, #6129, #6147, .T. ) ;
#1759 = ORIENTED_EDGE ( 'NONE', *, *, #7777, .T. ) ;
#1760 = CARTESIAN_POINT ( 'NONE',  ( 264.8334738013186325, -3.174999999999999822, -418.9693255109810366 ) ) ;
#1761 = AXIS2_PLACEMENT_3D ( 'NONE', #8376, #4556, #1610 ) ;
#1762 = ORIENTED_EDGE ( 'NONE', *, *, #3632, .T. ) ;
#1763 = CIRCLE ( 'NONE', #2878, 3.000000000000002665 ) ;
#1764 = CARTESIAN_POINT ( 'NONE',  ( -587.4999999998082103, 0.000000000000000000, -337.3768998705954800 ) ) ;
#1765 = LINE ( 'NONE', #4160, #6721 ) ;
#1766 = LINE ( 'NONE', #8782, #5789 ) ;
#1767 = ORIENTED_EDGE ( 'NONE', *, *, #4646, .T. ) ;
#1768 = DIRECTION ( 'NONE',  ( 0.000000000000000000, 0.000000000000000000, 1.000000000000000000 ) ) ;
#1769 = AXIS2_PLACEMENT_3D ( 'NONE', #1931, #3431, #8043 ) ;
#1770 = EDGE_CURVE ( 'NONE', #2496, #5934, #1985, .T. ) ;
#1771 = LINE ( 'NONE', #865, #2064 ) ;
#1772 = CARTESIAN_POINT ( 'NONE',  ( 163.5995066845797226, -3.174999999999999822, -464.5963023023023766 ) ) ;
#1773 = VERTEX_POINT ( 'NONE', #7142 ) ;
#1774 = DIRECTION ( 'NONE',  ( 0.000000000000000000, -1.000000000000000000, 0.000000000000000000 ) ) ;
#1775 = CIRCLE ( 'NONE', #8660, 3.000000000000002665 ) ;
#1776 = CARTESIAN_POINT ( 'NONE',  ( -511.4999999998082103, -3.174999999999999822, 171.4036976976977940 ) ) ;
#1777 = CARTESIAN_POINT ( 'NONE',  ( 485.9999999998082103, 0.000000000000000000, 168.4036976976977087 ) ) ;
#1778 = FACE_OUTER_BOUND ( 'NONE', #1173, .T. ) ;
#1779 = EDGE_LOOP ( 'NONE', ( #5465, #2167, #5201, #265 ) ) ;
#1780 = VECTOR ( 'NONE', #1632, 1000.000000000000000 ) ;
#1781 = CARTESIAN_POINT ( 'NONE',  ( 277.7132895703686017, 0.000000000000000000, -455.5901575315502328 ) ) ;
#1782 = CARTESIAN_POINT ( 'NONE',  ( 594.4999999998082103, 0.000000000000000000, 112.9036976976977371 ) ) ;
#1783 = CARTESIAN_POINT ( 'NONE',  ( 347.9999999999997726, 0.000000000000000000, -372.3463023023020355 ) ) ;
#1784 = ORIENTED_EDGE ( 'NONE', *, *, #6077, .T. ) ;
#1785 = EDGE_CURVE ( 'NONE', #225, #8622, #2481, .T. ) ;
#1786 = EDGE_LOOP ( 'NONE', ( #6031, #5222, #8527, #1956 ) ) ;
#1787 = EDGE_CURVE ( 'NONE', #2330, #2563, #8876, .T. ) ;
#1788 = DIRECTION ( 'NONE',  ( 0.000000000000000000, -1.000000000000000000, 0.000000000000000000 ) ) ;
#1789 = DIRECTION ( 'NONE',  ( 0.000000000000000000, 0.000000000000000000, 1.000000000000000000 ) ) ;
#1790 = CARTESIAN_POINT ( 'NONE',  ( -278.3046302863059509, -3.174999999999999822, -455.5312995134468679 ) ) ;
#1791 = LINE ( 'NONE', #995, #5239 ) ;
#1792 = ORIENTED_EDGE ( 'NONE', *, *, #1919, .T. ) ;
#1793 = ADVANCED_FACE ( 'NONE', ( #3800 ), #6851, .F. ) ;
#1794 = AXIS2_PLACEMENT_3D ( 'NONE', #2153, #8374, #560 ) ;
#1795 = ORIENTED_EDGE ( 'NONE', *, *, #4921, .T. ) ;
#1796 = LINE ( 'NONE', #4851, #3297 ) ;
#1797 = ORIENTED_EDGE ( 'NONE', *, *, #4256, .T. ) ;
#1798 = DIRECTION ( 'NONE',  ( -0.000000000000000000, 1.000000000000000000, -0.000000000000000000 ) ) ;
#1799 = CARTESIAN_POINT ( 'NONE',  ( 347.9999999999997726, 6.825000000000000178, -372.3463023023020355 ) ) ;
#1800 = DIRECTION ( 'NONE',  ( -1.000000000000000000, 0.000000000000000000, 0.000000000000000000 ) ) ;
#1801 = DIRECTION ( 'NONE',  ( -1.000000000000000000, 0.000000000000000000, 2.109170134115681738E-16 ) ) ;
#1802 = ORIENTED_EDGE ( 'NONE', *, *, #7361, .F. ) ;
#1803 = EDGE_LOOP ( 'NONE', ( #8271, #7233, #6549, #4712 ) ) ;
#1804 = ORIENTED_EDGE ( 'NONE', *, *, #3264, .T. ) ;
#1805 = ADVANCED_FACE ( 'NONE', ( #336 ), #8696, .T. ) ;
#1806 = CARTESIAN_POINT ( 'NONE',  ( -490.4422290952782078, 0.000000000000000000, -370.6088350285746174 ) ) ;
#1807 = ORIENTED_EDGE ( 'NONE', *, *, #9709, .T. ) ;
#1809 = EDGE_CURVE ( 'NONE', #9702, #9790, #8407, .T. ) ;
#1808 = CARTESIAN_POINT ( 'NONE',  ( 558.9999999998080966, 0.000000000000000000, -281.5963023023024334 ) ) ;
#1810 = PLANE ( 'NONE',  #1590 ) ;
#1811 = VECTOR ( 'NONE', #7558, 1000.000000000000000 ) ;
#1812 = ADVANCED_FACE ( 'NONE', ( #9551 ), #1972, .F. ) ;
#1813 = CARTESIAN_POINT ( 'NONE',  ( 347.9999999999994316, -3.174999999999999822, 103.6536976976980782 ) ) ;
#1814 = ORIENTED_EDGE ( 'NONE', *, *, #1210, .T. ) ;
#1815 = CARTESIAN_POINT ( 'NONE',  ( 542.4999999998076419, 6.825000000000000178, 161.4036976976976803 ) ) ;
#1816 = DIRECTION ( 'NONE',  ( -0.000000000000000000, 1.000000000000000000, -0.000000000000000000 ) ) ;
#1817 = CIRCLE ( 'NONE', #1968, 3.000000000000002665 ) ;
#1818 = LINE ( 'NONE', #2524, #1903 ) ;
#1819 = ORIENTED_EDGE ( 'NONE', *, *, #3038, .F. ) ;
#1820 = CARTESIAN_POINT ( 'NONE',  ( 401.9999999999994884, 0.000000000000000000, 103.6536976976980782 ) ) ;
#1821 = DIRECTION ( 'NONE',  ( 0.000000000000000000, 0.000000000000000000, 1.000000000000000000 ) ) ;
#1822 = CARTESIAN_POINT ( 'NONE',  ( 462.5013802672600036, 0.000000000000000000, -379.2265718299780701 ) ) ;
#1823 = DIRECTION ( 'NONE',  ( -0.9803806606322130746, 0.000000000000000000, -0.1971135719790636232 ) ) ;
#1824 = VERTEX_POINT ( 'NONE', #7279 ) ;
#1825 = DIRECTION ( 'NONE',  ( -0.000000000000000000, -1.000000000000000000, -0.000000000000000000 ) ) ;
#1826 = DIRECTION ( 'NONE',  ( 0.000000000000000000, -1.000000000000000000, 0.000000000000000000 ) ) ;
#1827 = DIRECTION ( 'NONE',  ( 0.000000000000000000, 0.000000000000000000, 1.000000000000000000 ) ) ;
#1828 = EDGE_CURVE ( 'NONE', #5187, #6683, #1670, .T. ) ;
#1829 = ORIENTED_EDGE ( 'NONE', *, *, #4930, .T. ) ;
#1830 = EDGE_LOOP ( 'NONE', ( #5361, #1180, #5136, #4124 ) ) ;
#1831 = CARTESIAN_POINT ( 'NONE',  ( -500.9722435983688911, -3.174999999999999822, -410.7621497469776273 ) ) ;
#1832 = CARTESIAN_POINT ( 'NONE',  ( 213.5995066845797226, 6.825000000000000178, -468.5407952640648546 ) ) ;
#1833 = DIRECTION ( 'NONE',  ( 0.000000000000000000, 0.000000000000000000, 1.000000000000000000 ) ) ;
#1834 = CARTESIAN_POINT ( 'NONE',  ( 265.8138544619507684, 0.000000000000000000, -418.7722119390019770 ) ) ;
#1835 = EDGE_CURVE ( 'NONE', #3058, #7588, #9657, .T. ) ;
#1836 = ORIENTED_EDGE ( 'NONE', *, *, #6179, .F. ) ;
#1837 = CARTESIAN_POINT ( 'NONE',  ( -288.4999999999997726, -1.587499999999999467, 129.9456578061478922 ) ) ;
#1838 = EDGE_CURVE ( 'NONE', #2777, #174, #1508, .T. ) ;
#1839 = AXIS2_PLACEMENT_3D ( 'NONE', #9559, #2542, #5599 ) ;
#1840 = VERTEX_POINT ( 'NONE', #8039 ) ;
#1841 = DIRECTION ( 'NONE',  ( 0.000000000000000000, -1.000000000000000000, 0.000000000000000000 ) ) ;
#1842 = EDGE_LOOP ( 'NONE', ( #5312, #9316, #251, #4522 ) ) ;
#1843 = FACE_OUTER_BOUND ( 'NONE', #4091, .T. ) ;
#1844 = CARTESIAN_POINT ( 'NONE',  ( -491.4226097559105142, -3.174999999999999822, -373.4117214565955010 ) ) ;
#1845 = CARTESIAN_POINT ( 'NONE',  ( -594.4999999998082103, 0.000000000000000000, 117.9036976976977371 ) ) ;
#1846 = DIRECTION ( 'NONE',  ( 0.1971135719790623186, 0.000000000000000000, 0.9803806606322131856 ) ) ;
#1847 = VECTOR ( 'NONE', #1231, 1000.000000000000000 ) ;
#1848 = VERTEX_POINT ( 'NONE', #3425 ) ;
#1849 = EDGE_LOOP ( 'NONE', ( #3300, #6418, #1351, #3747 ) ) ;
#1850 = EDGE_CURVE ( 'NONE', #6139, #4381, #1925, .T. ) ;
#1851 = CARTESIAN_POINT ( 'NONE',  ( -542.4999999998080966, -3.174999999999999822, 171.4036976976977940 ) ) ;
#1852 = ORIENTED_EDGE ( 'NONE', *, *, #7796, .T. ) ;
#1853 = VECTOR ( 'NONE', #2641, 1000.000000000000000 ) ;
#1854 = CARTESIAN_POINT ( 'NONE',  ( 495.4789995792704076, -3.174999999999999822, -408.8065756249764036 ) ) ;
#1855 = CARTESIAN_POINT ( 'NONE',  ( -597.4999999998082103, 0.000000000000000000, -304.5963023023022629 ) ) ;
#1856 = ADVANCED_FACE ( 'NONE', ( #482 ), #5786, .F. ) ;
#1857 = DIRECTION ( 'NONE',  ( 0.000000000000000000, 0.000000000000000000, -1.000000000000000000 ) ) ;
#1858 = ORIENTED_EDGE ( 'NONE', *, *, #1082, .T. ) ;
#1859 = DIRECTION ( 'NONE',  ( 0.000000000000000000, 0.000000000000000000, 1.000000000000000000 ) ) ;
#1860 = AXIS2_PLACEMENT_3D ( 'NONE', #5791, #8951, #6744 ) ;
#1861 = VECTOR ( 'NONE', #7022, 1000.000000000000000 ) ;
#1862 = CARTESIAN_POINT ( 'NONE',  ( -490.9999999998082103, 0.000000000000000000, 132.9036976976976803 ) ) ;
#1863 = DIRECTION ( 'NONE',  ( 0.000000000000000000, 0.000000000000000000, 1.000000000000000000 ) ) ;
#1864 = ORIENTED_EDGE ( 'NONE', *, *, #6170, .F. ) ;
#1865 = CARTESIAN_POINT ( 'NONE',  ( 482.9999999998082103, -3.174999999999999822, 171.4036976976977087 ) ) ;
#1866 = AXIS2_PLACEMENT_3D ( 'NONE', #3259, #2349, #7815 ) ;
#1867 = CYLINDRICAL_SURFACE ( 'NONE', #2499, 2.750000000000030198 ) ;
#1868 = DIRECTION ( 'NONE',  ( -0.000000000000000000, 1.000000000000000000, 0.000000000000000000 ) ) ;
#1869 = CARTESIAN_POINT ( 'NONE',  ( -145.5000000000000000, -3.174999999999999822, -413.8463023023023197 ) ) ;
#1870 = ORIENTED_EDGE ( 'NONE', *, *, #5693, .T. ) ;
#1871 = CARTESIAN_POINT ( 'NONE',  ( 202.9974066286778793, 0.000000000000000000, -470.6724344287448503 ) ) ;
#1872 = EDGE_CURVE ( 'NONE', #3002, #2777, #4324, .T. ) ;
#1873 = AXIS2_PLACEMENT_3D ( 'NONE', #2185, #9114, #1534 ) ;
#1874 = DIRECTION ( 'NONE',  ( 0.000000000000000000, 0.000000000000000000, 1.000000000000000000 ) ) ;
#1875 = CIRCLE ( 'NONE', #2834, 3.250000000000030642 ) ;
#1876 = ORIENTED_EDGE ( 'NONE', *, *, #4930, .F. ) ;
#1877 = ORIENTED_EDGE ( 'NONE', *, *, #3476, .T. ) ;
#1878 = DIRECTION ( 'NONE',  ( 0.000000000000000000, 0.000000000000000000, 1.000000000000000000 ) ) ;
#1879 = DIRECTION ( 'NONE',  ( -0.9803806606322132966, 0.000000000000000000, -0.1971135719790623464 ) ) ;
#1880 = CARTESIAN_POINT ( 'NONE',  ( 597.4999999998080966, 0.000000000000000000, -315.5963023023024334 ) ) ;
#1881 = CARTESIAN_POINT ( 'NONE',  ( 587.4999999998080966, 0.000000000000000000, -337.3768998705953663 ) ) ;
#1882 = ORIENTED_EDGE ( 'NONE', *, *, #3820, .T. ) ;
#1883 = ADVANCED_FACE ( 'NONE', ( #1131 ), #1320, .F. ) ;
#1884 = CARTESIAN_POINT ( 'NONE',  ( -558.9999999998083240, 0.000000000000000000, 114.9036976976977371 ) ) ;
#1885 = VERTEX_POINT ( 'NONE', #9701 ) ;
#1886 = ADVANCED_FACE ( 'NONE', ( #5029 ), #8088, .F. ) ;
#1887 = AXIS2_PLACEMENT_3D ( 'NONE', #9483, #314, #5711 ) ;
#1888 = VECTOR ( 'NONE', #1677, 1000.000000000000000 ) ;
#1889 = ORIENTED_EDGE ( 'NONE', *, *, #5901, .F. ) ;
#1890 = DIRECTION ( 'NONE',  ( 0.000000000000000000, 0.000000000000000000, 1.000000000000000000 ) ) ;
#1891 = ORIENTED_EDGE ( 'NONE', *, *, #5662, .T. ) ;
#1892 = AXIS2_PLACEMENT_3D ( 'NONE', #9092, #819, #9241 ) ;
#1893 = CYLINDRICAL_SURFACE ( 'NONE', #4848, 2.749999999999974687 ) ;
#1894 = DIRECTION ( 'NONE',  ( -0.000000000000000000, -1.000000000000000000, -0.000000000000000000 ) ) ;
#1895 = CARTESIAN_POINT ( 'NONE',  ( 169.4999999999999147, -3.174999999999999822, -417.0963023023022060 ) ) ;
#1896 = CARTESIAN_POINT ( 'NONE',  ( -567.4999999998083240, -3.174999999999999822, 141.4036976976977940 ) ) ;
#1897 = AXIS2_PLACEMENT_3D ( 'NONE', #8638, #2425, #7083 ) ;
#1898 = VERTEX_POINT ( 'NONE', #8188 ) ;
#1899 = ORIENTED_EDGE ( 'NONE', *, *, #7431, .F. ) ;
#1900 = CARTESIAN_POINT ( 'NONE',  ( 163.5995066845797226, 6.825000000000000178, -450.0775332806430811 ) ) ;
#1901 = ADVANCED_FACE ( 'NONE', ( #4179 ), #5879, .F. ) ;
#1902 = EDGE_LOOP ( 'NONE', ( #4829, #7495, #9184, #3157 ) ) ;
#1903 = VECTOR ( 'NONE', #5478, 1000.000000000000000 ) ;
#1904 = CYLINDRICAL_SURFACE ( 'NONE', #6388, 3.000000000000002665 ) ;
#1905 = CARTESIAN_POINT ( 'NONE',  ( 490.4422290952782646, 0.000000000000000000, -373.6088350285747310 ) ) ;
#1906 = EDGE_CURVE ( 'NONE', #6202, #7673, #2786, .T. ) ;
#1907 = ADVANCED_FACE ( 'NONE', ( #7427 ), #7238, .F. ) ;
#1908 = CARTESIAN_POINT ( 'NONE',  ( 534.6224504095173415, -3.174999999999999822, -403.9964997002883251 ) ) ;
#1909 = ORIENTED_EDGE ( 'NONE', *, *, #3682, .F. ) ;
#1910 = FACE_OUTER_BOUND ( 'NONE', #4967, .T. ) ;
#1911 = AXIS2_PLACEMENT_3D ( 'NONE', #7725, #4027, #4070 ) ;
#1912 = VECTOR ( 'NONE', #9360, 1000.000000000000000 ) ;
#1913 = AXIS2_PLACEMENT_3D ( 'NONE', #3785, #9198, #1524 ) ;
#1914 = FACE_OUTER_BOUND ( 'NONE', #6159, .T. ) ;
#1915 = FACE_OUTER_BOUND ( 'NONE', #7862, .T. ) ;
#1916 = ORIENTED_EDGE ( 'NONE', *, *, #5641, .F. ) ;
#1917 = DIRECTION ( 'NONE',  ( 0.000000000000000000, 0.000000000000000000, -1.000000000000000000 ) ) ;
#1918 = LINE ( 'NONE', #1776, #4738 ) ;
#1919 = EDGE_CURVE ( 'NONE', #6683, #6801, #3189, .T. ) ;
#1920 = VECTOR ( 'NONE', #7908, 1000.000000000000000 ) ;
#1921 = CARTESIAN_POINT ( 'NONE',  ( -514.4999999998082103, -3.174999999999999822, 132.9036976976976803 ) ) ;
#1922 = EDGE_LOOP ( 'NONE', ( #118, #4513, #2131, #6700 ) ) ;
#1924 = CARTESIAN_POINT ( 'NONE',  ( 542.6512624207499584, 0.000000000000000000, -394.1603608065975664 ) ) ;
#1923 = AXIS2_PLACEMENT_3D ( 'NONE', #3460, #466, #3560 ) ;
#1925 = LINE ( 'NONE', #2873, #3743 ) ;
#1926 = VECTOR ( 'NONE', #389, 1000.000000000000000 ) ;
#1927 = ORIENTED_EDGE ( 'NONE', *, *, #6699, .F. ) ;
#1928 = ORIENTED_EDGE ( 'NONE', *, *, #8011, .F. ) ;
#1929 = VECTOR ( 'NONE', #5237, 1000.000000000000000 ) ;
#1930 = CYLINDRICAL_SURFACE ( 'NONE', #9878, 3.000000000000002665 ) ;
#1931 = CARTESIAN_POINT ( 'NONE',  ( 290.9999999999997726, 0.000000000000000000, 171.4036976976978508 ) ) ;
#1932 = EDGE_CURVE ( 'NONE', #6715, #6318, #384, .T. ) ;
#1933 = DIRECTION ( 'NONE',  ( 0.000000000000000000, 0.000000000000000000, 1.000000000000000000 ) ) ;
#1934 = DIRECTION ( 'NONE',  ( -0.1971135719790632623, 0.000000000000000000, 0.9803806606322131856 ) ) ;
#1935 = ORIENTED_EDGE ( 'NONE', *, *, #8486, .T. ) ;
#1936 = CARTESIAN_POINT ( 'NONE',  ( 577.4999999998079829, 0.000000000000000000, -70.34630230230182235 ) ) ;
#1937 = EDGE_LOOP ( 'NONE', ( #8615, #6411 ) ) ;
#1938 = AXIS2_PLACEMENT_3D ( 'NONE', #8443, #9907, #3027 ) ;
#1939 = ORIENTED_EDGE ( 'NONE', *, *, #218, .T. ) ;
#1940 = DIRECTION ( 'NONE',  ( 0.000000000000000000, 0.000000000000000000, 1.000000000000000000 ) ) ;
#1941 = EDGE_LOOP ( 'NONE', ( #7423, #8605, #4250, #2097 ) ) ;
#1942 = DIRECTION ( 'NONE',  ( 0.000000000000000000, 0.000000000000000000, 1.000000000000000000 ) ) ;
#1943 = CARTESIAN_POINT ( 'NONE',  ( -558.9999999998083240, 0.000000000000000000, 112.9036976976977371 ) ) ;
#1944 = ADVANCED_FACE ( 'NONE', ( #5734 ), #9605, .F. ) ;
#1945 = DIRECTION ( 'NONE',  ( 0.000000000000000000, -1.000000000000000000, 0.000000000000000000 ) ) ;
#1946 = CARTESIAN_POINT ( 'NONE',  ( -274.7721475884721940, 0.000000000000000000, -453.1814982474873545 ) ) ;
#1947 = VECTOR ( 'NONE', #6071, 1000.000000000000000 ) ;
#1948 = ORIENTED_EDGE ( 'NONE', *, *, #8680, .F. ) ;
#1949 = EDGE_LOOP ( 'NONE', ( #9770, #7008, #7497, #2352 ) ) ;
#1950 = AXIS2_PLACEMENT_3D ( 'NONE', #3964, #7768, #7824 ) ;
#1951 = CARTESIAN_POINT ( 'NONE',  ( -348.0000000000000000, 0.000000000000000000, -366.8463023023023766 ) ) ;
#1952 = ORIENTED_EDGE ( 'NONE', *, *, #7949, .F. ) ;
#1953 = DIRECTION ( 'NONE',  ( 0.000000000000000000, 0.000000000000000000, 1.000000000000000000 ) ) ;
#1954 = DIRECTION ( 'NONE',  ( -0.000000000000000000, 1.000000000000000000, -0.000000000000000000 ) ) ;
#1955 = CARTESIAN_POINT ( 'NONE',  ( -287.9999999999997726, 0.000000000000000000, 132.9036976976976803 ) ) ;
#1956 = ORIENTED_EDGE ( 'NONE', *, *, #5564, .F. ) ;
#1957 = ORIENTED_EDGE ( 'NONE', *, *, #9408, .T. ) ;
#1958 = LINE ( 'NONE', #323, #9445 ) ;
#1959 = ADVANCED_FACE ( 'NONE', ( #2165 ), #9095, .F. ) ;
#1960 = CARTESIAN_POINT ( 'NONE',  ( 511.4999999998079829, 0.000000000000000000, 171.4036976976977087 ) ) ;
#1961 = VECTOR ( 'NONE', #2643, 1000.000000000000000 ) ;
#1962 = EDGE_LOOP ( 'NONE', ( #496, #7012, #1662, #539 ) ) ;
#1963 = CARTESIAN_POINT ( 'NONE',  ( -94.00000000000001421, 0.000000000000000000, -433.0963023023023766 ) ) ;
#1964 = CARTESIAN_POINT ( 'NONE',  ( -274.7721475884721372, -3.174999999999999822, -453.1814982474873545 ) ) ;
#1965 = CARTESIAN_POINT ( 'NONE',  ( 467.5381507512520898, 0.000000000000000000, -414.4243124263797995 ) ) ;
#1966 = VERTEX_POINT ( 'NONE', #2973 ) ;
#1967 = DIRECTION ( 'NONE',  ( -0.000000000000000000, 1.000000000000000000, -0.000000000000000000 ) ) ;
#1968 = AXIS2_PLACEMENT_3D ( 'NONE', #2937, #542, #2892 ) ;
#1969 = EDGE_CURVE ( 'NONE', #8841, #6827, #6929, .T. ) ;
#1970 = DIRECTION ( 'NONE',  ( 0.000000000000000000, 0.000000000000000000, -1.000000000000000000 ) ) ;
#1971 = ADVANCED_FACE ( 'NONE', ( #723 ), #6832, .T. ) ;
#1972 = PLANE ( 'NONE',  #9362 ) ;
#1973 = VERTEX_POINT ( 'NONE', #4520 ) ;
#1974 = VERTEX_POINT ( 'NONE', #678 ) ;
#1975 = DIRECTION ( 'NONE',  ( 0.9803806606322130746, 0.000000000000000000, -0.1971135719790633456 ) ) ;
#1976 = DIRECTION ( 'NONE',  ( 0.9803806606322138517, -0.000000000000000000, 0.1971135719790600427 ) ) ;
#1977 = CARTESIAN_POINT ( 'NONE',  ( -293.9999999999998295, -3.174999999999999822, 171.4036976976977655 ) ) ;
#1978 = DIRECTION ( 'NONE',  ( 0.1971135719790633178, -0.000000000000000000, 0.9803806606322130746 ) ) ;
#1979 = EDGE_CURVE ( 'NONE', #4346, #8007, #4469, .T. ) ;
#1980 = VERTEX_POINT ( 'NONE', #7624 ) ;
#1981 = DIRECTION ( 'NONE',  ( -1.000000000000000000, -0.000000000000000000, -0.000000000000000000 ) ) ;
#1982 = ORIENTED_EDGE ( 'NONE', *, *, #9274, .T. ) ;
#1983 = EDGE_CURVE ( 'NONE', #1466, #9640, #774, .T. ) ;
#1984 = EDGE_CURVE ( 'NONE', #5863, #9849, #1420, .T. ) ;
#1985 = CIRCLE ( 'NONE', #3904, 3.000000000000002665 ) ;
#1986 = VERTEX_POINT ( 'NONE', #5329 ) ;
#1987 = CARTESIAN_POINT ( 'NONE',  ( -555.9999999998083240, -3.174999999999999822, 89.90369769769773711 ) ) ;
#1988 = VERTEX_POINT ( 'NONE', #3775 ) ;
#1989 = CARTESIAN_POINT ( 'NONE',  ( -68.50000000000001421, -3.174999999999999822, -433.1382624107525885 ) ) ;
#1990 = DIRECTION ( 'NONE',  ( -0.000000000000000000, 1.000000000000000000, -0.000000000000000000 ) ) ;
#1991 = DIRECTION ( 'NONE',  ( 0.000000000000000000, 0.000000000000000000, 1.000000000000000000 ) ) ;
#1992 = FACE_OUTER_BOUND ( 'NONE', #7307, .T. ) ;
#1993 = ORIENTED_EDGE ( 'NONE', *, *, #2866, .T. ) ;
#1994 = ORIENTED_EDGE ( 'NONE', *, *, #2707, .T. ) ;
#1995 = LINE ( 'NONE', #1851, #5248 ) ;
#1996 = EDGE_CURVE ( 'NONE', #4073, #7994, #5226, .T. ) ;
#1997 = ORIENTED_EDGE ( 'NONE', *, *, #8779, .F. ) ;
#1998 = CARTESIAN_POINT ( 'NONE',  ( 487.8901270580765868, 0.000000000000000000, -371.0619201906362150 ) ) ;
#1999 = DIRECTION ( 'NONE',  ( 0.000000000000000000, 0.000000000000000000, 1.000000000000000000 ) ) ;
#2000 = AXIS2_PLACEMENT_3D ( 'NONE', #4045, #8657, #8703 ) ;
#2001 = EDGE_CURVE ( 'NONE', #2092, #8879, #9902, .T. ) ;
#2002 = VECTOR ( 'NONE', #288, 1000.000000000000000 ) ;
#2003 = EDGE_LOOP ( 'NONE', ( #4751, #9203, #840, #5015 ) ) ;
#2004 = CARTESIAN_POINT ( 'NONE',  ( -94.00000000000001421, 0.000000000000000000, -471.5963023023023197 ) ) ;
#2005 = ORIENTED_EDGE ( 'NONE', *, *, #2348, .T. ) ;
#2006 = CIRCLE ( 'NONE', #8089, 3.000000000000002665 ) ;
#2007 = ORIENTED_EDGE ( 'NONE', *, *, #2418, .T. ) ;
#2008 = ADVANCED_FACE ( 'NONE', ( #8386 ), #4417, .F. ) ;
#2009 = AXIS2_PLACEMENT_3D ( 'NONE', #1414, #9697, #9655 ) ;
#2010 = DIRECTION ( 'NONE',  ( -1.000000000000000000, 0.000000000000000000, 7.209240419646269740E-17 ) ) ;
#2011 = CARTESIAN_POINT ( 'NONE',  ( 556.0419601082581949, -3.174999999999999822, -282.0963023023024334 ) ) ;
#2012 = CIRCLE ( 'NONE', #2970, 3.000000000000002665 ) ;
#2013 = VERTEX_POINT ( 'NONE', #29 ) ;
#2014 = DIRECTION ( 'NONE',  ( -0.000000000000000000, 1.000000000000000000, -0.000000000000000000 ) ) ;
#2015 = EDGE_CURVE ( 'NONE', #4877, #8220, #5592, .T. ) ;
#2016 = CIRCLE ( 'NONE', #4570, 3.000000000000002665 ) ;
#2017 = DIRECTION ( 'NONE',  ( 1.000000000000000000, -0.000000000000000000, 0.000000000000000000 ) ) ;
#2018 = ORIENTED_EDGE ( 'NONE', *, *, #9312, .F. ) ;
#2019 = CIRCLE ( 'NONE', #9873, 10.00000000000000888 ) ;
#2020 = DIRECTION ( 'NONE',  ( 1.000000000000000000, 0.000000000000000000, 0.000000000000000000 ) ) ;
#2021 = DIRECTION ( 'NONE',  ( 0.000000000000000000, -1.000000000000000000, 0.000000000000000000 ) ) ;
#2022 = DIRECTION ( 'NONE',  ( -0.000000000000000000, 1.000000000000000000, -0.000000000000000000 ) ) ;
#2023 = ORIENTED_EDGE ( 'NONE', *, *, #8199, .F. ) ;
#2024 = CIRCLE ( 'NONE', #1721, 2.749999999999974687 ) ;
#2025 = VERTEX_POINT ( 'NONE', #9191 ) ;
#2026 = CARTESIAN_POINT ( 'NONE',  ( 264.8334738013186325, -3.174999999999999822, -418.9693255109810366 ) ) ;
#2027 = CARTESIAN_POINT ( 'NONE',  ( 577.4999999998080966, 0.000000000000000000, 171.4036976976977087 ) ) ;
#2028 = EDGE_CURVE ( 'NONE', #4014, #3767, #2315, .T. ) ;
#2029 = CARTESIAN_POINT ( 'NONE',  ( 558.9999999998079829, 0.000000000000000000, -312.5963023023024334 ) ) ;
#2030 = CARTESIAN_POINT ( 'NONE',  ( -348.0000000000000000, 6.825000000000000178, -372.3463023023023197 ) ) ;
#2031 = VECTOR ( 'NONE', #2941, 1000.000000000000000 ) ;
#2032 = ORIENTED_EDGE ( 'NONE', *, *, #8518, .F. ) ;
#2033 = DIRECTION ( 'NONE',  ( -0.000000000000000000, 1.000000000000000000, -0.000000000000000000 ) ) ;
#2034 = ORIENTED_EDGE ( 'NONE', *, *, #1872, .T. ) ;
#2035 = AXIS2_PLACEMENT_3D ( 'NONE', #7551, #4387, #7449 ) ;
#2036 = ORIENTED_EDGE ( 'NONE', *, *, #1032, .F. ) ;
#2037 = CIRCLE ( 'NONE', #6203, 10.00000000000000888 ) ;
#2038 = EDGE_CURVE ( 'NONE', #5744, #7386, #3876, .T. ) ;
#2039 = DIRECTION ( 'NONE',  ( -0.000000000000000000, -0.000000000000000000, -1.000000000000000000 ) ) ;
#2040 = ORIENTED_EDGE ( 'NONE', *, *, #9884, .T. ) ;
#2041 = DIRECTION ( 'NONE',  ( -0.000000000000000000, 1.000000000000000000, -0.000000000000000000 ) ) ;
#2042 = FACE_OUTER_BOUND ( 'NONE', #8417, .T. ) ;
#2043 = CARTESIAN_POINT ( 'NONE',  ( 597.4999999998079829, -3.174999999999999822, 112.9036976976977371 ) ) ;
#2044 = DIRECTION ( 'NONE',  ( 0.000000000000000000, 1.000000000000000000, -0.000000000000000000 ) ) ;
#2045 = VERTEX_POINT ( 'NONE', #6177 ) ;
#2046 = VECTOR ( 'NONE', #4711, 1000.000000000000000 ) ;
#2047 = CYLINDRICAL_SURFACE ( 'NONE', #6000, 3.000000000000002665 ) ;
#2048 = CARTESIAN_POINT ( 'NONE',  ( 467.5381507512523171, -3.174999999999999822, -414.4243124263797426 ) ) ;
#2049 = ORIENTED_EDGE ( 'NONE', *, *, #4178, .T. ) ;
#2050 = DIRECTION ( 'NONE',  ( 0.000000000000000000, 0.000000000000000000, -1.000000000000000000 ) ) ;
#2051 = CARTESIAN_POINT ( 'NONE',  ( -488.4814677740138791, 0.000000000000000000, -374.0030621725326796 ) ) ;
#2052 = CYLINDRICAL_SURFACE ( 'NONE', #3332, 3.000000000000002665 ) ;
#2053 = EDGE_CURVE ( 'NONE', #6961, #2073, #8232, .T. ) ;
#2054 = VERTEX_POINT ( 'NONE', #6783 ) ;
#2055 = LINE ( 'NONE', #6724, #6250 ) ;
#2056 = ORIENTED_EDGE ( 'NONE', *, *, #385, .T. ) ;
#2057 = ORIENTED_EDGE ( 'NONE', *, *, #4507, .T. ) ;
#2058 = DIRECTION ( 'NONE',  ( 0.9803806606322132966, 0.000000000000000000, -0.1971135719790623464 ) ) ;
#2059 = AXIS2_PLACEMENT_3D ( 'NONE', #2656, #5715, #1253 ) ;
#2060 = CYLINDRICAL_SURFACE ( 'NONE', #9592, 3.000000000000002665 ) ;
#2061 = VERTEX_POINT ( 'NONE', #1366 ) ;
#2062 = CARTESIAN_POINT ( 'NONE',  ( 191.0092538959338242, 6.825000000000000178, -432.2822724184622984 ) ) ;
#2063 = EDGE_CURVE ( 'NONE', #6192, #6564, #6738, .T. ) ;
#2064 = VECTOR ( 'NONE', #1724, 1000.000000000000000 ) ;
#2065 = CARTESIAN_POINT ( 'NONE',  ( 514.4999999998079829, 0.000000000000000000, 132.9036976976976803 ) ) ;
#2066 = ORIENTED_EDGE ( 'NONE', *, *, #9075, .T. ) ;
#2067 = DIRECTION ( 'NONE',  ( -0.000000000000000000, -1.000000000000000000, -0.000000000000000000 ) ) ;
#2068 = CIRCLE ( 'NONE', #9447, 3.000000000000002665 ) ;
#2069 = CARTESIAN_POINT ( 'NONE',  ( 493.1291983133108943, 0.000000000000000000, -412.3390583228102741 ) ) ;
#2070 = CARTESIAN_POINT ( 'NONE',  ( -402.0000000000000000, 6.825000000000000178, 106.4036976976978366 ) ) ;
#2071 = VECTOR ( 'NONE', #8476, 1000.000000000000000 ) ;
#2072 = EDGE_LOOP ( 'NONE', ( #901, #6716 ) ) ;
#2073 = VERTEX_POINT ( 'NONE', #3675 ) ;
#2074 = VECTOR ( 'NONE', #3694, 1000.000000000000000 ) ;
#2075 = DIRECTION ( 'NONE',  ( 0.000000000000000000, 0.000000000000000000, 1.000000000000000000 ) ) ;
#2076 = CARTESIAN_POINT ( 'NONE',  ( -145.5000000000000000, 6.825000000000000178, -420.3463023023023766 ) ) ;
#2077 = DIRECTION ( 'NONE',  ( 0.000000000000000000, -1.000000000000000000, 0.000000000000000000 ) ) ;
#2078 = LINE ( 'NONE', #5086, #9577 ) ;
#2079 = ORIENTED_EDGE ( 'NONE', *, *, #3361, .F. ) ;
#2080 = CARTESIAN_POINT ( 'NONE',  ( -463.4817609278923669, 0.000000000000000000, -379.0294582579988969 ) ) ;
#2081 = ORIENTED_EDGE ( 'NONE', *, *, #5526, .F. ) ;
#2082 = CIRCLE ( 'NONE', #7679, 2.749999999999974687 ) ;
#2083 = EDGE_CURVE ( 'NONE', #5863, #607, #5975, .T. ) ;
#2084 = ORIENTED_EDGE ( 'NONE', *, *, #8542, .F. ) ;
#2085 = AXIS2_PLACEMENT_3D ( 'NONE', #1113, #4769, #5516 ) ;
#2086 = FACE_OUTER_BOUND ( 'NONE', #2242, .T. ) ;
#2087 = ORIENTED_EDGE ( 'NONE', *, *, #5880, .F. ) ;
#2088 = CYLINDRICAL_SURFACE ( 'NONE', #2455, 3.000000000000002665 ) ;
#2089 = LINE ( 'NONE', #6610, #5439 ) ;
#2090 = DIRECTION ( 'NONE',  ( 0.9803806606322130746, 0.000000000000000000, 0.1971135719790632346 ) ) ;
#2091 = FACE_OUTER_BOUND ( 'NONE', #6013, .T. ) ;
#2092 = VERTEX_POINT ( 'NONE', #9847 ) ;
#2093 = AXIS2_PLACEMENT_3D ( 'NONE', #7586, #6841, #5137 ) ;
#2094 = EDGE_LOOP ( 'NONE', ( #1836, #8349, #869, #3268 ) ) ;
#2095 = DIRECTION ( 'NONE',  ( 0.000000000000000000, 0.000000000000000000, 1.000000000000000000 ) ) ;
#2096 = EDGE_CURVE ( 'NONE', #7712, #6576, #3231, .T. ) ;
#2097 = ORIENTED_EDGE ( 'NONE', *, *, #7975, .T. ) ;
#2098 = VECTOR ( 'NONE', #2868, 1000.000000000000000 ) ;
#2099 = DIRECTION ( 'NONE',  ( 0.000000000000000000, -1.000000000000000000, 0.000000000000000000 ) ) ;
#2100 = DIRECTION ( 'NONE',  ( 1.000000000000000000, 0.000000000000000000, -1.696813561850769255E-16 ) ) ;
#2101 = CARTESIAN_POINT ( 'NONE',  ( -503.9133855802655262, 0.000000000000000000, -410.1708090310403918 ) ) ;
#2102 = EDGE_LOOP ( 'NONE', ( #7306, #1829, #1234, #5468 ) ) ;
#2103 = EDGE_CURVE ( 'NONE', #9510, #2690, #6432, .T. ) ;
#2104 = FACE_OUTER_BOUND ( 'NONE', #1571, .T. ) ;
#2105 = ORIENTED_EDGE ( 'NONE', *, *, #6190, .T. ) ;
#2106 = EDGE_CURVE ( 'NONE', #96, #4455, #1021, .T. ) ;
#2107 = ORIENTED_EDGE ( 'NONE', *, *, #523, .F. ) ;
#2108 = DIRECTION ( 'NONE',  ( -7.209240419646269740E-17, 0.000000000000000000, -1.000000000000000000 ) ) ;
#2109 = CARTESIAN_POINT ( 'NONE',  ( -542.5486554916994919, -3.174999999999999822, -362.4253983016486700 ) ) ;
#2110 = EDGE_CURVE ( 'NONE', #2763, #843, #7026, .T. ) ;
#2111 = AXIS2_PLACEMENT_3D ( 'NONE', #6914, #219, #7119 ) ;
#2112 = VERTEX_POINT ( 'NONE', #868 ) ;
#2113 = CARTESIAN_POINT ( 'NONE',  ( 487.9999999998082103, -3.174999999999999822, 132.9036976976976803 ) ) ;
#2114 = CARTESIAN_POINT ( 'NONE',  ( 278.3046302863058372, -3.174999999999999822, -455.5312995134469247 ) ) ;
#2115 = EDGE_LOOP ( 'NONE', ( #9120, #6217, #5199, #783 ) ) ;
#2116 = CYLINDRICAL_SURFACE ( 'NONE', #4561, 2.750000000000030198 ) ;
#2117 = FACE_BOUND ( 'NONE', #6094, .T. ) ;
#2118 = DIRECTION ( 'NONE',  ( -0.000000000000000000, 1.000000000000000000, -0.000000000000000000 ) ) ;
#2119 = EDGE_LOOP ( 'NONE', ( #9537, #8904 ) ) ;
#2120 = VERTEX_POINT ( 'NONE', #3275 ) ;
#2121 = FACE_BOUND ( 'NONE', #1368, .T. ) ;
#2122 = DIRECTION ( 'NONE',  ( 0.000000000000000000, 0.000000000000000000, 1.000000000000000000 ) ) ;
#2123 = CIRCLE ( 'NONE', #1485, 10.00000000000000888 ) ;
#2124 = DIRECTION ( 'NONE',  ( -0.000000000000000000, -1.000000000000000000, -0.000000000000000000 ) ) ;
#2125 = DIRECTION ( 'NONE',  ( 0.000000000000000000, 0.000000000000000000, -1.000000000000000000 ) ) ;
#2126 = ORIENTED_EDGE ( 'NONE', *, *, #8079, .F. ) ;
#2127 = DIRECTION ( 'NONE',  ( 0.000000000000000000, -1.000000000000000000, 0.000000000000000000 ) ) ;
#2128 = EDGE_CURVE ( 'NONE', #9437, #6440, #7831, .T. ) ;
#2129 = VERTEX_POINT ( 'NONE', #4828 ) ;
#2130 = DIRECTION ( 'NONE',  ( -0.000000000000000000, 1.000000000000000000, -0.000000000000000000 ) ) ;
#2131 = ORIENTED_EDGE ( 'NONE', *, *, #5093, .T. ) ;
#2132 = LINE ( 'NONE', #4384, #8700 ) ;
#2133 = EDGE_CURVE ( 'NONE', #9381, #6206, #9299, .T. ) ;
#2134 = DIRECTION ( 'NONE',  ( 0.000000000000000000, -1.000000000000000000, -0.000000000000000000 ) ) ;
#2135 = DIRECTION ( 'NONE',  ( 0.000000000000000000, 0.000000000000000000, 1.000000000000000000 ) ) ;
#2136 = DIRECTION ( 'NONE',  ( -0.1971135719790633178, 0.000000000000000000, -0.9803806606322130746 ) ) ;
#2137 = EDGE_CURVE ( 'NONE', #607, #2444, #1818, .T. ) ;
#2138 = ORIENTED_EDGE ( 'NONE', *, *, #5998, .T. ) ;
#2139 = CARTESIAN_POINT ( 'NONE',  ( -581.4422714393892875, 0.000000000000000000, -394.5829907101505114 ) ) ;
#2140 = EDGE_CURVE ( 'NONE', #5228, #881, #4072, .T. ) ;
#2141 = ORIENTED_EDGE ( 'NONE', *, *, #5967, .T. ) ;
#2142 = ORIENTED_EDGE ( 'NONE', *, *, #8889, .T. ) ;
#2143 = DIRECTION ( 'NONE',  ( 0.000000000000000000, -1.000000000000000000, 0.000000000000000000 ) ) ;
#2144 = DIRECTION ( 'NONE',  ( 0.000000000000000000, 0.000000000000000000, 1.000000000000000000 ) ) ;
#2145 = DIRECTION ( 'NONE',  ( 0.000000000000000000, -1.000000000000000000, 0.000000000000000000 ) ) ;
#2146 = DIRECTION ( 'NONE',  ( 0.000000000000000000, -1.000000000000000000, 0.000000000000000000 ) ) ;
#2147 = ORIENTED_EDGE ( 'NONE', *, *, #3980, .F. ) ;
#2148 = ADVANCED_FACE ( 'NONE', ( #2372 ), #278, .T. ) ;
#2149 = DIRECTION ( 'NONE',  ( 0.000000000000000000, 0.000000000000000000, 1.000000000000000000 ) ) ;
#2150 = ORIENTED_EDGE ( 'NONE', *, *, #1370, .T. ) ;
#2151 = ORIENTED_EDGE ( 'NONE', *, *, #6285, .T. ) ;
#2152 = EDGE_CURVE ( 'NONE', #67, #1164, #4726, .T. ) ;
#2153 = CARTESIAN_POINT ( 'NONE',  ( 287.9999999999997726, -3.174999999999999822, 132.9036976976976803 ) ) ;
#2154 = CIRCLE ( 'NONE', #8727, 2.749999999999974687 ) ;
#2155 = ORIENTED_EDGE ( 'NONE', *, *, #3541, .F. ) ;
#2156 = VECTOR ( 'NONE', #100, 1000.000000000000000 ) ;
#2157 = CARTESIAN_POINT ( 'NONE',  ( 401.9999999999994884, 6.825000000000000178, 106.4036976976980640 ) ) ;
#2158 = EDGE_CURVE ( 'NONE', #6862, #8449, #1746, .T. ) ;
#2159 = DIRECTION ( 'NONE',  ( 0.000000000000000000, 0.000000000000000000, 1.000000000000000000 ) ) ;
#2160 = ORIENTED_EDGE ( 'NONE', *, *, #3125, .F. ) ;
#2161 = CIRCLE ( 'NONE', #9209, 2.749999999999974687 ) ;
#2162 = DIRECTION ( 'NONE',  ( 0.000000000000000000, -1.000000000000000000, 0.000000000000000000 ) ) ;
#2163 = VECTOR ( 'NONE', #6977, 1000.000000000000000 ) ;
#2164 = CARTESIAN_POINT ( 'NONE',  ( -522.4999999998083240, -3.174999999999999822, 171.4036976976977940 ) ) ;
#2165 = FACE_OUTER_BOUND ( 'NONE', #6090, .T. ) ;
#2166 = VERTEX_POINT ( 'NONE', #231 ) ;
#2167 = ORIENTED_EDGE ( 'NONE', *, *, #64, .T. ) ;
#2168 = CIRCLE ( 'NONE', #5540, 3.250000000000030642 ) ;
#2169 = AXIS2_PLACEMENT_3D ( 'NONE', #1314, #4363, #7421 ) ;
#2170 = LINE ( 'NONE', #7388, #3937 ) ;
#2171 = DIRECTION ( 'NONE',  ( 0.000000000000000000, -1.000000000000000000, 0.000000000000000000 ) ) ;
#2172 = LINE ( 'NONE', #3731, #7920 ) ;
#2173 = DIRECTION ( 'NONE',  ( -0.000000000000000000, 1.000000000000000000, -0.000000000000000000 ) ) ;
#2174 = EDGE_CURVE ( 'NONE', #7144, #1756, #3175, .T. ) ;
#2175 = CARTESIAN_POINT ( 'NONE',  ( 240.3239572855132451, 0.000000000000000000, -423.8971648104576389 ) ) ;
#2176 = AXIS2_PLACEMENT_3D ( 'NONE', #3792, #6251, #3036 ) ;
#2177 = AXIS2_PLACEMENT_3D ( 'NONE', #3113, #177, #1511 ) ;
#2178 = ORIENTED_EDGE ( 'NONE', *, *, #2209, .T. ) ;
#2179 = DIRECTION ( 'NONE',  ( -0.1971135719790618190, 0.000000000000000000, 0.9803806606322132966 ) ) ;
#2180 = VERTEX_POINT ( 'NONE', #1772 ) ;
#2181 = CARTESIAN_POINT ( 'NONE',  ( 500.3809028824315419, 0.000000000000000000, -407.8210077650811058 ) ) ;
#2182 = CYLINDRICAL_SURFACE ( 'NONE', #1132, 9.999999999999994671 ) ;
#2183 = CIRCLE ( 'NONE', #5717, 3.000000000000002665 ) ;
#2184 = CARTESIAN_POINT ( 'NONE',  ( 577.4999999998079829, 0.000000000000000000, -67.59630230230179393 ) ) ;
#2185 = CARTESIAN_POINT ( 'NONE',  ( -169.5000000000000000, 6.825000000000000178, -417.0963023023023197 ) ) ;
#2186 = AXIS2_PLACEMENT_3D ( 'NONE', #4855, #3447, #2555 ) ;
#2187 = VERTEX_POINT ( 'NONE', #2573 ) ;
#2188 = ADVANCED_FACE ( 'NONE', ( #5627 ), #1725, .F. ) ;
#2189 = CARTESIAN_POINT ( 'NONE',  ( 264.7405943225547844, -1.587499999999999467, -415.9707636219374649 ) ) ;
#2190 = CIRCLE ( 'NONE', #137, 10.00000000000000888 ) ;
#2191 = VERTEX_POINT ( 'NONE', #973 ) ;
#2192 = EDGE_CURVE ( 'NONE', #6697, #106, #7928, .T. ) ;
#2193 = DIRECTION ( 'NONE',  ( -0.003233228736870128600, -0.000000000000000000, -0.9999947731023072217 ) ) ;
#2194 = ORIENTED_EDGE ( 'NONE', *, *, #1872, .F. ) ;
#2195 = CYLINDRICAL_SURFACE ( 'NONE', #6616, 3.000000000000002665 ) ;
#2196 = CARTESIAN_POINT ( 'NONE',  ( -594.4999999998082103, 0.000000000000000000, -287.5963023023023197 ) ) ;
#2197 = CARTESIAN_POINT ( 'NONE',  ( 93.99999999999990052, -3.174999999999999822, -433.0963023023023766 ) ) ;
#2198 = FACE_OUTER_BOUND ( 'NONE', #3584, .T. ) ;
#2199 = VECTOR ( 'NONE', #4425, 1000.000000000000000 ) ;
#2200 = VERTEX_POINT ( 'NONE', #1066 ) ;
#2201 = DIRECTION ( 'NONE',  ( 0.000000000000000000, 0.000000000000000000, 1.000000000000000000 ) ) ;
#2202 = ORIENTED_EDGE ( 'NONE', *, *, #4590, .T. ) ;
#2203 = EDGE_CURVE ( 'NONE', #5819, #4443, #7031, .T. ) ;
#2204 = VERTEX_POINT ( 'NONE', #7727 ) ;
#2205 = DIRECTION ( 'NONE',  ( 1.696813561850769255E-16, 0.000000000000000000, 1.000000000000000000 ) ) ;
#2206 = CIRCLE ( 'NONE', #8128, 3.000000000000002665 ) ;
#2207 = EDGE_CURVE ( 'NONE', #5819, #8363, #3370, .T. ) ;
#2208 = CARTESIAN_POINT ( 'NONE',  ( -597.4999999998082103, -3.174999999999999822, 151.4036976976976518 ) ) ;
#2209 = EDGE_CURVE ( 'NONE', #665, #8823, #8593, .T. ) ;
#2210 = ORIENTED_EDGE ( 'NONE', *, *, #6381, .F. ) ;
#2211 = CARTESIAN_POINT ( 'NONE',  ( 102.9999999999999147, 0.000000000000000000, -471.5963023023023766 ) ) ;
#2212 = LINE ( 'NONE', #6922, #3863 ) ;
#2213 = VERTEX_POINT ( 'NONE', #4166 ) ;
#2214 = AXIS2_PLACEMENT_3D ( 'NONE', #4313, #561, #1863 ) ;
#2215 = DIRECTION ( 'NONE',  ( 0.000000000000000000, 0.000000000000000000, -1.000000000000000000 ) ) ;
#2216 = CARTESIAN_POINT ( 'NONE',  ( 202.9974066286778793, 0.000000000000000000, -470.6724344287448503 ) ) ;
#2217 = ADVANCED_FACE ( 'NONE', ( #1915 ), #2810, .F. ) ;
#2218 = DIRECTION ( 'NONE',  ( 0.000000000000000000, 0.000000000000000000, 1.000000000000000000 ) ) ;
#2219 = ORIENTED_EDGE ( 'NONE', *, *, #8346, .F. ) ;
#2220 = VECTOR ( 'NONE', #4621, 1000.000000000000000 ) ;
#2221 = ORIENTED_EDGE ( 'NONE', *, *, #4408, .F. ) ;
#2222 = AXIS2_PLACEMENT_3D ( 'NONE', #2421, #5279, #125 ) ;
#2223 = DIRECTION ( 'NONE',  ( 1.000000000000000000, 0.000000000000000000, -0.000000000000000000 ) ) ;
#2224 = FACE_OUTER_BOUND ( 'NONE', #4764, .T. ) ;
#2225 = AXIS2_PLACEMENT_3D ( 'NONE', #3854, #895, #5309 ) ;
#2226 = DIRECTION ( 'NONE',  ( 0.000000000000000000, 0.000000000000000000, -1.000000000000000000 ) ) ;
#2227 = CARTESIAN_POINT ( 'NONE',  ( 577.4999999998079829, 6.825000000000000178, -127.0963023023018508 ) ) ;
#2228 = DIRECTION ( 'NONE',  ( 0.000000000000000000, 1.000000000000000000, 0.000000000000000000 ) ) ;
#2229 = VECTOR ( 'NONE', #8590, 1000.000000000000227 ) ;
#2230 = AXIS2_PLACEMENT_3D ( 'NONE', #926, #1732, #5484 ) ;
#2231 = AXIS2_PLACEMENT_3D ( 'NONE', #5898, #3641, #9573 ) ;
#2232 = ORIENTED_EDGE ( 'NONE', *, *, #2038, .T. ) ;
#2233 = EDGE_CURVE ( 'NONE', #1321, #96, #1110, .T. ) ;
#2234 = ORIENTED_EDGE ( 'NONE', *, *, #745, .T. ) ;
#2235 = CARTESIAN_POINT ( 'NONE',  ( 288.4999999999997726, 0.000000000000000000, 129.9456578061478922 ) ) ;
#2236 = DIRECTION ( 'NONE',  ( 0.000000000000000000, 0.000000000000000000, 1.000000000000000000 ) ) ;
#2237 = LINE ( 'NONE', #9675, #761 ) ;
#2238 = CARTESIAN_POINT ( 'NONE',  ( 169.4999999999999147, 0.000000000000000000, -417.0963023023022060 ) ) ;
#2239 = VERTEX_POINT ( 'NONE', #8935 ) ;
#2240 = AXIS2_PLACEMENT_3D ( 'NONE', #2828, #9661, #9558 ) ;
#2241 = CYLINDRICAL_SURFACE ( 'NONE', #8775, 3.000000000000002665 ) ;
#2242 = EDGE_LOOP ( 'NONE', ( #3727, #8375, #626, #5092 ) ) ;
#2243 = CIRCLE ( 'NONE', #502, 3.000000000000002665 ) ;
#2244 = CARTESIAN_POINT ( 'NONE',  ( 257.9999999999997158, 0.000000000000000000, 171.4036976976978508 ) ) ;
#2245 = ORIENTED_EDGE ( 'NONE', *, *, #446, .F. ) ;
#2246 = EDGE_CURVE ( 'NONE', #2444, #8955, #8463, .T. ) ;
#2247 = FACE_OUTER_BOUND ( 'NONE', #4604, .T. ) ;
#2248 = FACE_OUTER_BOUND ( 'NONE', #5212, .T. ) ;
#2249 = LINE ( 'NONE', #2197, #9723 ) ;
#2250 = CARTESIAN_POINT ( 'NONE',  ( 577.4999999998079829, -3.174999999999999822, -127.0963023023018508 ) ) ;
#2251 = AXIS2_PLACEMENT_3D ( 'NONE', #8345, #2982, #1481 ) ;
#2252 = ORIENTED_EDGE ( 'NONE', *, *, #8923, .T. ) ;
#2253 = DIRECTION ( 'NONE',  ( -0.000000000000000000, -1.000000000000000000, -0.000000000000000000 ) ) ;
#2254 = ORIENTED_EDGE ( 'NONE', *, *, #558, .F. ) ;
#2255 = VERTEX_POINT ( 'NONE', #5117 ) ;
#2256 = DIRECTION ( 'NONE',  ( 0.000000000000000000, -1.000000000000000000, 0.000000000000000000 ) ) ;
#2257 = EDGE_CURVE ( 'NONE', #5934, #9271, #7269, .T. ) ;
#2258 = AXIS2_PLACEMENT_3D ( 'NONE', #9153, #2273, #1523 ) ;
#2259 = ORIENTED_EDGE ( 'NONE', *, *, #7533, .F. ) ;
#2260 = DIRECTION ( 'NONE',  ( 0.000000000000000000, -1.000000000000000000, 0.000000000000000000 ) ) ;
#2261 = ORIENTED_EDGE ( 'NONE', *, *, #4781, .T. ) ;
#2262 = CARTESIAN_POINT ( 'NONE',  ( 265.8138544619507684, -3.174999999999999822, -418.7722119390019770 ) ) ;
#2263 = CARTESIAN_POINT ( 'NONE',  ( -100.0000000000000142, -3.174999999999999822, -471.5963023023023197 ) ) ;
#2264 = ORIENTED_EDGE ( 'NONE', *, *, #738, .T. ) ;
#2265 = DIRECTION ( 'NONE',  ( 0.000000000000000000, 0.000000000000000000, -1.000000000000000000 ) ) ;
#2266 = FACE_BOUND ( 'NONE', #4320, .T. ) ;
#2267 = VECTOR ( 'NONE', #4971, 1000.000000000000000 ) ;
#2268 = DIRECTION ( 'NONE',  ( 0.000000000000000000, 0.000000000000000000, -1.000000000000000000 ) ) ;
#2269 = ORIENTED_EDGE ( 'NONE', *, *, #4919, .F. ) ;
#2270 = VERTEX_POINT ( 'NONE', #3564 ) ;
#2271 = LINE ( 'NONE', #2429, #5704 ) ;
#2272 = DIRECTION ( 'NONE',  ( 0.000000000000000000, -1.000000000000000000, 0.000000000000000000 ) ) ;
#2273 = DIRECTION ( 'NONE',  ( 0.000000000000000000, -1.000000000000000000, 0.000000000000000000 ) ) ;
#2274 = DIRECTION ( 'NONE',  ( 0.000000000000000000, 0.000000000000000000, 1.000000000000000000 ) ) ;
#2275 = ORIENTED_EDGE ( 'NONE', *, *, #7436, .T. ) ;
#2276 = DIRECTION ( 'NONE',  ( 0.000000000000000000, 0.000000000000000000, -1.000000000000000000 ) ) ;
#2277 = EDGE_CURVE ( 'NONE', #6129, #9738, #4780, .T. ) ;
#2278 = ORIENTED_EDGE ( 'NONE', *, *, #9530, .F. ) ;
#2279 = VERTEX_POINT ( 'NONE', #1960 ) ;
#2280 = EDGE_LOOP ( 'NONE', ( #8018, #3266, #6467, #9913 ) ) ;
#2281 = CIRCLE ( 'NONE', #1167, 10.00000000000000888 ) ;
#2282 = DIRECTION ( 'NONE',  ( 0.000000000000000000, -1.000000000000000000, 0.000000000000000000 ) ) ;
#2283 = LINE ( 'NONE', #3892, #9781 ) ;
#2284 = ADVANCED_FACE ( 'NONE', ( #3519 ), #2060, .F. ) ;
#2285 = DIRECTION ( 'NONE',  ( -0.000000000000000000, 1.000000000000000000, -0.000000000000000000 ) ) ;
#2286 = CARTESIAN_POINT ( 'NONE',  ( -221.4321775711113389, -3.174999999999999822, -456.7658529379522179 ) ) ;
#2287 = EDGE_CURVE ( 'NONE', #2323, #7647, #8293, .T. ) ;
#2288 = ORIENTED_EDGE ( 'NONE', *, *, #9443, .F. ) ;
#2289 = AXIS2_PLACEMENT_3D ( 'NONE', #3738, #2041, #5242 ) ;
#2290 = CARTESIAN_POINT ( 'NONE',  ( 555.9999999998080966, -3.174999999999999822, 117.9036976976977371 ) ) ;
#2291 = ORIENTED_EDGE ( 'NONE', *, *, #8829, .T. ) ;
#2292 = LINE ( 'NONE', #2244, #9382 ) ;
#2293 = EDGE_LOOP ( 'NONE', ( #8974, #9912, #4872, #2007 ) ) ;
#2294 = CARTESIAN_POINT ( 'NONE',  ( 287.9999999999997726, 0.000000000000000000, 132.9036976976976803 ) ) ;
#2295 = DIRECTION ( 'NONE',  ( 1.000000000000000000, 0.000000000000000000, 0.000000000000000000 ) ) ;
#2296 = DIRECTION ( 'NONE',  ( 0.000000000000000000, 0.000000000000000000, 1.000000000000000000 ) ) ;
#2297 = DIRECTION ( 'NONE',  ( 0.000000000000000000, -1.000000000000000000, 0.000000000000000000 ) ) ;
#2298 = ORIENTED_EDGE ( 'NONE', *, *, #7636, .T. ) ;
#2299 = FACE_OUTER_BOUND ( 'NONE', #3384, .T. ) ;
#2300 = VERTEX_POINT ( 'NONE', #5723 ) ;
#2301 = ADVANCED_FACE ( 'NONE', ( #9647 ), #3466, .T. ) ;
#2302 = ORIENTED_EDGE ( 'NONE', *, *, #1427, .T. ) ;
#2303 = CYLINDRICAL_SURFACE ( 'NONE', #3711, 3.000000000000002665 ) ;
#2304 = ORIENTED_EDGE ( 'NONE', *, *, #5475, .T. ) ;
#2305 = LINE ( 'NONE', #5272, #7840 ) ;
#2306 = ORIENTED_EDGE ( 'NONE', *, *, #7924, .F. ) ;
#2307 = DIRECTION ( 'NONE',  ( -0.000000000000000000, 1.000000000000000000, -0.000000000000000000 ) ) ;
#2308 = DIRECTION ( 'NONE',  ( -0.000000000000000000, 1.000000000000000000, -0.000000000000000000 ) ) ;
#2309 = EDGE_CURVE ( 'NONE', #1002, #3354, #9911, .T. ) ;
#2310 = DIRECTION ( 'NONE',  ( 0.000000000000000000, -1.000000000000000000, 0.000000000000000000 ) ) ;
#2311 = ORIENTED_EDGE ( 'NONE', *, *, #1828, .T. ) ;
#2312 = CARTESIAN_POINT ( 'NONE',  ( 234.8307132664149606, -3.174999999999999822, -421.9415906884563015 ) ) ;
#2313 = DIRECTION ( 'NONE',  ( 0.000000000000000000, -1.000000000000000000, 0.000000000000000000 ) ) ;
#2314 = VECTOR ( 'NONE', #2124, 1000.000000000000000 ) ;
#2315 = LINE ( 'NONE', #2923, #4302 ) ;
#2316 = ORIENTED_EDGE ( 'NONE', *, *, #9813, .T. ) ;
#2317 = EDGE_CURVE ( 'NONE', #2912, #7363, #4616, .T. ) ;
#2318 = CARTESIAN_POINT ( 'NONE',  ( -264.8334738013187462, -3.174999999999999822, -415.9693255109809797 ) ) ;
#2319 = DIRECTION ( 'NONE',  ( -0.000000000000000000, 1.000000000000000000, -0.000000000000000000 ) ) ;
#2320 = VECTOR ( 'NONE', #9356, 1000.000000000000000 ) ;
#2321 = CARTESIAN_POINT ( 'NONE',  ( 463.4817609278922532, 0.000000000000000000, -379.0294582579990106 ) ) ;
#2322 = CARTESIAN_POINT ( 'NONE',  ( -247.9128298067072649, 0.000000000000000000, -461.6418202447978274 ) ) ;
#2323 = VERTEX_POINT ( 'NONE', #9493 ) ;
#2324 = VECTOR ( 'NONE', #9185, 1000.000000000000000 ) ;
#2325 = DIRECTION ( 'NONE',  ( 0.000000000000000000, -1.000000000000000000, 0.000000000000000000 ) ) ;
#2326 = ADVANCED_FACE ( 'NONE', ( #2614 ), #5673, .F. ) ;
#2327 = CIRCLE ( 'NONE', #2009, 3.000000000000002665 ) ;
#2328 = ORIENTED_EDGE ( 'NONE', *, *, #6963, .F. ) ;
#2329 = AXIS2_PLACEMENT_3D ( 'NONE', #2742, #9717, #2837 ) ;
#2330 = VERTEX_POINT ( 'NONE', #2011 ) ;
#2331 = EDGE_CURVE ( 'NONE', #2568, #9883, #7337, .T. ) ;
#2332 = ORIENTED_EDGE ( 'NONE', *, *, #9018, .F. ) ;
#2333 = ADVANCED_FACE ( 'NONE', ( #3416 ), #5067, .F. ) ;
#2334 = DIRECTION ( 'NONE',  ( 0.1971135719790600149, 0.000000000000000000, -0.9803806606322137407 ) ) ;
#2335 = CARTESIAN_POINT ( 'NONE',  ( -237.3828153036167237, 0.000000000000000000, -421.4885055263947038 ) ) ;
#2336 = DIRECTION ( 'NONE',  ( 0.1971135719790607366, -0.000000000000000000, 0.9803806606322135186 ) ) ;
#2337 = DIRECTION ( 'NONE',  ( -1.000000000000000000, 0.000000000000000000, 7.209240419646269740E-17 ) ) ;
#2338 = ORIENTED_EDGE ( 'NONE', *, *, #846, .F. ) ;
#2339 = CIRCLE ( 'NONE', #7294, 3.000000000000002665 ) ;
#2340 = AXIS2_PLACEMENT_3D ( 'NONE', #5019, #7271, #423 ) ;
#2341 = EDGE_CURVE ( 'NONE', #3593, #805, #1262, .T. ) ;
#2342 = VERTEX_POINT ( 'NONE', #9593 ) ;
#2343 = DIRECTION ( 'NONE',  ( 0.000000000000000000, 0.000000000000000000, 1.000000000000000000 ) ) ;
#2344 = VERTEX_POINT ( 'NONE', #5017 ) ;
#2345 = AXIS2_PLACEMENT_3D ( 'NONE', #7006, #5502, #1599 ) ;
#2346 = FACE_OUTER_BOUND ( 'NONE', #1607, .T. ) ;
#2347 = CARTESIAN_POINT ( 'NONE',  ( -267.5204430193515464, 0.000000000000000000, -457.6995488052165229 ) ) ;
#2348 = EDGE_CURVE ( 'NONE', #2816, #2496, #8074, .T. ) ;
#2349 = DIRECTION ( 'NONE',  ( 0.000000000000000000, -1.000000000000000000, 0.000000000000000000 ) ) ;
#2350 = DIRECTION ( 'NONE',  ( -0.1971135719790660101, 0.000000000000000000, 0.9803806606322126305 ) ) ;
#2351 = VERTEX_POINT ( 'NONE', #612 ) ;
#2352 = ORIENTED_EDGE ( 'NONE', *, *, #8666, .F. ) ;
#2353 = CARTESIAN_POINT ( 'NONE',  ( 401.9999999999994884, 6.825000000000000178, 106.4036976976980640 ) ) ;
#2354 = ORIENTED_EDGE ( 'NONE', *, *, #9825, .T. ) ;
#2355 = VECTOR ( 'NONE', #2844, 1000.000000000000114 ) ;
#2356 = VERTEX_POINT ( 'NONE', #2109 ) ;
#2357 = AXIS2_PLACEMENT_3D ( 'NONE', #4436, #5147, #3642 ) ;
#2358 = DIRECTION ( 'NONE',  ( 0.000000000000000000, 0.000000000000000000, -1.000000000000000000 ) ) ;
#2359 = VERTEX_POINT ( 'NONE', #9742 ) ;
#2360 = LINE ( 'NONE', #8530, #8641 ) ;
#2361 = ORIENTED_EDGE ( 'NONE', *, *, #5854, .T. ) ;
#2363 = EDGE_CURVE ( 'NONE', #8397, #3813, #3015, .T. ) ;
#2362 = DIRECTION ( 'NONE',  ( 0.000000000000000000, 0.000000000000000000, 1.000000000000000000 ) ) ;
#2364 = CARTESIAN_POINT ( 'NONE',  ( -577.4999999998082103, -3.174999999999999822, -127.0963023023022913 ) ) ;
#2365 = VECTOR ( 'NONE', #1691, 1000.000000000000000 ) ;
#2366 = CARTESIAN_POINT ( 'NONE',  ( 260.4999999999997158, -1.587499999999999467, 129.9456578061478922 ) ) ;
#2367 = ORIENTED_EDGE ( 'NONE', *, *, #5020, .T. ) ;
#2368 = DIRECTION ( 'NONE',  ( 0.000000000000000000, 0.000000000000000000, 1.000000000000000000 ) ) ;
#2369 = CARTESIAN_POINT ( 'NONE',  ( -464.5970087693557957, 0.000000000000000000, -415.0156531423168076 ) ) ;
#2370 = VECTOR ( 'NONE', #8306, 1000.000000000000000 ) ;
#2371 = AXIS2_PLACEMENT_3D ( 'NONE', #8546, #5631, #4076 ) ;
#2372 = FACE_OUTER_BOUND ( 'NONE', #6052, .T. ) ;
#2373 = AXIS2_PLACEMENT_3D ( 'NONE', #3873, #864, #2368 ) ;
#2374 = VERTEX_POINT ( 'NONE', #2863 ) ;
#2375 = CARTESIAN_POINT ( 'NONE',  ( 464.8511815332194601, 0.000000000000000000, -375.6940891321441995 ) ) ;
#2376 = EDGE_CURVE ( 'NONE', #8198, #7260, #5422, .T. ) ;
#2377 = CARTESIAN_POINT ( 'NONE',  ( 70.99999999999991473, -3.174999999999999822, -474.5963023023023197 ) ) ;
#2378 = CARTESIAN_POINT ( 'NONE',  ( 594.4999999998080966, -3.174999999999999822, -287.5963023023024334 ) ) ;
#2379 = CARTESIAN_POINT ( 'NONE',  ( -223.4033132909020196, -3.174999999999999822, -466.5696595442743728 ) ) ;
#2380 = DIRECTION ( 'NONE',  ( -0.000000000000000000, -1.000000000000000000, -0.000000000000000000 ) ) ;
#2381 = ORIENTED_EDGE ( 'NONE', *, *, #5854, .F. ) ;
#2382 = CARTESIAN_POINT ( 'NONE',  ( 401.9999999999998295, -3.174999999999999822, -369.5963023023019787 ) ) ;
#2383 = LINE ( 'NONE', #7740, #9529 ) ;
#2384 = ORIENTED_EDGE ( 'NONE', *, *, #3683, .T. ) ;
#2385 = ORIENTED_EDGE ( 'NONE', *, *, #3061, .F. ) ;
#2386 = ORIENTED_EDGE ( 'NONE', *, *, #8011, .T. ) ;
#2387 = DIRECTION ( 'NONE',  ( 0.000000000000000000, -1.000000000000000000, 0.000000000000000000 ) ) ;
#2388 = DIRECTION ( 'NONE',  ( 0.000000000000000000, 0.000000000000000000, -1.000000000000000000 ) ) ;
#2389 = DIRECTION ( 'NONE',  ( 0.000000000000000000, 0.000000000000000000, 1.000000000000000000 ) ) ;
#2390 = DIRECTION ( 'NONE',  ( 5.551115123125777653E-14, 0.000000000000000000, 1.000000000000000000 ) ) ;
#2391 = ORIENTED_EDGE ( 'NONE', *, *, #2393, .F. ) ;
#2392 = AXIS2_PLACEMENT_3D ( 'NONE', #1261, #1165, #2010 ) ;
#2393 = EDGE_CURVE ( 'NONE', #6114, #185, #1353, .T. ) ;
#2394 = AXIS2_PLACEMENT_3D ( 'NONE', #6375, #8777, #3270 ) ;
#2395 = EDGE_CURVE ( 'NONE', #9763, #7144, #2606, .T. ) ;
#2396 = VERTEX_POINT ( 'NONE', #7365 ) ;
#2397 = CARTESIAN_POINT ( 'NONE',  ( -542.5486554916994919, 6.825000000000000178, -362.4253983016486700 ) ) ;
#2398 = ORIENTED_EDGE ( 'NONE', *, *, #9102, .T. ) ;
#2399 = CARTESIAN_POINT ( 'NONE',  ( -254.9999999999996589, 0.000000000000000000, 171.4036976976977655 ) ) ;
#2400 = DIRECTION ( 'NONE',  ( 0.000000000000000000, 0.000000000000000000, 1.000000000000000000 ) ) ;
#2401 = CARTESIAN_POINT ( 'NONE',  ( -558.9999999998083240, -3.174999999999999822, 84.90369769769773711 ) ) ;
#2402 = DIRECTION ( 'NONE',  ( 0.000000000000000000, 0.000000000000000000, 1.000000000000000000 ) ) ;
#2403 = VERTEX_POINT ( 'NONE', #7313 ) ;
#2404 = EDGE_LOOP ( 'NONE', ( #6316, #7534, #529, #8169 ) ) ;
#2405 = DIRECTION ( 'NONE',  ( 0.000000000000000000, 0.000000000000000000, -1.000000000000000000 ) ) ;
#2406 = EDGE_LOOP ( 'NONE', ( #1259, #2956, #5495, #9170 ) ) ;
#2407 = EDGE_CURVE ( 'NONE', #185, #5934, #4963, .T. ) ;
#2408 = VERTEX_POINT ( 'NONE', #1854 ) ;
#2409 = ADVANCED_FACE ( 'NONE', ( #1111 ), #3314, .F. ) ;
#2410 = CARTESIAN_POINT ( 'NONE',  ( 262.9999999999997158, 0.000000000000000000, 129.9036976976976803 ) ) ;
#2411 = AXIS2_PLACEMENT_3D ( 'NONE', #4184, #5792, #7433 ) ;
#2412 = ORIENTED_EDGE ( 'NONE', *, *, #5664, .F. ) ;
#2413 = DIRECTION ( 'NONE',  ( 0.000000000000000000, 0.000000000000000000, -1.000000000000000000 ) ) ;
#2414 = EDGE_LOOP ( 'NONE', ( #8254, #6117, #2259, #4315 ) ) ;
#2415 = CIRCLE ( 'NONE', #7685, 3.000000000000002665 ) ;
#2416 = CARTESIAN_POINT ( 'NONE',  ( 290.9999999999997726, -3.174999999999999822, 168.4036976976977371 ) ) ;
#2417 = CARTESIAN_POINT ( 'NONE',  ( -68.50000000000001421, 0.000000000000000000, -433.1382624107525885 ) ) ;
#2418 = EDGE_CURVE ( 'NONE', #1988, #3554, #5663, .T. ) ;
#2419 = CARTESIAN_POINT ( 'NONE',  ( -597.4999999998082103, 0.000000000000000000, -284.5963023023023197 ) ) ;
#2420 = ORIENTED_EDGE ( 'NONE', *, *, #9000, .T. ) ;
#2421 = CARTESIAN_POINT ( 'NONE',  ( 490.4422290952782646, 0.000000000000000000, -373.6088350285747310 ) ) ;
#2422 = EDGE_CURVE ( 'NONE', #2909, #8477, #6424, .T. ) ;
#2423 = CARTESIAN_POINT ( 'NONE',  ( 577.4999999998080966, 0.000000000000000000, 171.4036976976977087 ) ) ;
#2424 = ADVANCED_FACE ( 'NONE', ( #5813 ), #1904, .F. ) ;
#2425 = DIRECTION ( 'NONE',  ( 0.000000000000000000, -1.000000000000000000, 0.000000000000000000 ) ) ;
#2426 = ORIENTED_EDGE ( 'NONE', *, *, #6382, .F. ) ;
#2427 = LINE ( 'NONE', #1675, #6008 ) ;
#2428 = AXIS2_PLACEMENT_3D ( 'NONE', #9797, #477, #5122 ) ;
#2429 = CARTESIAN_POINT ( 'NONE',  ( -66.00000000000001421, 0.000000000000000000, -436.0963023023023766 ) ) ;
#2430 = PLANE ( 'NONE',  #7011 ) ;
#2431 = FACE_OUTER_BOUND ( 'NONE', #4097, .T. ) ;
#2432 = CARTESIAN_POINT ( 'NONE',  ( -532.6513146897268598, 0.000000000000000000, -394.1926930939661133 ) ) ;
#2433 = LINE ( 'NONE', #3933, #3699 ) ;
#2434 = CARTESIAN_POINT ( 'NONE',  ( -290.9999999999997726, -3.174999999999999822, 168.4036976976977655 ) ) ;
#2435 = ORIENTED_EDGE ( 'NONE', *, *, #8710, .F. ) ;
#2436 = ORIENTED_EDGE ( 'NONE', *, *, #8241, .T. ) ;
#2437 = DIRECTION ( 'NONE',  ( 0.000000000000000000, -1.000000000000000000, 0.000000000000000000 ) ) ;
#2438 = CYLINDRICAL_SURFACE ( 'NONE', #978, 3.000000000000002665 ) ;
#2439 = DIRECTION ( 'NONE',  ( 0.000000000000000000, 1.000000000000000000, 0.000000000000000000 ) ) ;
#2440 = DIRECTION ( 'NONE',  ( -0.000000000000000000, 1.000000000000000000, -0.000000000000000000 ) ) ;
#2441 = ORIENTED_EDGE ( 'NONE', *, *, #6429, .F. ) ;
#2442 = EDGE_CURVE ( 'NONE', #3002, #40, #1202, .T. ) ;
#2443 = AXIS2_PLACEMENT_3D ( 'NONE', #5558, #6905, #3257 ) ;
#2444 = VERTEX_POINT ( 'NONE', #4303 ) ;
#2445 = ADVANCED_FACE ( 'NONE', ( #462 ), #7971, .T. ) ;
#2446 = LINE ( 'NONE', #2397, #4094 ) ;
#2447 = ORIENTED_EDGE ( 'NONE', *, *, #697, .T. ) ;
#2449 = ADVANCED_FACE ( 'NONE', ( #9485 ), #4159, .T. ) ;
#2448 = FACE_OUTER_BOUND ( 'NONE', #698, .T. ) ;
#2450 = CARTESIAN_POINT ( 'NONE',  ( 65.99999999999990052, -3.174999999999999822, -471.5963023023023766 ) ) ;
#2451 = DIRECTION ( 'NONE',  ( 0.000000000000000000, -1.000000000000000000, 0.000000000000000000 ) ) ;
#2452 = DIRECTION ( 'NONE',  ( 1.000000000000000000, 0.000000000000000000, 0.000000000000000000 ) ) ;
#2453 = ORIENTED_EDGE ( 'NONE', *, *, #1554, .F. ) ;
#2454 = EDGE_LOOP ( 'NONE', ( #3543, #4001, #7465, #3034 ) ) ;
#2455 = AXIS2_PLACEMENT_3D ( 'NONE', #9058, #8249, #1291 ) ;
#2456 = CARTESIAN_POINT ( 'NONE',  ( -257.9999999999997158, -3.174999999999999822, 171.4036976976978508 ) ) ;
#2457 = VERTEX_POINT ( 'NONE', #6521 ) ;
#2458 = VERTEX_POINT ( 'NONE', #4207 ) ;
#2459 = CYLINDRICAL_SURFACE ( 'NONE', #8936, 3.250000000000030642 ) ;
#2460 = ORIENTED_EDGE ( 'NONE', *, *, #791, .F. ) ;
#2461 = ORIENTED_EDGE ( 'NONE', *, *, #9741, .F. ) ;
#2462 = LINE ( 'NONE', #3914, #2324 ) ;
#2463 = DIRECTION ( 'NONE',  ( 0.000000000000000000, -1.000000000000000000, 0.000000000000000000 ) ) ;
#2464 = ADVANCED_FACE ( 'NONE', ( #9531 ), #8776, .F. ) ;
#2465 = LINE ( 'NONE', #3271, #8814 ) ;
#2466 = ORIENTED_EDGE ( 'NONE', *, *, #9424, .F. ) ;
#2467 = EDGE_CURVE ( 'NONE', #9023, #790, #3655, .T. ) ;
#2468 = DIRECTION ( 'NONE',  ( -0.000000000000000000, -1.000000000000000000, -0.000000000000000000 ) ) ;
#2469 = DIRECTION ( 'NONE',  ( 0.000000000000000000, 0.000000000000000000, -1.000000000000000000 ) ) ;
#2470 = AXIS2_PLACEMENT_3D ( 'NONE', #7095, #8745, #1827 ) ;
#2471 = DIRECTION ( 'NONE',  ( 0.000000000000000000, -1.000000000000000000, 0.000000000000000000 ) ) ;
#2472 = EDGE_CURVE ( 'NONE', #3, #5840, #4111, .T. ) ;
#2473 = ORIENTED_EDGE ( 'NONE', *, *, #756, .T. ) ;
#2474 = CARTESIAN_POINT ( 'NONE',  ( 290.9999999999998295, 0.000000000000000000, 132.9036976976976518 ) ) ;
#2475 = CARTESIAN_POINT ( 'NONE',  ( 285.9999999999997726, 0.000000000000000000, 168.4036976976977087 ) ) ;
#2476 = CARTESIAN_POINT ( 'NONE',  ( 597.4999999998082103, -3.174999999999999822, 81.90369769769773711 ) ) ;
#2477 = DIRECTION ( 'NONE',  ( 1.000000000000000000, 0.000000000000000000, 0.000000000000000000 ) ) ;
#2478 = CARTESIAN_POINT ( 'NONE',  ( 265.9999999999997158, -3.174999999999999822, 168.4036976976977371 ) ) ;
#2479 = DIRECTION ( 'NONE',  ( 0.000000000000000000, -1.000000000000000000, 0.000000000000000000 ) ) ;
#2480 = LINE ( 'NONE', #4080, #1430 ) ;
#2481 = LINE ( 'NONE', #2290, #5980 ) ;
#2482 = CIRCLE ( 'NONE', #3437, 3.000000000000002665 ) ;
#2483 = ORIENTED_EDGE ( 'NONE', *, *, #8457, .T. ) ;
#2484 = AXIS2_PLACEMENT_3D ( 'NONE', #2921, #1967, #570 ) ;
#2485 = VERTEX_POINT ( 'NONE', #5766 ) ;
#2486 = CIRCLE ( 'NONE', #8086, 3.000000000000002665 ) ;
#2487 = DIRECTION ( 'NONE',  ( -0.000000000000000000, -1.000000000000000000, -0.000000000000000000 ) ) ;
#2488 = DIRECTION ( 'NONE',  ( 0.000000000000000000, -1.000000000000000000, 0.000000000000000000 ) ) ;
#2489 = ADVANCED_FACE ( 'NONE', ( #8831 ), #3507, .F. ) ;
#2490 = LINE ( 'NONE', #1690, #8570 ) ;
#2491 = DIRECTION ( 'NONE',  ( 0.000000000000000000, 0.000000000000000000, -1.000000000000000000 ) ) ;
#2492 = VERTEX_POINT ( 'NONE', #2565 ) ;
#2493 = AXIS2_PLACEMENT_3D ( 'NONE', #8362, #3897, #6205 ) ;
#2494 = ORIENTED_EDGE ( 'NONE', *, *, #371, .F. ) ;
#2495 = CARTESIAN_POINT ( 'NONE',  ( -594.4999999998082103, 0.000000000000000000, 92.90369769769773711 ) ) ;
#2496 = VERTEX_POINT ( 'NONE', #1058 ) ;
#2497 = CARTESIAN_POINT ( 'NONE',  ( 267.5204430193513758, -3.174999999999999822, -457.6995488052166365 ) ) ;
#2498 = PLANE ( 'NONE',  #7520 ) ;
#2499 = AXIS2_PLACEMENT_3D ( 'NONE', #5727, #2669, #7791 ) ;
#2500 = EDGE_CURVE ( 'NONE', #3220, #67, #6222, .T. ) ;
#2501 = DIRECTION ( 'NONE',  ( 0.000000000000000000, 0.000000000000000000, -1.000000000000000000 ) ) ;
#2502 = PLANE ( 'NONE',  #290 ) ;
#2503 = ORIENTED_EDGE ( 'NONE', *, *, #4099, .T. ) ;
#2504 = AXIS2_PLACEMENT_3D ( 'NONE', #233, #8032, #1169 ) ;
#2505 = ORIENTED_EDGE ( 'NONE', *, *, #7699, .T. ) ;
#2506 = ORIENTED_EDGE ( 'NONE', *, *, #9075, .F. ) ;
#2507 = LINE ( 'NONE', #855, #9421 ) ;
#2508 = ADVANCED_FACE ( 'NONE', ( #552 ), #3653, .T. ) ;
#2509 = AXIS2_PLACEMENT_3D ( 'NONE', #8701, #3387, #1035 ) ;
#2510 = AXIS2_PLACEMENT_3D ( 'NONE', #1244, #8716, #9628 ) ;
#2511 = EDGE_LOOP ( 'NONE', ( #6606, #1114, #4389, #7896 ) ) ;
#2512 =( NAMED_UNIT ( * ) SI_UNIT ( $, .STERADIAN. ) SOLID_ANGLE_UNIT ( ) );
#2513 = CARTESIAN_POINT ( 'NONE',  ( 482.9999999998082103, 0.000000000000000000, 171.4036976976977087 ) ) ;
#2514 = FACE_OUTER_BOUND ( 'NONE', #1962, .T. ) ;
#2515 = EDGE_CURVE ( 'NONE', #6991, #5039, #942, .T. ) ;
#2516 = CIRCLE ( 'NONE', #2673, 3.000000000000002665 ) ;
#2517 = DIRECTION ( 'NONE',  ( 0.000000000000000000, 0.000000000000000000, 1.000000000000000000 ) ) ;
#2518 = ORIENTED_EDGE ( 'NONE', *, *, #4004, .T. ) ;
#2519 = VECTOR ( 'NONE', #5848, 1000.000000000000000 ) ;
#2520 = CARTESIAN_POINT ( 'NONE',  ( -597.4999999998082103, 6.825000000000000178, -347.3768998705955369 ) ) ;
#2521 = CARTESIAN_POINT ( 'NONE',  ( -542.5486554916994919, 0.000000000000000000, -362.4253983016486700 ) ) ;
#2522 = ADVANCED_FACE ( 'NONE', ( #3599 ), #2195, .F. ) ;
#2523 = ADVANCED_FACE ( 'NONE', ( #9731 ), #5106, .F. ) ;
#2524 = CARTESIAN_POINT ( 'NONE',  ( 558.9999999998080966, 0.000000000000000000, 89.90369769769773711 ) ) ;
#2525 = AXIS2_PLACEMENT_3D ( 'NONE', #1744, #7103, #8704 ) ;
#2526 = VERTEX_POINT ( 'NONE', #5954 ) ;
#2527 = FACE_OUTER_BOUND ( 'NONE', #6046, .T. ) ;
#2528 = FACE_OUTER_BOUND ( 'NONE', #3532, .T. ) ;
#2529 = LINE ( 'NONE', #7039, #6537 ) ;
#2530 = DIRECTION ( 'NONE',  ( 0.000000000000000000, 0.000000000000000000, 1.000000000000000000 ) ) ;
#2531 = CYLINDRICAL_SURFACE ( 'NONE', #9287, 3.000000000000002665 ) ;
#2532 = ORIENTED_EDGE ( 'NONE', *, *, #3303, .F. ) ;
#2533 = AXIS2_PLACEMENT_3D ( 'NONE', #6981, #1073, #3124 ) ;
#2534 = EDGE_CURVE ( 'NONE', #6785, #5113, #5005, .T. ) ;
#2535 = DIRECTION ( 'NONE',  ( 0.000000000000000000, 1.000000000000000000, 0.000000000000000000 ) ) ;
#2536 = CARTESIAN_POINT ( 'NONE',  ( 460.5406189459953339, 0.000000000000000000, -379.6207989739361892 ) ) ;
#2537 = DIRECTION ( 'NONE',  ( 0.000000000000000000, -1.000000000000000000, 0.000000000000000000 ) ) ;
#2538 = VERTEX_POINT ( 'NONE', #8364 ) ;
#2539 = VERTEX_POINT ( 'NONE', #2997 ) ;
#2540 = CARTESIAN_POINT ( 'NONE',  ( -490.4422290952782078, 0.000000000000000000, -373.6088350285746174 ) ) ;
#2541 = CARTESIAN_POINT ( 'NONE',  ( 462.5013802672600036, 0.000000000000000000, -376.2265718299780133 ) ) ;
#2542 = DIRECTION ( 'NONE',  ( 0.000000000000000000, 1.000000000000000000, -0.000000000000000000 ) ) ;
#2543 = CARTESIAN_POINT ( 'NONE',  ( 558.9999999998080966, 0.000000000000000000, 87.90369769769773711 ) ) ;
#2544 = ORIENTED_EDGE ( 'NONE', *, *, #6236, .F. ) ;
#2545 = AXIS2_PLACEMENT_3D ( 'NONE', #8126, #2664, #4972 ) ;
#2546 = ADVANCED_FACE ( 'NONE', ( #604 ), #7408, .T. ) ;
#2547 = VERTEX_POINT ( 'NONE', #3555 ) ;
#2548 = DIRECTION ( 'NONE',  ( 0.000000000000000000, 0.000000000000000000, -1.000000000000000000 ) ) ;
#2549 = EDGE_LOOP ( 'NONE', ( #643, #5818, #6947, #4809 ) ) ;
#2550 = EDGE_CURVE ( 'NONE', #1050, #4014, #4209, .T. ) ;
#2551 = CARTESIAN_POINT ( 'NONE',  ( -250.2626310726667214, -3.174999999999999822, -461.1093375469639568 ) ) ;
#2552 = CARTESIAN_POINT ( 'NONE',  ( -558.9999999998083240, -3.174999999999999822, -307.5963023023023197 ) ) ;
#2553 = AXIS2_PLACEMENT_3D ( 'NONE', #1516, #4567, #6877 ) ;
#2554 = CIRCLE ( 'NONE', #5105, 3.250000000000030642 ) ;
#2555 = DIRECTION ( 'NONE',  ( 0.000000000000000000, 0.000000000000000000, 1.000000000000000000 ) ) ;
#2556 = LINE ( 'NONE', #7910, #3962 ) ;
#2557 = ORIENTED_EDGE ( 'NONE', *, *, #7479, .T. ) ;
#2558 = ORIENTED_EDGE ( 'NONE', *, *, #744, .F. ) ;
#2559 = AXIS2_PLACEMENT_3D ( 'NONE', #8021, #8726, #270 ) ;
#2560 = ORIENTED_EDGE ( 'NONE', *, *, #2698, .F. ) ;
#2561 = CARTESIAN_POINT ( 'NONE',  ( -243.9705583671259319, 0.000000000000000000, -442.0342070321532333 ) ) ;
#2562 = AXIS2_PLACEMENT_3D ( 'NONE', #3184, #874, #6243 ) ;
#2563 = VERTEX_POINT ( 'NONE', #658 ) ;
#2564 = VECTOR ( 'NONE', #5191, 1000.000000000000000 ) ;
#2565 = CARTESIAN_POINT ( 'NONE',  ( -97.00000000000001421, -3.174999999999999822, -433.0963023023023766 ) ) ;
#2566 = DIRECTION ( 'NONE',  ( 0.000000000000000000, 0.000000000000000000, 1.000000000000000000 ) ) ;
#2567 = CARTESIAN_POINT ( 'NONE',  ( -285.9999999999997726, 0.000000000000000000, 168.4036976976977655 ) ) ;
#2568 = VERTEX_POINT ( 'NONE', #8214 ) ;
#2569 = PLANE ( 'NONE',  #1634 ) ;
#2570 = EDGE_CURVE ( 'NONE', #8721, #3828, #8540, .T. ) ;
#2571 = VECTOR ( 'NONE', #3484, 1000.000000000000000 ) ;
#2572 = DIRECTION ( 'NONE',  ( 0.000000000000000000, 0.000000000000000000, 1.000000000000000000 ) ) ;
#2573 = CARTESIAN_POINT ( 'NONE',  ( -257.9999999999997158, -3.174999999999999822, 168.4036976976977655 ) ) ;
#2574 = VECTOR ( 'NONE', #8171, 1000.000000000000000 ) ;
#2575 = ORIENTED_EDGE ( 'NONE', *, *, #8050, .T. ) ;
#2576 = ADVANCED_FACE ( 'NONE', ( #5308 ), #511, .T. ) ;
#2577 = LINE ( 'NONE', #4125, #7783 ) ;
#2578 = FACE_OUTER_BOUND ( 'NONE', #849, .T. ) ;
#2579 = CARTESIAN_POINT ( 'NONE',  ( -262.9999999999997158, 0.000000000000000000, 129.9036976976976803 ) ) ;
#2580 = CARTESIAN_POINT ( 'NONE',  ( -594.4999999998082103, 0.000000000000000000, -312.5963023023023197 ) ) ;
#2581 = ORIENTED_EDGE ( 'NONE', *, *, #5662, .F. ) ;
#2582 = DIRECTION ( 'NONE',  ( 0.9803806606322130746, 0.000000000000000000, -0.1971135719790633456 ) ) ;
#2583 = CARTESIAN_POINT ( 'NONE',  ( -597.4999999998082103, 0.000000000000000000, 151.4036976976976518 ) ) ;
#2584 = DIRECTION ( 'NONE',  ( 1.000000000000000000, 0.000000000000000000, -1.696813561850769255E-16 ) ) ;
#2585 = ORIENTED_EDGE ( 'NONE', *, *, #6349, .F. ) ;
#2586 = VECTOR ( 'NONE', #6389, 1000.000000000000000 ) ;
#2587 = VERTEX_POINT ( 'NONE', #6053 ) ;
#2588 = CARTESIAN_POINT ( 'NONE',  ( 557.5485770882340830, -3.174999999999999822, -347.3768998705954232 ) ) ;
#2589 = CARTESIAN_POINT ( 'NONE',  ( 237.3828153036166384, 0.000000000000000000, -424.4885055263948175 ) ) ;
#2590 = EDGE_CURVE ( 'NONE', #6103, #3397, #7726, .T. ) ;
#2591 = LINE ( 'NONE', #9664, #1040 ) ;
#2592 = FACE_OUTER_BOUND ( 'NONE', #151, .T. ) ;
#2593 = ORIENTED_EDGE ( 'NONE', *, *, #6312, .F. ) ;
#2594 = ORIENTED_EDGE ( 'NONE', *, *, #8428, .T. ) ;
#2595 = EDGE_CURVE ( 'NONE', #711, #2485, #9783, .T. ) ;
#2596 = DIRECTION ( 'NONE',  ( -0.000000000000000000, 1.000000000000000000, -0.000000000000000000 ) ) ;
#2597 = ORIENTED_EDGE ( 'NONE', *, *, #8663, .T. ) ;
#2598 = DIRECTION ( 'NONE',  ( -0.000000000000000000, 1.000000000000000000, -0.000000000000000000 ) ) ;
#2599 = DIRECTION ( 'NONE',  ( -0.000000000000000000, 1.000000000000000000, -0.000000000000000000 ) ) ;
#2600 = CARTESIAN_POINT ( 'NONE',  ( 250.8539717886038147, -3.174999999999999822, -461.0504795288607056 ) ) ;
#2601 = DIRECTION ( 'NONE',  ( -0.000000000000000000, 1.000000000000000000, -0.000000000000000000 ) ) ;
#2602 = ORIENTED_EDGE ( 'NONE', *, *, #5989, .F. ) ;
#2603 = ORIENTED_EDGE ( 'NONE', *, *, #3611, .F. ) ;
#2604 = CARTESIAN_POINT ( 'NONE',  ( 587.4999999998082103, 0.000000000000000000, 141.4036976976981634 ) ) ;
#2605 = ORIENTED_EDGE ( 'NONE', *, *, #5887, .F. ) ;
#2606 = LINE ( 'NONE', #8677, #9438 ) ;
#2607 = CARTESIAN_POINT ( 'NONE',  ( -71.00000000000005684, 0.000000000000000000, -436.0963023023023766 ) ) ;
#2608 = VECTOR ( 'NONE', #1148, 1000.000000000000000 ) ;
#2609 = EDGE_CURVE ( 'NONE', #2344, #1973, #6766, .T. ) ;
#2610 = CARTESIAN_POINT ( 'NONE',  ( 594.4999999998080966, 0.000000000000000000, -304.5963023023024334 ) ) ;
#2611 = ORIENTED_EDGE ( 'NONE', *, *, #2515, .F. ) ;
#2612 = CARTESIAN_POINT ( 'NONE',  ( 211.6283709647891556, 6.825000000000000178, -458.7369886577429270 ) ) ;
#2613 = CARTESIAN_POINT ( 'NONE',  ( 488.4814677740138222, -3.174999999999999822, -374.0030621725328501 ) ) ;
#2614 = FACE_OUTER_BOUND ( 'NONE', #6029, .T. ) ;
#2615 = ORIENTED_EDGE ( 'NONE', *, *, #2137, .F. ) ;
#2616 = CARTESIAN_POINT ( 'NONE',  ( -94.00000000000001421, 0.000000000000000000, -436.0963023023023766 ) ) ;
#2617 = ADVANCED_FACE ( 'NONE', ( #9830 ), #705, .F. ) ;
#2618 = CARTESIAN_POINT ( 'NONE',  ( 597.4999999998082103, -3.174999999999999822, 92.90369769769773711 ) ) ;
#2619 = DIRECTION ( 'NONE',  ( 0.000000000000000000, 0.000000000000000000, 1.000000000000000000 ) ) ;
#2620 = ADVANCED_FACE ( 'NONE', ( #2247 ), #1496, .T. ) ;
#2621 = PLANE ( 'NONE',  #2739 ) ;
#2622 = EDGE_LOOP ( 'NONE', ( #7718, #1714, #7405, #4481 ) ) ;
#2623 = CIRCLE ( 'NONE', #2470, 3.000000000000002665 ) ;
#2624 = DIRECTION ( 'NONE',  ( 0.000000000000000000, -1.000000000000000000, 0.000000000000000000 ) ) ;
#2625 = DIRECTION ( 'NONE',  ( 0.000000000000000000, -1.000000000000000000, 0.000000000000000000 ) ) ;
#2626 = ORIENTED_EDGE ( 'NONE', *, *, #4241, .F. ) ;
#2627 = ORIENTED_EDGE ( 'NONE', *, *, #8251, .F. ) ;
#2628 = CARTESIAN_POINT ( 'NONE',  ( 511.4999999998079829, -3.174999999999999822, 171.4036976976977087 ) ) ;
#2629 = CARTESIAN_POINT ( 'NONE',  ( -594.4999999998082103, -3.174999999999999822, 112.9036976976977371 ) ) ;
#2630 = DIRECTION ( 'NONE',  ( -1.850371707708592551E-14, 0.000000000000000000, 1.000000000000000000 ) ) ;
#2631 = CARTESIAN_POINT ( 'NONE',  ( 169.4999999999999147, 0.000000000000000000, -420.3463023023022629 ) ) ;
#2632 = ADVANCED_FACE ( 'NONE', ( #8563 ), #1750, .F. ) ;
#2633 = ORIENTED_EDGE ( 'NONE', *, *, #9257, .T. ) ;
#2634 = DIRECTION ( 'NONE',  ( 0.1971135719790620411, 0.000000000000000000, 0.9803806606322132966 ) ) ;
#2635 = ORIENTED_EDGE ( 'NONE', *, *, #3250, .F. ) ;
#2636 = AXIS2_PLACEMENT_3D ( 'NONE', #5134, #3536, #1326 ) ;
#2637 = EDGE_CURVE ( 'NONE', #968, #3378, #9329, .T. ) ;
#2638 = EDGE_CURVE ( 'NONE', #2279, #9886, #6311, .T. ) ;
#2639 = AXIS2_PLACEMENT_3D ( 'NONE', #8459, #6809, #5200 ) ;
#2640 = ORIENTED_EDGE ( 'NONE', *, *, #4921, .F. ) ;
#2641 = DIRECTION ( 'NONE',  ( 0.000000000000000000, 0.000000000000000000, 1.000000000000000000 ) ) ;
#2642 = ORIENTED_EDGE ( 'NONE', *, *, #1906, .F. ) ;
#2643 = DIRECTION ( 'NONE',  ( -0.000000000000000000, 1.000000000000000000, -0.000000000000000000 ) ) ;
#2644 = LINE ( 'NONE', #2552, #962 ) ;
#2645 = CARTESIAN_POINT ( 'NONE',  ( -475.3811960363102003, 0.000000000000000000, -412.8474038505471526 ) ) ;
#2646 = CARTESIAN_POINT ( 'NONE',  ( -163.5995066845797794, 0.000000000000000000, -374.9753774975062584 ) ) ;
#2647 = AXIS2_PLACEMENT_3D ( 'NONE', #6084, #82, #5433 ) ;
#2648 = VERTEX_POINT ( 'NONE', #8461 ) ;
#2649 = VECTOR ( 'NONE', #1890, 1000.000000000000000 ) ;
#2650 = ORIENTED_EDGE ( 'NONE', *, *, #9284, .F. ) ;
#2651 = CARTESIAN_POINT ( 'NONE',  ( -597.4999999998082103, -3.174999999999999822, 120.9036976976977371 ) ) ;
#2652 = ORIENTED_EDGE ( 'NONE', *, *, #8218, .T. ) ;
#2653 = ADVANCED_FACE ( 'NONE', ( #2448 ), #1700, .T. ) ;
#2654 = DIRECTION ( 'NONE',  ( 0.000000000000000000, 0.000000000000000000, 1.000000000000000000 ) ) ;
#2655 = AXIS2_PLACEMENT_3D ( 'NONE', #5120, #6730, #3568 ) ;
#2656 = CARTESIAN_POINT ( 'NONE',  ( -555.9999999998083240, 0.000000000000000000, -307.5963023023023197 ) ) ;
#2657 = DIRECTION ( 'NONE',  ( -0.000000000000000000, -1.000000000000000000, -0.000000000000000000 ) ) ;
#2658 = LINE ( 'NONE', #9346, #7523 ) ;
#2659 = VERTEX_POINT ( 'NONE', #3206 ) ;
#2660 = DIRECTION ( 'NONE',  ( 0.000000000000000000, 1.000000000000000000, 0.000000000000000000 ) ) ;
#2661 = AXIS2_PLACEMENT_3D ( 'NONE', #8235, #1372, #9806 ) ;
#2662 = AXIS2_PLACEMENT_3D ( 'NONE', #69, #1614, #6227 ) ;
#2663 = LINE ( 'NONE', #2613, #8958 ) ;
#2664 = DIRECTION ( 'NONE',  ( 0.000000000000000000, -1.000000000000000000, 0.000000000000000000 ) ) ;
#2665 = EDGE_CURVE ( 'NONE', #7061, #2396, #751, .T. ) ;
#2666 = VERTEX_POINT ( 'NONE', #2399 ) ;
#2667 = CARTESIAN_POINT ( 'NONE',  ( -211.6283709647892124, 6.825000000000000178, -458.7369886577428701 ) ) ;
#2668 = AXIS2_PLACEMENT_3D ( 'NONE', #1194, #9477, #3352 ) ;
#2669 = DIRECTION ( 'NONE',  ( -0.000000000000000000, -1.000000000000000000, -0.000000000000000000 ) ) ;
#2670 = DIRECTION ( 'NONE',  ( 0.000000000000000000, 0.000000000000000000, 1.000000000000000000 ) ) ;
#2671 = ORIENTED_EDGE ( 'NONE', *, *, #6143, .F. ) ;
#2672 = CARTESIAN_POINT ( 'NONE',  ( 493.9999999998082103, -3.174999999999999822, 171.4036976976977087 ) ) ;
#2673 = AXIS2_PLACEMENT_3D ( 'NONE', #6955, #9174, #2402 ) ;
#2674 = CARTESIAN_POINT ( 'NONE',  ( 401.9999999999998295, 6.825000000000000178, -369.5963023023019787 ) ) ;
#2675 = ADVANCED_FACE ( 'NONE', ( #5454 ), #3899, .F. ) ;
#2676 = ORIENTED_EDGE ( 'NONE', *, *, #3682, .T. ) ;
#2677 = ORIENTED_EDGE ( 'NONE', *, *, #2820, .T. ) ;
#2678 = DIRECTION ( 'NONE',  ( 0.000000000000000000, 0.000000000000000000, 1.000000000000000000 ) ) ;
#2679 = CARTESIAN_POINT ( 'NONE',  ( 240.0697845216494954, -3.174999999999999822, -463.2187288206303606 ) ) ;
#2680 = AXIS2_PLACEMENT_3D ( 'NONE', #7199, #3295, #3195 ) ;
#2681 = DIRECTION ( 'NONE',  ( 0.000000000000000000, -1.000000000000000000, 0.000000000000000000 ) ) ;
#2682 = CARTESIAN_POINT ( 'NONE',  ( 511.4999999998079829, -3.174999999999999822, 171.4036976976977087 ) ) ;
#2683 = ORIENTED_EDGE ( 'NONE', *, *, #4521, .F. ) ;
#2684 = CARTESIAN_POINT ( 'NONE',  ( -577.4999999998082103, 0.000000000000000000, -124.3463023023022629 ) ) ;
#2685 = ORIENTED_EDGE ( 'NONE', *, *, #7084, .F. ) ;
#2686 = VECTOR ( 'NONE', #8773, 1000.000000000000000 ) ;
#2687 = CIRCLE ( 'NONE', #4601, 3.000000000000002665 ) ;
#2688 = ORIENTED_EDGE ( 'NONE', *, *, #7426, .F. ) ;
#2689 = CARTESIAN_POINT ( 'NONE',  ( -597.4999999998082103, 0.000000000000000000, 81.90369769769773711 ) ) ;
#2690 = VERTEX_POINT ( 'NONE', #2497 ) ;
#2691 = CYLINDRICAL_SURFACE ( 'NONE', #5328, 2.749999999999974687 ) ;
#2692 = DIRECTION ( 'NONE',  ( 0.000000000000000000, 0.000000000000000000, 1.000000000000000000 ) ) ;
#2693 = CARTESIAN_POINT ( 'NONE',  ( 577.4999999998079829, 6.825000000000000178, -73.09630230230185077 ) ) ;
#2694 = PLANE ( 'NONE',  #2988 ) ;
#2695 = AXIS2_PLACEMENT_3D ( 'NONE', #2758, #7172, #4447 ) ;
#2696 = ORIENTED_EDGE ( 'NONE', *, *, #9759, .F. ) ;
#2697 = ADVANCED_FACE ( 'NONE', ( #4753 ), #4649, .F. ) ;
#2698 = EDGE_CURVE ( 'NONE', #6114, #9271, #947, .T. ) ;
#2699 = DIRECTION ( 'NONE',  ( 0.000000000000000000, -1.000000000000000000, 0.000000000000000000 ) ) ;
#2700 = CARTESIAN_POINT ( 'NONE',  ( 558.9999999998080966, 0.000000000000000000, -282.5963023023024334 ) ) ;
#2701 = VERTEX_POINT ( 'NONE', #102 ) ;
#2702 = VECTOR ( 'NONE', #8284, 1000.000000000000000 ) ;
#2703 = AXIS2_PLACEMENT_3D ( 'NONE', #1221, #5827, #4272 ) ;
#2704 = DIRECTION ( 'NONE',  ( -0.000000000000000000, -1.000000000000000000, -0.000000000000000000 ) ) ;
#2705 = CARTESIAN_POINT ( 'NONE',  ( -402.0000000000000000, 6.825000000000000178, 106.4036976976978366 ) ) ;
#2706 = ADVANCED_FACE ( 'NONE', ( #2346 ), #210, .F. ) ;
#2707 = EDGE_CURVE ( 'NONE', #6440, #5003, #3150, .T. ) ;
#2708 = DIRECTION ( 'NONE',  ( -0.000000000000000000, -1.000000000000000000, -0.000000000000000000 ) ) ;
#2709 = VERTEX_POINT ( 'NONE', #8618 ) ;
#2710 = ORIENTED_EDGE ( 'NONE', *, *, #4904, .F. ) ;
#2711 = CIRCLE ( 'NONE', #8311, 2.749999999999974687 ) ;
#2712 = AXIS2_PLACEMENT_3D ( 'NONE', #1735, #195, #4133 ) ;
#2713 = AXIS2_PLACEMENT_3D ( 'NONE', #3732, #9105, #3028 ) ;
#2714 = DIRECTION ( 'NONE',  ( 0.000000000000000000, 0.000000000000000000, -1.000000000000000000 ) ) ;
#2715 = VECTOR ( 'NONE', #4112, 1000.000000000000000 ) ;
#2716 = DIRECTION ( 'NONE',  ( 0.000000000000000000, 0.000000000000000000, -1.000000000000000000 ) ) ;
#2717 = ORIENTED_EDGE ( 'NONE', *, *, #7540, .T. ) ;
#2718 = CARTESIAN_POINT ( 'NONE',  ( 163.5995066845797226, -3.174999999999999822, -450.0775332806430811 ) ) ;
#2719 = ADVANCED_FACE ( 'NONE', ( #4700 ), #3853, .F. ) ;
#2720 = DIRECTION ( 'NONE',  ( -0.000000000000000000, -1.000000000000000000, -0.000000000000000000 ) ) ;
#2721 = AXIS2_PLACEMENT_3D ( 'NONE', #845, #9172, #55 ) ;
#2722 = CARTESIAN_POINT ( 'NONE',  ( -597.4999999998082103, 6.825000000000000178, 141.4036976976977940 ) ) ;
#2723 = ORIENTED_EDGE ( 'NONE', *, *, #2028, .F. ) ;
#2724 = ADVANCED_FACE ( 'NONE', ( #894 ), #3953, .T. ) ;
#2725 = CYLINDRICAL_SURFACE ( 'NONE', #5048, 3.000000000000002665 ) ;
#2726 = CARTESIAN_POINT ( 'NONE',  ( 401.9999999999994884, -3.174999999999999822, 109.1536976976980355 ) ) ;
#2727 = DIRECTION ( 'NONE',  ( 0.000000000000000000, 1.000000000000000000, 0.000000000000000000 ) ) ;
#2728 = ORIENTED_EDGE ( 'NONE', *, *, #3187, .T. ) ;
#2729 = ORIENTED_EDGE ( 'NONE', *, *, #4364, .T. ) ;
#2730 = CIRCLE ( 'NONE', #983, 15.00000000000001421 ) ;
#2731 = LINE ( 'NONE', #8853, #3142 ) ;
#2732 = PLANE ( 'NONE',  #6578 ) ;
#2733 = CARTESIAN_POINT ( 'NONE',  ( -235.4220539823522813, 0.000000000000000000, -424.8827326703528797 ) ) ;
#2734 = CARTESIAN_POINT ( 'NONE',  ( 267.5204430193513758, 0.000000000000000000, -457.6995488052166365 ) ) ;
#2735 = EDGE_CURVE ( 'NONE', #4503, #2204, #2123, .T. ) ;
#2736 = EDGE_LOOP ( 'NONE', ( #8327, #1994, #736, #6352 ) ) ;
#2737 = DIRECTION ( 'NONE',  ( 0.000000000000000000, 0.000000000000000000, 1.000000000000000000 ) ) ;
#2738 = ORIENTED_EDGE ( 'NONE', *, *, #9313, .F. ) ;
#2739 = AXIS2_PLACEMENT_3D ( 'NONE', #7274, #1823, #8741 ) ;
#2740 = ADVANCED_FACE ( 'NONE', ( #5354 ), #1544, .F. ) ;
#2741 = EDGE_LOOP ( 'NONE', ( #9499, #8646, #5822, #2066 ) ) ;
#2742 = CARTESIAN_POINT ( 'NONE',  ( -264.8334738013187462, -3.174999999999999822, -418.9693255109809797 ) ) ;
#2743 = ORIENTED_EDGE ( 'NONE', *, *, #9700, .F. ) ;
#2744 = CARTESIAN_POINT ( 'NONE',  ( 347.9999999999994316, 6.825000000000000178, 106.4036976976980640 ) ) ;
#2745 = LINE ( 'NONE', #7302, #4472 ) ;
#2746 = EDGE_CURVE ( 'NONE', #5744, #3644, #2766, .T. ) ;
#2747 = AXIS2_PLACEMENT_3D ( 'NONE', #7081, #3367, #3228 ) ;
#2748 = CARTESIAN_POINT ( 'NONE',  ( 556.0419601082581949, -3.174999999999999822, 87.40369769769775132 ) ) ;
#2749 = CARTESIAN_POINT ( 'NONE',  ( 257.9999999999997158, 0.000000000000000000, 132.9036976976977087 ) ) ;
#2750 = VECTOR ( 'NONE', #4024, 1000.000000000000000 ) ;
#2751 = ORIENTED_EDGE ( 'NONE', *, *, #5659, .T. ) ;
#2752 = EDGE_LOOP ( 'NONE', ( #2597, #7736, #9672, #7481 ) ) ;
#2753 = AXIS2_PLACEMENT_3D ( 'NONE', #7467, #611, #3662 ) ;
#2754 = LINE ( 'NONE', #6567, #1407 ) ;
#2755 = EDGE_CURVE ( 'NONE', #8303, #8887, #9176, .T. ) ;
#2756 = ORIENTED_EDGE ( 'NONE', *, *, #6711, .T. ) ;
#2757 = EDGE_CURVE ( 'NONE', #2191, #4542, #6294, .T. ) ;
#2758 = CARTESIAN_POINT ( 'NONE',  ( -239.4784438057124021, -3.174999999999999822, -460.2775868387336686 ) ) ;
#2759 = CARTESIAN_POINT ( 'NONE',  ( 503.3220448643281770, 0.000000000000000000, -407.2296670491439272 ) ) ;
#2760 = ORIENTED_EDGE ( 'NONE', *, *, #4507, .F. ) ;
#2761 = DIRECTION ( 'NONE',  ( -0.000000000000000000, -1.000000000000000000, 0.000000000000000000 ) ) ;
#2762 = ORIENTED_EDGE ( 'NONE', *, *, #126, .F. ) ;
#2763 = VERTEX_POINT ( 'NONE', #5606 ) ;
#2764 = FACE_OUTER_BOUND ( 'NONE', #7817, .T. ) ;
#2765 = CARTESIAN_POINT ( 'NONE',  ( 503.3220448643281770, 0.000000000000000000, -407.2296670491439272 ) ) ;
#2766 = CIRCLE ( 'NONE', #9663, 3.000000000000002665 ) ;
#2767 = EDGE_CURVE ( 'NONE', #9849, #5003, #7958, .T. ) ;
#2768 = ORIENTED_EDGE ( 'NONE', *, *, #4672, .F. ) ;
#2769 = CARTESIAN_POINT ( 'NONE',  ( 347.9999999999997726, 0.000000000000000000, -369.5963023023020355 ) ) ;
#2770 = CARTESIAN_POINT ( 'NONE',  ( -511.4999999998082103, 0.000000000000000000, 168.4036976976977655 ) ) ;
#2771 = ORIENTED_EDGE ( 'NONE', *, *, #1734, .F. ) ;
#2772 = DIRECTION ( 'NONE',  ( 0.000000000000000000, 0.000000000000000000, 1.000000000000000000 ) ) ;
#2773 = CIRCLE ( 'NONE', #2289, 3.000000000000002665 ) ;
#2774 = CYLINDRICAL_SURFACE ( 'NONE', #1682, 15.00000000000001421 ) ;
#2775 = ADVANCED_FACE ( 'NONE', ( #6413 ), #1893, .F. ) ;
#2776 = CARTESIAN_POINT ( 'NONE',  ( -552.4999999998080966, 6.825000000000000178, 161.4036976976977655 ) ) ;
#2777 = VERTEX_POINT ( 'NONE', #4148 ) ;
#2778 = ORIENTED_EDGE ( 'NONE', *, *, #1580, .T. ) ;
#2779 = FACE_BOUND ( 'NONE', #369, .T. ) ;
#2780 = CARTESIAN_POINT ( 'NONE',  ( 293.9999999999997726, -3.174999999999999822, 168.4036976976977371 ) ) ;
#2781 = DIRECTION ( 'NONE',  ( -1.000000000000000000, 0.000000000000000000, 7.209240419646269740E-17 ) ) ;
#2782 = DIRECTION ( 'NONE',  ( 0.9803806606322130746, 0.000000000000000000, 0.1971135719790632346 ) ) ;
#2783 = ORIENTED_EDGE ( 'NONE', *, *, #9700, .T. ) ;
#2784 = LINE ( 'NONE', #584, #3379 ) ;
#2785 = ORIENTED_EDGE ( 'NONE', *, *, #9681, .T. ) ;
#2786 = CIRCLE ( 'NONE', #76, 3.000000000000002665 ) ;
#2787 = VERTEX_POINT ( 'NONE', #4098 ) ;
#2788 = EDGE_CURVE ( 'NONE', #6307, #130, #9572, .T. ) ;
#2789 = CARTESIAN_POINT ( 'NONE',  ( 577.4999999998080966, 0.000000000000000000, 171.4036976976977087 ) ) ;
#2790 = ORIENTED_EDGE ( 'NONE', *, *, #1996, .F. ) ;
#2791 = DIRECTION ( 'NONE',  ( 0.000000000000000000, 0.000000000000000000, -1.000000000000000000 ) ) ;
#2792 = CARTESIAN_POINT ( 'NONE',  ( -542.5486554916994919, 6.825000000000000178, -362.4253983016486700 ) ) ;
#2793 = DIRECTION ( 'NONE',  ( -0.000000000000000000, 1.000000000000000000, -0.000000000000000000 ) ) ;
#2794 = CARTESIAN_POINT ( 'NONE',  ( 492.5378575973737156, -3.174999999999999822, -409.3979163409135822 ) ) ;
#2795 = EDGE_LOOP ( 'NONE', ( #3392, #6626, #5399, #6091 ) ) ;
#2796 = ORIENTED_EDGE ( 'NONE', *, *, #2638, .F. ) ;
#2797 = DIRECTION ( 'NONE',  ( 0.000000000000000000, -1.000000000000000000, 0.000000000000000000 ) ) ;
#2798 = ORIENTED_EDGE ( 'NONE', *, *, #1078, .F. ) ;
#2799 = ADVANCED_FACE ( 'NONE', ( #9624 ), #2691, .F. ) ;
#2800 = DIRECTION ( 'NONE',  ( 0.000000000000000000, 1.000000000000000000, 0.000000000000000000 ) ) ;
#2801 = DIRECTION ( 'NONE',  ( -0.000000000000000000, 1.000000000000000000, -0.000000000000000000 ) ) ;
#2802 = VECTOR ( 'NONE', #9916, 1000.000000000000000 ) ;
#2803 = DIRECTION ( 'NONE',  ( 0.000000000000000000, 0.000000000000000000, 1.000000000000000000 ) ) ;
#2804 = ORIENTED_EDGE ( 'NONE', *, *, #2128, .F. ) ;
#2805 = LINE ( 'NONE', #5061, #6736 ) ;
#2806 = VERTEX_POINT ( 'NONE', #4804 ) ;
#2807 = EDGE_CURVE ( 'NONE', #5325, #1248, #1654, .T. ) ;
#2808 = ORIENTED_EDGE ( 'NONE', *, *, #6362, .F. ) ;
#2809 = CARTESIAN_POINT ( 'NONE',  ( -208.6716673851032624, 6.825000000000000178, -444.0312787482596946 ) ) ;
#2810 = CYLINDRICAL_SURFACE ( 'NONE', #7494, 2.750000000000030198 ) ;
#2811 = AXIS2_PLACEMENT_3D ( 'NONE', #8006, #7398, #1940 ) ;
#2812 = VERTEX_POINT ( 'NONE', #9519 ) ;
#2813 = CARTESIAN_POINT ( 'NONE',  ( -522.4999999998083240, 0.000000000000000000, 171.4036976976977940 ) ) ;
#2814 = AXIS2_PLACEMENT_3D ( 'NONE', #329, #234, #4923 ) ;
#2815 = DIRECTION ( 'NONE',  ( -1.000000000000000000, 0.000000000000000000, -0.000000000000000000 ) ) ;
#2816 = VERTEX_POINT ( 'NONE', #9475 ) ;
#2817 = CIRCLE ( 'NONE', #115, 3.000000000000002665 ) ;
#2818 = EDGE_CURVE ( 'NONE', #5725, #7698, #6460, .T. ) ;
#2819 = LINE ( 'NONE', #9800, #8577 ) ;
#2820 = EDGE_CURVE ( 'NONE', #7588, #7239, #2281, .T. ) ;
#2821 = DIRECTION ( 'NONE',  ( -0.000000000000000000, 1.000000000000000000, -0.000000000000000000 ) ) ;
#2822 = DIRECTION ( 'NONE',  ( 0.000000000000000000, 0.000000000000000000, -1.000000000000000000 ) ) ;
#2823 = CIRCLE ( 'NONE', #1713, 3.000000000000002665 ) ;
#2824 = ORIENTED_EDGE ( 'NONE', *, *, #9321, .T. ) ;
#2825 = AXIS2_PLACEMENT_3D ( 'NONE', #5956, #3522, #5206 ) ;
#2826 = ORIENTED_EDGE ( 'NONE', *, *, #4128, .T. ) ;
#2827 = FACE_BOUND ( 'NONE', #8276, .T. ) ;
#2828 = CARTESIAN_POINT ( 'NONE',  ( 594.4999999998080966, 0.000000000000000000, -287.5963023023024334 ) ) ;
#2829 = LINE ( 'NONE', #7041, #4732 ) ;
#2830 = CARTESIAN_POINT ( 'NONE',  ( 517.4999999998079829, 0.000000000000000000, 132.9036976976976803 ) ) ;
#2831 = ORIENTED_EDGE ( 'NONE', *, *, #6300, .T. ) ;
#2832 = FACE_OUTER_BOUND ( 'NONE', #9474, .T. ) ;
#2833 = VERTEX_POINT ( 'NONE', #7252 ) ;
#2834 = AXIS2_PLACEMENT_3D ( 'NONE', #1895, #403, #7909 ) ;
#2835 = ORIENTED_EDGE ( 'NONE', *, *, #3324, .F. ) ;
#2836 = VECTOR ( 'NONE', #4537, 1000.000000000000000 ) ;
#2837 = DIRECTION ( 'NONE',  ( 0.000000000000000000, 0.000000000000000000, 1.000000000000000000 ) ) ;
#2838 = ORIENTED_EDGE ( 'NONE', *, *, #1022, .F. ) ;
#2839 = ADVANCED_FACE ( 'NONE', ( #1843 ), #8055, .T. ) ;
#2840 = EDGE_CURVE ( 'NONE', #7903, #741, #4244, .T. ) ;
#2841 = FACE_OUTER_BOUND ( 'NONE', #347, .T. ) ;
#2842 = DIRECTION ( 'NONE',  ( 0.9999947731023073327, 0.000000000000000000, -0.003233228736870129034 ) ) ;
#2843 = DIRECTION ( 'NONE',  ( -0.9803806606322129635, 0.000000000000000000, -0.1971135719790638452 ) ) ;
#2844 = DIRECTION ( 'NONE',  ( -0.1971135719790626795, 0.000000000000000000, 0.9803806606322131856 ) ) ;
#2845 = ORIENTED_EDGE ( 'NONE', *, *, #6381, .T. ) ;
#2846 = ADVANCED_FACE ( 'NONE', ( #8008 ), #7301, .F. ) ;
#2847 = CIRCLE ( 'NONE', #302, 3.000000000000002665 ) ;
#2848 = EDGE_CURVE ( 'NONE', #7994, #9510, #452, .T. ) ;
#2849 = AXIS2_PLACEMENT_3D ( 'NONE', #3420, #4399, #7413 ) ;
#2850 = ORIENTED_EDGE ( 'NONE', *, *, #681, .F. ) ;
#2851 = LINE ( 'NONE', #700, #2370 ) ;
#2852 = EDGE_CURVE ( 'NONE', #7993, #1264, #3572, .T. ) ;
#2853 = ORIENTED_EDGE ( 'NONE', *, *, #6258, .F. ) ;
#2854 = CARTESIAN_POINT ( 'NONE',  ( -238.3631959642489164, 0.000000000000000000, -424.2913919544157011 ) ) ;
#2855 = DIRECTION ( 'NONE',  ( 0.000000000000000000, -1.000000000000000000, 0.000000000000000000 ) ) ;
#2856 = CARTESIAN_POINT ( 'NONE',  ( -475.3811960363102003, -3.174999999999999822, -412.8474038505471526 ) ) ;
#2857 = ORIENTED_EDGE ( 'NONE', *, *, #3335, .T. ) ;
#2858 = CARTESIAN_POINT ( 'NONE',  ( 552.4999999998077556, 0.000000000000000000, 156.4036976976983340 ) ) ;
#2859 = ORIENTED_EDGE ( 'NONE', *, *, #8208, .F. ) ;
#2860 = VERTEX_POINT ( 'NONE', #2551 ) ;
#2861 = LINE ( 'NONE', #4456, #998 ) ;
#2862 = AXIS2_PLACEMENT_3D ( 'NONE', #4917, #1263, #7375 ) ;
#2863 = CARTESIAN_POINT ( 'NONE',  ( -285.9999999999997726, 0.000000000000000000, 132.9036976976976518 ) ) ;
#2864 = ORIENTED_EDGE ( 'NONE', *, *, #3934, .T. ) ;
#2865 = DIRECTION ( 'NONE',  ( 0.000000000000000000, 0.000000000000000000, 1.000000000000000000 ) ) ;
#2866 = EDGE_CURVE ( 'NONE', #2300, #9510, #1020, .T. ) ;
#2867 = CIRCLE ( 'NONE', #7192, 15.00000000000001421 ) ;
#2868 = DIRECTION ( 'NONE',  ( -0.000000000000000000, 1.000000000000000000, -0.000000000000000000 ) ) ;
#2869 = CIRCLE ( 'NONE', #1913, 3.000000000000002665 ) ;
#2870 = VERTEX_POINT ( 'NONE', #6609 ) ;
#2871 = DIRECTION ( 'NONE',  ( 0.000000000000000000, 0.000000000000000000, 1.000000000000000000 ) ) ;
#2872 = CARTESIAN_POINT ( 'NONE',  ( -267.7746157832153813, -3.174999999999999822, -418.3779847950438011 ) ) ;
#2873 = CARTESIAN_POINT ( 'NONE',  ( 577.4999999998080966, 0.000000000000000000, 171.4036976976977087 ) ) ;
#2874 = EDGE_CURVE ( 'NONE', #6866, #4346, #2773, .T. ) ;
#2875 = ORIENTED_EDGE ( 'NONE', *, *, #977, .F. ) ;
#2876 = EDGE_CURVE ( 'NONE', #9420, #8368, #7353, .T. ) ;
#2877 = VERTEX_POINT ( 'NONE', #2987 ) ;
#2878 = AXIS2_PLACEMENT_3D ( 'NONE', #6461, #4053, #9330 ) ;
#2879 = DIRECTION ( 'NONE',  ( -0.000000000000000000, 1.000000000000000000, -0.000000000000000000 ) ) ;
#2880 = DIRECTION ( 'NONE',  ( 0.000000000000000000, 0.000000000000000000, 1.000000000000000000 ) ) ;
#2881 = DIRECTION ( 'NONE',  ( 0.000000000000000000, -1.000000000000000000, 0.000000000000000000 ) ) ;
#2882 = FACE_OUTER_BOUND ( 'NONE', #2293, .T. ) ;
#2883 = VERTEX_POINT ( 'NONE', #591 ) ;
#2884 = DIRECTION ( 'NONE',  ( 0.000000000000000000, 0.000000000000000000, 1.000000000000000000 ) ) ;
#2885 = EDGE_CURVE ( 'NONE', #4299, #166, #1435, .T. ) ;
#2886 = VECTOR ( 'NONE', #8555, 1000.000000000000000 ) ;
#2887 = ORIENTED_EDGE ( 'NONE', *, *, #7456, .T. ) ;
#2888 = VECTOR ( 'NONE', #556, 1000.000000000000000 ) ;
#2889 = PLANE ( 'NONE',  #1213 ) ;
#2890 = ORIENTED_EDGE ( 'NONE', *, *, #8576, .T. ) ;
#2891 = EDGE_CURVE ( 'NONE', #3050, #9333, #1817, .T. ) ;
#2892 = DIRECTION ( 'NONE',  ( 0.000000000000000000, 0.000000000000000000, 1.000000000000000000 ) ) ;
#2893 = CARTESIAN_POINT ( 'NONE',  ( -100.0000000000000142, 0.000000000000000000, -474.5963023023023197 ) ) ;
#2894 = CARTESIAN_POINT ( 'NONE',  ( 468.1294914671894958, 0.000000000000000000, -417.3654544082763209 ) ) ;
#2895 = CARTESIAN_POINT ( 'NONE',  ( -285.9999999999997726, 0.000000000000000000, 168.4036976976977655 ) ) ;
#2896 = ADVANCED_FACE ( 'NONE', ( #5094 ), #5942, .F. ) ;
#2897 = EDGE_LOOP ( 'NONE', ( #747, #3597, #628, #2264 ) ) ;
#2898 = AXIS2_PLACEMENT_3D ( 'NONE', #9711, #5185, #9764 ) ;
#2899 = DIRECTION ( 'NONE',  ( 0.000000000000000000, -1.000000000000000000, 0.000000000000000000 ) ) ;
#2900 = CARTESIAN_POINT ( 'NONE',  ( -264.8334738013187462, 0.000000000000000000, -418.9693255109809797 ) ) ;
#2901 = EDGE_CURVE ( 'NONE', #3148, #6255, #9719, .T. ) ;
#2902 = ORIENTED_EDGE ( 'NONE', *, *, #9121, .T. ) ;
#2903 = EDGE_LOOP ( 'NONE', ( #3365, #5735, #4907, #4714 ) ) ;
#2904 = AXIS2_PLACEMENT_3D ( 'NONE', #5923, #4461, #5781 ) ;
#2905 = DIRECTION ( 'NONE',  ( 0.000000000000000000, 0.000000000000000000, 1.000000000000000000 ) ) ;
#2906 = DIRECTION ( 'NONE',  ( 1.000000000000000000, 0.000000000000000000, -1.696813561850769255E-16 ) ) ;
#2907 = DIRECTION ( 'NONE',  ( 0.000000000000000000, 0.000000000000000000, 1.000000000000000000 ) ) ;
#2908 = DIRECTION ( 'NONE',  ( 0.000000000000000000, -1.000000000000000000, 0.000000000000000000 ) ) ;
#2909 = VERTEX_POINT ( 'NONE', #9011 ) ;
#2910 = DIRECTION ( 'NONE',  ( 0.000000000000000000, 0.000000000000000000, 1.000000000000000000 ) ) ;
#2911 = ORIENTED_EDGE ( 'NONE', *, *, #5330, .F. ) ;
#2912 = VERTEX_POINT ( 'NONE', #1384 ) ;
#2913 = AXIS2_PLACEMENT_3D ( 'NONE', #3273, #916, #4915 ) ;
#2914 = PLANE ( 'NONE',  #4837 ) ;
#2915 = AXIS2_PLACEMENT_3D ( 'NONE', #6025, #7781, #8731 ) ;
#2916 = EDGE_LOOP ( 'NONE', ( #5213, #6366 ) ) ;
#2917 = EDGE_CURVE ( 'NONE', #8409, #2539, #6796, .T. ) ;
#2918 = CARTESIAN_POINT ( 'NONE',  ( 577.4999999998080966, 0.000000000000000000, 171.4036976976977087 ) ) ;
#2919 = DIRECTION ( 'NONE',  ( -0.9999947731023073327, 0.000000000000000000, -0.003233228736867350874 ) ) ;
#2920 = VERTEX_POINT ( 'NONE', #4485 ) ;
#2921 = CARTESIAN_POINT ( 'NONE',  ( -558.9999999998083240, -3.174999999999999822, 86.90369769769773711 ) ) ;
#2922 = DIRECTION ( 'NONE',  ( 0.000000000000000000, 0.000000000000000000, 1.000000000000000000 ) ) ;
#2923 = CARTESIAN_POINT ( 'NONE',  ( 93.99999999999990052, 0.000000000000000000, -471.5963023023023766 ) ) ;
#2924 = EDGE_CURVE ( 'NONE', #1966, #6930, #3640, .T. ) ;
#2925 = ORIENTED_EDGE ( 'NONE', *, *, #5008, .F. ) ;
#2926 = ORIENTED_EDGE ( 'NONE', *, *, #4982, .F. ) ;
#2927 = EDGE_CURVE ( 'NONE', #1539, #5053, #2132, .T. ) ;
#2928 = CARTESIAN_POINT ( 'NONE',  ( -487.9999999998082103, -3.174999999999999822, 132.9036976976976803 ) ) ;
#2929 = DIRECTION ( 'NONE',  ( 0.000000000000000000, -1.000000000000000000, 0.000000000000000000 ) ) ;
#2930 = AXIS2_PLACEMENT_3D ( 'NONE', #6151, #9217, #5402 ) ;
#2931 = CARTESIAN_POINT ( 'NONE',  ( -495.4789995792705213, 0.000000000000000000, -408.8065756249762899 ) ) ;
#2932 = CARTESIAN_POINT ( 'NONE',  ( 90.99999999999988631, -3.174999999999999822, -474.5963023023023766 ) ) ;
#2933 = CARTESIAN_POINT ( 'NONE',  ( 257.9999999999997158, 0.000000000000000000, 132.9036976976976803 ) ) ;
#2934 = EDGE_LOOP ( 'NONE', ( #2532, #2245, #9803, #1322 ) ) ;
#2935 = CARTESIAN_POINT ( 'NONE',  ( -91.00000000000001421, 0.000000000000000000, -474.5963023023023197 ) ) ;
#2936 = VERTEX_POINT ( 'NONE', #8154 ) ;
#2937 = CARTESIAN_POINT ( 'NONE',  ( 493.9999999998082103, -3.174999999999999822, 168.4036976976977087 ) ) ;
#2938 =( NAMED_UNIT ( * ) SI_UNIT ( $, .STERADIAN. ) SOLID_ANGLE_UNIT ( ) );
#2939 = ADVANCED_FACE ( 'NONE', ( #2841 ), #2088, .F. ) ;
#2940 = CARTESIAN_POINT ( 'NONE',  ( 555.9999999998080966, 0.000000000000000000, -307.5963023023024334 ) ) ;
#2941 = DIRECTION ( 'NONE',  ( 0.000000000000000000, -1.000000000000000000, 0.000000000000000000 ) ) ;
#2942 = ORIENTED_EDGE ( 'NONE', *, *, #8770, .F. ) ;
#2943 = VECTOR ( 'NONE', #6900, 1000.000000000000000 ) ;
#2944 = ADVANCED_FACE ( 'NONE', ( #6655 ), #4341, .F. ) ;
#2945 = EDGE_CURVE ( 'NONE', #7430, #7698, #6755, .T. ) ;
#2946 = CARTESIAN_POINT ( 'NONE',  ( -274.7721475884721372, 0.000000000000000000, -453.1814982474873545 ) ) ;
#2947 = ORIENTED_EDGE ( 'NONE', *, *, #3611, .T. ) ;
#2948 = LINE ( 'NONE', #6001, #6806 ) ;
#2949 = ORIENTED_EDGE ( 'NONE', *, *, #7310, .F. ) ;
#2950 = DIRECTION ( 'NONE',  ( 0.000000000000000000, 1.000000000000000000, 0.000000000000000000 ) ) ;
#2951 = PLANE ( 'NONE',  #5595 ) ;
#2952 = DIRECTION ( 'NONE',  ( -1.000000000000000000, 0.000000000000000000, 0.000000000000000000 ) ) ;
#2953 = DIRECTION ( 'NONE',  ( -0.000000000000000000, 1.000000000000000000, -0.000000000000000000 ) ) ;
#2954 = EDGE_LOOP ( 'NONE', ( #7258, #1493, #9283, #6951 ) ) ;
#2955 = DIRECTION ( 'NONE',  ( -0.000000000000000000, 1.000000000000000000, -0.000000000000000000 ) ) ;
#2956 = ORIENTED_EDGE ( 'NONE', *, *, #2133, .F. ) ;
#2957 = ORIENTED_EDGE ( 'NONE', *, *, #2096, .F. ) ;
#2958 = PLANE ( 'NONE',  #3875 ) ;
#2959 = AXIS2_PLACEMENT_3D ( 'NONE', #6392, #9255, #7797 ) ;
#2960 = AXIS2_PLACEMENT_3D ( 'NONE', #201, #4639, #9319 ) ;
#2961 = DIRECTION ( 'NONE',  ( 0.000000000000000000, -1.000000000000000000, 0.000000000000000000 ) ) ;
#2962 = UNCERTAINTY_MEASURE_WITH_UNIT (LENGTH_MEASURE( 1.000000000000000082E-05 ), #7019, 'distance_accuracy_value', 'NONE');
#2963 = ORIENTED_EDGE ( 'NONE', *, *, #717, .T. ) ;
#2964 = AXIS2_PLACEMENT_3D ( 'NONE', #7795, #5385, #984 ) ;
#2965 = CYLINDRICAL_SURFACE ( 'NONE', #5057, 3.000000000000002665 ) ;
#2966 = CARTESIAN_POINT ( 'NONE',  ( 594.4999999998080966, -3.174999999999999822, -284.5963023023024334 ) ) ;
#2967 = EDGE_LOOP ( 'NONE', ( #354, #3713 ) ) ;
#2968 = AXIS2_PLACEMENT_3D ( 'NONE', #3238, #8393, #1678 ) ;
#2969 = CARTESIAN_POINT ( 'NONE',  ( -467.5381507512524308, -3.174999999999999822, -414.4243124263796290 ) ) ;
#2970 = AXIS2_PLACEMENT_3D ( 'NONE', #6309, #1001, #3398 ) ;
#2971 = FACE_OUTER_BOUND ( 'NONE', #9780, .T. ) ;
#2972 = EDGE_CURVE ( 'NONE', #4029, #607, #6622, .T. ) ;
#2973 = CARTESIAN_POINT ( 'NONE',  ( 254.9999999999997158, -3.174999999999999822, 171.4036976976977371 ) ) ;
#2974 = EDGE_LOOP ( 'NONE', ( #601, #5388, #2202, #1039 ) ) ;
#2975 = VERTEX_POINT ( 'NONE', #8964 ) ;
#2976 = AXIS2_PLACEMENT_3D ( 'NONE', #9545, #8739, #8642 ) ;
#2977 = CIRCLE ( 'NONE', #6503, 3.000000000000002665 ) ;
#2978 = LINE ( 'NONE', #6980, #7940 ) ;
#2979 = CARTESIAN_POINT ( 'NONE',  ( -597.4999999998082103, -3.174999999999999822, 151.4036976976976518 ) ) ;
#2980 = CARTESIAN_POINT ( 'NONE',  ( -402.0000000000000000, 6.825000000000000178, 103.6536976976978650 ) ) ;
#2981 = LINE ( 'NONE', #83, #6873 ) ;
#2982 = DIRECTION ( 'NONE',  ( 0.000000000000000000, 1.000000000000000000, 0.000000000000000000 ) ) ;
#2983 = AXIS2_PLACEMENT_3D ( 'NONE', #4936, #7996, #1878 ) ;
#2984 = EDGE_CURVE ( 'NONE', #8622, #468, #1335, .T. ) ;
#2985 = ORIENTED_EDGE ( 'NONE', *, *, #3488, .F. ) ;
#2986 = ORIENTED_EDGE ( 'NONE', *, *, #1170, .F. ) ;
#2987 = CARTESIAN_POINT ( 'NONE',  ( 347.9999999999997726, 0.000000000000000000, -366.8463023023020924 ) ) ;
#2988 = AXIS2_PLACEMENT_3D ( 'NONE', #5655, #5610, #311 ) ;
#2989 = CYLINDRICAL_SURFACE ( 'NONE', #2357, 3.000000000000002665 ) ;
#2990 = DIRECTION ( 'NONE',  ( 0.000000000000000000, 0.000000000000000000, 1.000000000000000000 ) ) ;
#2991 = ORIENTED_EDGE ( 'NONE', *, *, #9301, .F. ) ;
#2992 = CARTESIAN_POINT ( 'NONE',  ( 254.9999999999997158, 0.000000000000000000, 168.4036976976977371 ) ) ;
#2993 = VECTOR ( 'NONE', #2337, 1000.000000000000000 ) ;
#2994 = EDGE_LOOP ( 'NONE', ( #9339, #9798, #6976, #3840 ) ) ;
#2995 = DIRECTION ( 'NONE',  ( 0.000000000000000000, 0.000000000000000000, -1.000000000000000000 ) ) ;
#2996 = VERTEX_POINT ( 'NONE', #7498 ) ;
#2997 = CARTESIAN_POINT ( 'NONE',  ( 257.9999999999997158, -3.174999999999999822, 168.4036976976977371 ) ) ;
#2998 = CARTESIAN_POINT ( 'NONE',  ( -71.00000000000005684, 0.000000000000000000, -471.5963023023023197 ) ) ;
#2999 = EDGE_CURVE ( 'NONE', #3644, #6129, #3693, .T. ) ;
#3000 = CARTESIAN_POINT ( 'NONE',  ( 223.4033132909019059, -3.174999999999999822, -466.5696595442744297 ) ) ;
#3001 = LINE ( 'NONE', #4653, #1738 ) ;
#3002 = VERTEX_POINT ( 'NONE', #2181 ) ;
#3003 = LINE ( 'NONE', #8370, #4322 ) ;
#3004 = ORIENTED_EDGE ( 'NONE', *, *, #9839, .T. ) ;
#3005 = ORIENTED_EDGE ( 'NONE', *, *, #8120, .F. ) ;
#3006 = CARTESIAN_POINT ( 'NONE',  ( 577.4999999998080966, -3.174999999999999822, 171.4036976976977087 ) ) ;
#3007 = VERTEX_POINT ( 'NONE', #1989 ) ;
#3008 = VECTOR ( 'NONE', #2297, 1000.000000000000000 ) ;
#3009 = DIRECTION ( 'NONE',  ( 0.000000000000000000, 0.000000000000000000, 1.000000000000000000 ) ) ;
#3010 = VERTEX_POINT ( 'NONE', #8106 ) ;
#3011 = CARTESIAN_POINT ( 'NONE',  ( -594.4999999998082103, 0.000000000000000000, 84.90369769769773711 ) ) ;
#3012 = EDGE_CURVE ( 'NONE', #755, #6823, #1242, .T. ) ;
#3013 = CARTESIAN_POINT ( 'NONE',  ( 464.5970087693556820, -3.174999999999999822, -415.0156531423169213 ) ) ;
#3014 = ORIENTED_EDGE ( 'NONE', *, *, #9212, .F. ) ;
#3015 = CIRCLE ( 'NONE', #3823, 2.749999999999974687 ) ;
#3016 = CARTESIAN_POINT ( 'NONE',  ( -402.0000000000000000, 0.000000000000000000, -369.5963023023023197 ) ) ;
#3017 = FACE_BOUND ( 'NONE', #6892, .T. ) ;
#3018 = DIRECTION ( 'NONE',  ( 0.000000000000000000, -1.000000000000000000, 0.000000000000000000 ) ) ;
#3019 = ADVANCED_FACE ( 'NONE', ( #4741 ), #7692, .F. ) ;
#3020 = EDGE_LOOP ( 'NONE', ( #5390, #9214, #2544, #7014 ) ) ;
#3021 = ADVANCED_FACE ( 'NONE', ( #7051 ), #8554, .T. ) ;
#3022 = ORIENTED_EDGE ( 'NONE', *, *, #5128, .F. ) ;
#3023 = PLANE ( 'NONE',  #9546 ) ;
#3024 = LINE ( 'NONE', #1373, #9140 ) ;
#3025 = ADVANCED_FACE ( 'NONE', ( #4637 ), #7803, .F. ) ;
#3026 = CIRCLE ( 'NONE', #8637, 3.000000000000002665 ) ;
#3027 = DIRECTION ( 'NONE',  ( 0.000000000000000000, 0.000000000000000000, 1.000000000000000000 ) ) ;
#3028 = DIRECTION ( 'NONE',  ( 0.000000000000000000, 0.000000000000000000, -1.000000000000000000 ) ) ;
#3029 = VERTEX_POINT ( 'NONE', #6095 ) ;
#3030 = CARTESIAN_POINT ( 'NONE',  ( -558.9999999998083240, -3.174999999999999822, 89.90369769769773711 ) ) ;
#3031 = AXIS2_PLACEMENT_3D ( 'NONE', #9084, #2961, #18 ) ;
#3032 = VECTOR ( 'NONE', #1894, 1000.000000000000000 ) ;
#3033 = VERTEX_POINT ( 'NONE', #6197 ) ;
#3034 = ORIENTED_EDGE ( 'NONE', *, *, #535, .T. ) ;
#3035 = ORIENTED_EDGE ( 'NONE', *, *, #2848, .T. ) ;
#3036 = DIRECTION ( 'NONE',  ( 0.000000000000000000, 0.000000000000000000, 1.000000000000000000 ) ) ;
#3037 = FACE_OUTER_BOUND ( 'NONE', #9434, .T. ) ;
#3038 = EDGE_CURVE ( 'NONE', #2213, #6069, #8505, .T. ) ;
#3039 = DIRECTION ( 'NONE',  ( 0.000000000000000000, 0.000000000000000000, 1.000000000000000000 ) ) ;
#3040 = CARTESIAN_POINT ( 'NONE',  ( 532.6513146897268598, -3.174999999999999822, -394.1926930939662270 ) ) ;
#3041 = VERTEX_POINT ( 'NONE', #4534 ) ;
#3042 = VECTOR ( 'NONE', #3578, 1000.000000000000000 ) ;
#3043 = EDGE_CURVE ( 'NONE', #3397, #2344, #3891, .T. ) ;
#3044 = CARTESIAN_POINT ( 'NONE',  ( -97.00000000000001421, 0.000000000000000000, -436.0963023023023766 ) ) ;
#3045 = AXIS2_PLACEMENT_3D ( 'NONE', #5314, #9177, #4453 ) ;
#3046 = VERTEX_POINT ( 'NONE', #2235 ) ;
#3047 = EDGE_CURVE ( 'NONE', #478, #6715, #6775, .T. ) ;
#3048 = VECTOR ( 'NONE', #6884, 1000.000000000000000 ) ;
#3049 = DIRECTION ( 'NONE',  ( 0.000000000000000000, -1.000000000000000000, 0.000000000000000000 ) ) ;
#3050 = VERTEX_POINT ( 'NONE', #3246 ) ;
#3051 = DIRECTION ( 'NONE',  ( 0.000000000000000000, 0.000000000000000000, 1.000000000000000000 ) ) ;
#3052 = LINE ( 'NONE', #5403, #3518 ) ;
#3053 = FACE_OUTER_BOUND ( 'NONE', #7906, .T. ) ;
#3054 = CARTESIAN_POINT ( 'NONE',  ( 169.4999999999999147, -3.174999999999999822, -413.8463023023022060 ) ) ;
#3055 = CIRCLE ( 'NONE', #8661, 3.000000000000002665 ) ;
#3056 = ORIENTED_EDGE ( 'NONE', *, *, #7257, .T. ) ;
#3057 = CYLINDRICAL_SURFACE ( 'NONE', #4168, 3.250000000000030642 ) ;
#3058 = VERTEX_POINT ( 'NONE', #6943 ) ;
#3059 = VERTEX_POINT ( 'NONE', #1688 ) ;
#3060 = CARTESIAN_POINT ( 'NONE',  ( 260.9999999999997158, 0.000000000000000000, 132.9036976976976803 ) ) ;
#3061 = EDGE_CURVE ( 'NONE', #3810, #8606, #44, .T. ) ;
#3062 = CIRCLE ( 'NONE', #5467, 3.000000000000002665 ) ;
#3063 = ORIENTED_EDGE ( 'NONE', *, *, #924, .T. ) ;
#3064 = CARTESIAN_POINT ( 'NONE',  ( 462.4085007884962124, -3.174999999999999822, -376.2280099409344984 ) ) ;
#3065 = EDGE_LOOP ( 'NONE', ( #7475, #6019, #3094, #7723 ) ) ;
#3066 = CARTESIAN_POINT ( 'NONE',  ( 262.8727124800541333, -3.174999999999999822, -419.3635526549392125 ) ) ;
#3067 = DIRECTION ( 'NONE',  ( 0.000000000000000000, 1.000000000000000000, 0.000000000000000000 ) ) ;
#3068 = ORIENTED_EDGE ( 'NONE', *, *, #2152, .T. ) ;
#3069 = DIRECTION ( 'NONE',  ( -0.000000000000000000, 1.000000000000000000, -0.000000000000000000 ) ) ;
#3070 = FACE_BOUND ( 'NONE', #6420, .T. ) ;
#3071 = VECTOR ( 'NONE', #8222, 1000.000000000000000 ) ;
#3072 = EDGE_CURVE ( 'NONE', #741, #7194, #5011, .T. ) ;
#3073 = CARTESIAN_POINT ( 'NONE',  ( -238.3631959642489164, 0.000000000000000000, -424.2913919544157011 ) ) ;
#3074 = ORIENTED_EDGE ( 'NONE', *, *, #8827, .F. ) ;
#3075 = ORIENTED_EDGE ( 'NONE', *, *, #890, .F. ) ;
#3076 = CARTESIAN_POINT ( 'NONE',  ( 277.7132895703686017, 0.000000000000000000, -455.5901575315502328 ) ) ;
#3077 = CARTESIAN_POINT ( 'NONE',  ( 597.4999999998080966, -3.174999999999999822, -315.5963023023024334 ) ) ;
#3078 = DIRECTION ( 'NONE',  ( 0.000000000000000000, -1.000000000000000000, 0.000000000000000000 ) ) ;
#3079 = LINE ( 'NONE', #2932, #7037 ) ;
#3080 = EDGE_CURVE ( 'NONE', #1974, #6172, #6353, .T. ) ;
#3081 = LINE ( 'NONE', #5535, #9471 ) ;
#3082 = ORIENTED_EDGE ( 'NONE', *, *, #5658, .T. ) ;
#3083 = ORIENTED_EDGE ( 'NONE', *, *, #2901, .F. ) ;
#3084 = ORIENTED_EDGE ( 'NONE', *, *, #5207, .T. ) ;
#3085 = AXIS2_PLACEMENT_3D ( 'NONE', #5, #9373, #4008 ) ;
#3086 = LINE ( 'NONE', #6141, #5220 ) ;
#3087 = FACE_OUTER_BOUND ( 'NONE', #3624, .T. ) ;
#3088 = DIRECTION ( 'NONE',  ( 0.000000000000000000, 0.000000000000000000, 1.000000000000000000 ) ) ;
#3089 = LINE ( 'NONE', #3845, #2993 ) ;
#3090 = ORIENTED_EDGE ( 'NONE', *, *, #3847, .F. ) ;
#3091 = VECTOR ( 'NONE', #2437, 1000.000000000000000 ) ;
#3092 = CARTESIAN_POINT ( 'NONE',  ( -558.9999999998083240, 0.000000000000000000, -307.5963023023023197 ) ) ;
#3093 = EDGE_CURVE ( 'NONE', #7270, #5788, #7642, .T. ) ;
#3094 = ORIENTED_EDGE ( 'NONE', *, *, #5589, .T. ) ;
#3095 = LINE ( 'NONE', #4647, #413 ) ;
#3096 = ORIENTED_EDGE ( 'NONE', *, *, #846, .T. ) ;
#3097 = CARTESIAN_POINT ( 'NONE',  ( 99.99999999999991473, 0.000000000000000000, -474.5963023023023197 ) ) ;
#3098 = DIRECTION ( 'NONE',  ( 0.000000000000000000, 0.000000000000000000, 1.000000000000000000 ) ) ;
#3099 = LINE ( 'NONE', #1546, #6354 ) ;
#3100 = CYLINDRICAL_SURFACE ( 'NONE', #6376, 10.00000000000000888 ) ;
#3101 = ORIENTED_EDGE ( 'NONE', *, *, #6296, .F. ) ;
#3102 = AXIS2_PLACEMENT_3D ( 'NONE', #8604, #5637, #8649 ) ;
#3103 = ORIENTED_EDGE ( 'NONE', *, *, #6296, .T. ) ;
#3104 = CARTESIAN_POINT ( 'NONE',  ( -71.00000000000002842, -3.174999999999999822, -436.0963023023023766 ) ) ;
#3105 = VERTEX_POINT ( 'NONE', #786 ) ;
#3106 = ORIENTED_EDGE ( 'NONE', *, *, #2287, .T. ) ;
#3107 = FACE_OUTER_BOUND ( 'NONE', #5194, .T. ) ;
#3108 = EDGE_CURVE ( 'NONE', #6139, #5228, #5865, .T. ) ;
#3109 = VERTEX_POINT ( 'NONE', #7589 ) ;
#3110 = DIRECTION ( 'NONE',  ( 0.000000000000000000, 1.000000000000000000, -0.000000000000000000 ) ) ;
#3111 = ORIENTED_EDGE ( 'NONE', *, *, #650, .F. ) ;
#3112 = CARTESIAN_POINT ( 'NONE',  ( -348.0000000000000000, 6.825000000000000178, 109.1536976976978082 ) ) ;
#3113 = CARTESIAN_POINT ( 'NONE',  ( 169.4999999999999147, -3.174999999999999822, -417.0963023023022060 ) ) ;
#3114 = CARTESIAN_POINT ( 'NONE',  ( 191.0092538959338242, -3.174999999999999822, -432.2822724184622984 ) ) ;
#3115 = ORIENTED_EDGE ( 'NONE', *, *, #1604, .F. ) ;
#3116 = DIRECTION ( 'NONE',  ( 0.000000000000000000, 0.000000000000000000, 1.000000000000000000 ) ) ;
#3117 = CARTESIAN_POINT ( 'NONE',  ( 145.4999999999998863, 0.000000000000000000, -417.0963023023022060 ) ) ;
#3118 = AXIS2_PLACEMENT_3D ( 'NONE', #6350, #9468, #6449 ) ;
#3119 = DIRECTION ( 'NONE',  ( 0.000000000000000000, 0.000000000000000000, -1.000000000000000000 ) ) ;
#3120 = AXIS2_PLACEMENT_3D ( 'NONE', #3836, #2325, #875 ) ;
#3121 = VERTEX_POINT ( 'NONE', #737 ) ;
#3122 = DIRECTION ( 'NONE',  ( -1.000000000000000000, 0.000000000000000000, 7.209240419646269740E-17 ) ) ;
#3123 = CARTESIAN_POINT ( 'NONE',  ( 542.5775235041253381, 0.000000000000000000, -371.3538917318584822 ) ) ;
#3124 = DIRECTION ( 'NONE',  ( 0.000000000000000000, 0.000000000000000000, 1.000000000000000000 ) ) ;
#3125 = EDGE_CURVE ( 'NONE', #6485, #3576, #6022, .T. ) ;
#3126 = DIRECTION ( 'NONE',  ( -0.000000000000000000, -1.000000000000000000, -0.000000000000000000 ) ) ;
#3127 = CARTESIAN_POINT ( 'NONE',  ( -597.4999999998082103, 0.000000000000000000, -284.5963023023023197 ) ) ;
#3128 = ADVANCED_FACE ( 'NONE', ( #9914 ), #147, .F. ) ;
#3129 = ORIENTED_EDGE ( 'NONE', *, *, #4973, .F. ) ;
#3130 = CIRCLE ( 'NONE', #6650, 3.000000000000002665 ) ;
#3131 = FACE_OUTER_BOUND ( 'NONE', #8124, .T. ) ;
#3132 = VERTEX_POINT ( 'NONE', #6893 ) ;
#3133 = AXIS2_PLACEMENT_3D ( 'NONE', #4291, #498, #6556 ) ;
#3134 = ORIENTED_EDGE ( 'NONE', *, *, #650, .T. ) ;
#3135 = ORIENTED_EDGE ( 'NONE', *, *, #4167, .T. ) ;
#3136 = CARTESIAN_POINT ( 'NONE',  ( -293.9999999999997726, -3.174999999999999822, 168.4036976976977655 ) ) ;
#3137 = PRESENTATION_STYLE_ASSIGNMENT (( #6894 ) ) ;
#3138 = EDGE_CURVE ( 'NONE', #7904, #2408, #3086, .T. ) ;
#3139 = CARTESIAN_POINT ( 'NONE',  ( 293.9999999999997726, 0.000000000000000000, 171.4036976976977371 ) ) ;
#3140 = DIRECTION ( 'NONE',  ( 0.000000000000000000, 0.000000000000000000, 1.000000000000000000 ) ) ;
#3141 = ORIENTED_EDGE ( 'NONE', *, *, #3047, .F. ) ;
#3142 = VECTOR ( 'NONE', #1975, 1000.000000000000000 ) ;
#3143 = AXIS2_PLACEMENT_3D ( 'NONE', #281, #3469, #7086 ) ;
#3144 = EDGE_CURVE ( 'NONE', #6827, #3148, #8452, .T. ) ;
#3145 = ADVANCED_FACE ( 'NONE', ( #436 ), #1930, .F. ) ;
#3146 = ORIENTED_EDGE ( 'NONE', *, *, #5103, .F. ) ;
#3147 = DIRECTION ( 'NONE',  ( 0.000000000000000000, -1.000000000000000000, 0.000000000000000000 ) ) ;
#3148 = VERTEX_POINT ( 'NONE', #6495 ) ;
#3149 = CIRCLE ( 'NONE', #4267, 3.000000000000002665 ) ;
#3150 = LINE ( 'NONE', #6207, #4361 ) ;
#3151 = DIRECTION ( 'NONE',  ( -1.000000000000000000, 0.000000000000000000, 0.000000000000000000 ) ) ;
#3152 = EDGE_CURVE ( 'NONE', #7565, #6161, #6301, .T. ) ;
#3153 = DIRECTION ( 'NONE',  ( 0.000000000000000000, 0.000000000000000000, 1.000000000000000000 ) ) ;
#3154 = CARTESIAN_POINT ( 'NONE',  ( 347.9999999999994316, 6.825000000000000178, 106.4036976976980640 ) ) ;
#3155 = ORIENTED_EDGE ( 'NONE', *, *, #8295, .T. ) ;
#3156 = EDGE_CURVE ( 'NONE', #209, #6086, #282, .T. ) ;
#3157 = ORIENTED_EDGE ( 'NONE', *, *, #636, .F. ) ;
#3158 = FACE_OUTER_BOUND ( 'NONE', #4226, .T. ) ;
#3159 = ORIENTED_EDGE ( 'NONE', *, *, #2287, .F. ) ;
#3160 = CIRCLE ( 'NONE', #3316, 3.250000000000030642 ) ;
#3161 = ORIENTED_EDGE ( 'NONE', *, *, #3444, .T. ) ;
#3162 = VECTOR ( 'NONE', #7304, 1000.000000000000000 ) ;
#3163 = CYLINDRICAL_SURFACE ( 'NONE', #8193, 3.000000000000002665 ) ;
#3164 = ORIENTED_EDGE ( 'NONE', *, *, #2735, .F. ) ;
#3165 = DIRECTION ( 'NONE',  ( 0.000000000000000000, 0.000000000000000000, -1.000000000000000000 ) ) ;
#3166 = ORIENTED_EDGE ( 'NONE', *, *, #4355, .T. ) ;
#3167 = DIRECTION ( 'NONE',  ( 0.000000000000000000, -1.000000000000000000, 0.000000000000000000 ) ) ;
#3168 = DIRECTION ( 'NONE',  ( -7.209240419646269740E-17, 0.000000000000000000, -1.000000000000000000 ) ) ;
#3169 = VECTOR ( 'NONE', #5395, 1000.000000000000000 ) ;
#3170 = CARTESIAN_POINT ( 'NONE',  ( -482.9999999998082671, 0.000000000000000000, 168.4036976976977655 ) ) ;
#3171 = ORIENTED_EDGE ( 'NONE', *, *, #5303, .F. ) ;
#3172 = CARTESIAN_POINT ( 'NONE',  ( 594.4999999998082103, -3.174999999999999822, 84.90369769769773711 ) ) ;
#3173 = CARTESIAN_POINT ( 'NONE',  ( 558.9999999998080966, 0.000000000000000000, -310.5963023023024334 ) ) ;
#3174 = VECTOR ( 'NONE', #8675, 1000.000000000000000 ) ;
#3175 = LINE ( 'NONE', #9448, #4449 ) ;
#3176 = VECTOR ( 'NONE', #5374, 1000.000000000000000 ) ;
#3177 = ORIENTED_EDGE ( 'NONE', *, *, #2876, .F. ) ;
#3178 = CARTESIAN_POINT ( 'NONE',  ( -293.9999999999998295, -3.174999999999999822, 171.4036976976977655 ) ) ;
#3179 = EDGE_CURVE ( 'NONE', #2877, #6991, #4137, .T. ) ;
#3180 = DIRECTION ( 'NONE',  ( -0.000000000000000000, -1.000000000000000000, -0.000000000000000000 ) ) ;
#3181 = DIRECTION ( 'NONE',  ( -1.000000000000000000, 0.000000000000000000, 0.000000000000000000 ) ) ;
#3182 = AXIS2_PLACEMENT_3D ( 'NONE', #6580, #8176, #4360 ) ;
#3183 = LINE ( 'NONE', #780, #2320 ) ;
#3184 = CARTESIAN_POINT ( 'NONE',  ( 462.5013802672600036, -3.174999999999999822, -379.2265718299780701 ) ) ;
#3185 = CARTESIAN_POINT ( 'NONE',  ( 401.9999999999998295, 0.000000000000000000, -372.3463023023019787 ) ) ;
#3186 = CARTESIAN_POINT ( 'NONE',  ( -511.4999999998082103, 0.000000000000000000, 171.4036976976977940 ) ) ;
#3187 = EDGE_CURVE ( 'NONE', #8783, #7001, #3788, .T. ) ;
#3188 = EDGE_CURVE ( 'NONE', #8220, #8190, #4183, .T. ) ;
#3189 = CIRCLE ( 'NONE', #6063, 3.000000000000002665 ) ;
#3190 = ORIENTED_EDGE ( 'NONE', *, *, #5153, .T. ) ;
#3191 = ORIENTED_EDGE ( 'NONE', *, *, #7045, .T. ) ;
#3192 = DIRECTION ( 'NONE',  ( 5.551115123125777653E-14, 0.000000000000000000, 1.000000000000000000 ) ) ;
#3193 = CARTESIAN_POINT ( 'NONE',  ( -542.5486554916994919, -3.174999999999999822, -362.4253983016486700 ) ) ;
#3194 = DIRECTION ( 'NONE',  ( -0.1971135719790620411, 0.000000000000000000, 0.9803806606322132966 ) ) ;
#3195 = DIRECTION ( 'NONE',  ( -1.000000000000000000, 0.000000000000000000, 7.209240419646269740E-17 ) ) ;
#3196 = EDGE_CURVE ( 'NONE', #8041, #5149, #3430, .T. ) ;
#3197 = ORIENTED_EDGE ( 'NONE', *, *, #6010, .T. ) ;
#3198 = VECTOR ( 'NONE', #7883, 1000.000000000000000 ) ;
#3199 = CIRCLE ( 'NONE', #8799, 3.000000000000002665 ) ;
#3200 = VECTOR ( 'NONE', #5010, 1000.000000000000000 ) ;
#3201 = EDGE_CURVE ( 'NONE', #3296, #7830, #4578, .T. ) ;
#3202 = ORIENTED_EDGE ( 'NONE', *, *, #3156, .F. ) ;
#3203 = CARTESIAN_POINT ( 'NONE',  ( 597.4999999998082103, 0.000000000000000000, 109.9036976976977513 ) ) ;
#3204 = ORIENTED_EDGE ( 'NONE', *, *, #4650, .F. ) ;
#3205 = EDGE_CURVE ( 'NONE', #8003, #1504, #8914, .T. ) ;
#3206 = CARTESIAN_POINT ( 'NONE',  ( -290.9999999999997726, 0.000000000000000000, 132.9036976976977087 ) ) ;
#3207 = DIRECTION ( 'NONE',  ( 0.000000000000000000, 0.000000000000000000, 1.000000000000000000 ) ) ;
#3208 = AXIS2_PLACEMENT_3D ( 'NONE', #1193, #2134, #1243 ) ;
#3209 = CYLINDRICAL_SURFACE ( 'NONE', #7621, 3.000000000000002665 ) ;
#3210 = CARTESIAN_POINT ( 'NONE',  ( -153.5995066845798078, -3.174999999999999822, -474.5963023023023197 ) ) ;
#3211 = ORIENTED_EDGE ( 'NONE', *, *, #6504, .F. ) ;
#3212 = ORIENTED_EDGE ( 'NONE', *, *, #6179, .T. ) ;
#3213 = CARTESIAN_POINT ( 'NONE',  ( 597.4999999998080966, -3.174999999999999822, -374.9753774975062584 ) ) ;
#3214 = ORIENTED_EDGE ( 'NONE', *, *, #986, .T. ) ;
#3215 = CIRCLE ( 'NONE', #21, 2.749999999999974687 ) ;
#3216 = EDGE_CURVE ( 'NONE', #7114, #7338, #2823, .T. ) ;
#3217 = EDGE_LOOP ( 'NONE', ( #1246, #5129, #6602, #7522 ) ) ;
#3218 = DIRECTION ( 'NONE',  ( -0.000000000000000000, -0.000000000000000000, -1.000000000000000000 ) ) ;
#3219 = AXIS2_PLACEMENT_3D ( 'NONE', #2589, #7101, #993 ) ;
#3220 = VERTEX_POINT ( 'NONE', #8804 ) ;
#3221 = PRODUCT_CONTEXT ( 'NONE', #9827, 'mechanical' ) ;
#3222 = VERTEX_POINT ( 'NONE', #2628 ) ;
#3223 = AXIS2_PLACEMENT_3D ( 'NONE', #8145, #9858, #5292 ) ;
#3224 = LINE ( 'NONE', #6279, #9210 ) ;
#3225 = CARTESIAN_POINT ( 'NONE',  ( 475.3811960363100866, -3.174999999999999822, -412.8474038505472095 ) ) ;
#3226 = DIRECTION ( 'NONE',  ( -0.000000000000000000, 1.000000000000000000, 0.000000000000000000 ) ) ;
#3227 = ORIENTED_EDGE ( 'NONE', *, *, #5912, .T. ) ;
#3228 = DIRECTION ( 'NONE',  ( 0.000000000000000000, 0.000000000000000000, -1.000000000000000000 ) ) ;
#3230 = CARTESIAN_POINT ( 'NONE',  ( 485.9999999998082103, 0.000000000000000000, 132.9036976976976803 ) ) ;
#3229 = AXIS2_PLACEMENT_3D ( 'NONE', #4925, #7135, #7988 ) ;
#3231 = LINE ( 'NONE', #4870, #6552 ) ;
#3232 = EDGE_CURVE ( 'NONE', #2129, #7600, #7856, .T. ) ;
#3233 = VERTEX_POINT ( 'NONE', #7147 ) ;
#3234 = CARTESIAN_POINT ( 'NONE',  ( 577.4999999998080966, -3.174999999999999822, 171.4036976976977087 ) ) ;
#3235 = AXIS2_PLACEMENT_3D ( 'NONE', #3013, #6324, #967 ) ;
#3236 = DIRECTION ( 'NONE',  ( 0.000000000000000000, 0.000000000000000000, -1.000000000000000000 ) ) ;
#3237 = CYLINDRICAL_SURFACE ( 'NONE', #1247, 3.000000000000002665 ) ;
#3238 = CARTESIAN_POINT ( 'NONE',  ( -492.5378575973738293, 0.000000000000000000, -409.3979163409134685 ) ) ;
#3239 = DIRECTION ( 'NONE',  ( 0.000000000000000000, 0.000000000000000000, -1.000000000000000000 ) ) ;
#3240 = CARTESIAN_POINT ( 'NONE',  ( 577.4999999998080966, -3.174999999999999822, 171.4036976976977087 ) ) ;
#3241 = CIRCLE ( 'NONE', #1155, 3.000000000000002665 ) ;
#3242 = CARTESIAN_POINT ( 'NONE',  ( -271.4212168648281249, 0.000000000000000000, -436.5150270167397935 ) ) ;
#3243 = EDGE_CURVE ( 'NONE', #6161, #2975, #7303, .T. ) ;
#3244 = ORIENTED_EDGE ( 'NONE', *, *, #8378, .T. ) ;
#3245 = ORIENTED_EDGE ( 'NONE', *, *, #1069, .T. ) ;
#3246 = CARTESIAN_POINT ( 'NONE',  ( 493.9999999998082103, -3.174999999999999822, 171.4036976976977087 ) ) ;
#3247 = DIRECTION ( 'NONE',  ( 0.000000000000000000, -1.000000000000000000, 0.000000000000000000 ) ) ;
#3248 = DIRECTION ( 'NONE',  ( 0.000000000000000000, 0.000000000000000000, 1.000000000000000000 ) ) ;
#3249 = DIRECTION ( 'NONE',  ( -0.000000000000000000, -1.000000000000000000, -0.000000000000000000 ) ) ;
#3250 = EDGE_CURVE ( 'NONE', #1158, #7270, #1224, .T. ) ;
#3251 = ORIENTED_EDGE ( 'NONE', *, *, #8072, .T. ) ;
#3252 = AXIS2_PLACEMENT_3D ( 'NONE', #4545, #5256, #6003 ) ;
#3253 = ORIENTED_EDGE ( 'NONE', *, *, #7283, .T. ) ;
#3254 = EDGE_CURVE ( 'NONE', #280, #6967, #6398, .T. ) ;
#3255 = DIRECTION ( 'NONE',  ( 0.000000000000000000, 0.000000000000000000, 1.000000000000000000 ) ) ;
#3256 = ORIENTED_EDGE ( 'NONE', *, *, #3012, .F. ) ;
#3257 = DIRECTION ( 'NONE',  ( -1.000000000000000000, 0.000000000000000000, -0.000000000000000000 ) ) ;
#3258 = DIRECTION ( 'NONE',  ( 1.000000000000000000, 0.000000000000000000, -1.696813561850769255E-16 ) ) ;
#3259 = CARTESIAN_POINT ( 'NONE',  ( -463.4817609278923669, 0.000000000000000000, -379.0294582579988969 ) ) ;
#3260 = DIRECTION ( 'NONE',  ( -0.000000000000000000, 1.000000000000000000, -0.000000000000000000 ) ) ;
#3261 = ORIENTED_EDGE ( 'NONE', *, *, #7180, .T. ) ;
#3262 = ORIENTED_EDGE ( 'NONE', *, *, #6665, .F. ) ;
#3263 = EDGE_CURVE ( 'NONE', #9432, #1705, #4791, .T. ) ;
#3264 = EDGE_CURVE ( 'NONE', #6059, #3813, #5596, .T. ) ;
#3265 = ORIENTED_EDGE ( 'NONE', *, *, #7267, .F. ) ;
#3266 = ORIENTED_EDGE ( 'NONE', *, *, #6065, .F. ) ;
#3267 = FACE_OUTER_BOUND ( 'NONE', #4942, .T. ) ;
#3268 = ORIENTED_EDGE ( 'NONE', *, *, #738, .F. ) ;
#3269 = DIRECTION ( 'NONE',  ( -1.000000000000000000, 0.000000000000000000, 7.209240419646269740E-17 ) ) ;
#3270 = DIRECTION ( 'NONE',  ( 0.000000000000000000, 0.000000000000000000, -1.000000000000000000 ) ) ;
#3271 = CARTESIAN_POINT ( 'NONE',  ( -581.4422714393892875, 0.000000000000000000, -394.5829907101505114 ) ) ;
#3272 = VERTEX_POINT ( 'NONE', #2588 ) ;
#3273 = CARTESIAN_POINT ( 'NONE',  ( 347.9999999999994316, 0.000000000000000000, 106.4036976976980640 ) ) ;
#3274 = CARTESIAN_POINT ( 'NONE',  ( -234.8307132664150743, -3.174999999999999822, -421.9415906884561878 ) ) ;
#3275 = CARTESIAN_POINT ( 'NONE',  ( -260.4999999999997158, -3.174999999999999822, 129.9456578061478922 ) ) ;
#3276 = ORIENTED_EDGE ( 'NONE', *, *, #1932, .F. ) ;
#3277 = LINE ( 'NONE', #2667, #5380 ) ;
#3278 = CARTESIAN_POINT ( 'NONE',  ( 597.4999999998080966, -3.174999999999999822, -287.5963023023024334 ) ) ;
#3279 = DIRECTION ( 'NONE',  ( -0.000000000000000000, -0.000000000000000000, -1.000000000000000000 ) ) ;
#3280 = LINE ( 'NONE', #8645, #2586 ) ;
#3281 = DIRECTION ( 'NONE',  ( -0.000000000000000000, -1.000000000000000000, -0.000000000000000000 ) ) ;
#3282 = EDGE_LOOP ( 'NONE', ( #1864, #5063 ) ) ;
#3283 = EDGE_CURVE ( 'NONE', #9271, #2816, #6825, .T. ) ;
#3284 = CARTESIAN_POINT ( 'NONE',  ( -237.3828153036167237, 0.000000000000000000, -421.4885055263947038 ) ) ;
#3285 = LINE ( 'NONE', #3242, #6237 ) ;
#3286 = EDGE_CURVE ( 'NONE', #9640, #9023, #6978, .T. ) ;
#3287 = CARTESIAN_POINT ( 'NONE',  ( -169.5000000000000000, -3.174999999999999822, -417.0963023023023197 ) ) ;
#3288 = ORIENTED_EDGE ( 'NONE', *, *, #9013, .T. ) ;
#3289 = AXIS2_PLACEMENT_3D ( 'NONE', #6847, #2285, #3088 ) ;
#3290 = VERTEX_POINT ( 'NONE', #7899 ) ;
#3291 = CIRCLE ( 'NONE', #9857, 3.000000000000002665 ) ;
#3292 = CARTESIAN_POINT ( 'NONE',  ( 208.6716673851032056, 6.825000000000000178, -444.0312787482596377 ) ) ;
#3293 = DIRECTION ( 'NONE',  ( 0.000000000000000000, 0.000000000000000000, 1.000000000000000000 ) ) ;
#3294 = DIRECTION ( 'NONE',  ( 0.000000000000000000, -1.000000000000000000, 0.000000000000000000 ) ) ;
#3295 = DIRECTION ( 'NONE',  ( -7.209240419646269740E-17, 0.000000000000000000, -1.000000000000000000 ) ) ;
#3296 = VERTEX_POINT ( 'NONE', #5883 ) ;
#3297 = VECTOR ( 'NONE', #1748, 1000.000000000000000 ) ;
#3298 = ORIENTED_EDGE ( 'NONE', *, *, #5438, .F. ) ;
#3299 = DIRECTION ( 'NONE',  ( -1.000000000000000000, 0.000000000000000000, 0.000000000000000000 ) ) ;
#3300 = ORIENTED_EDGE ( 'NONE', *, *, #1270, .F. ) ;
#3301 = DIRECTION ( 'NONE',  ( 0.000000000000000000, 0.000000000000000000, 1.000000000000000000 ) ) ;
#3302 = DIRECTION ( 'NONE',  ( 0.000000000000000000, 0.000000000000000000, 1.000000000000000000 ) ) ;
#3303 = EDGE_CURVE ( 'NONE', #4959, #7507, #1063, .T. ) ;
#3304 = AXIS2_PLACEMENT_3D ( 'NONE', #5930, #9046, #487 ) ;
#3305 = CYLINDRICAL_SURFACE ( 'NONE', #9889, 3.000000000000002665 ) ;
#3306 = CARTESIAN_POINT ( 'NONE',  ( -213.5995066845798362, -3.174999999999999822, -468.5407952640650251 ) ) ;
#3307 = VERTEX_POINT ( 'NONE', #1278 ) ;
#3308 = ORIENTED_EDGE ( 'NONE', *, *, #6093, .T. ) ;
#3309 = ORIENTED_EDGE ( 'NONE', *, *, #9634, .F. ) ;
#3310 = DIRECTION ( 'NONE',  ( 0.000000000000000000, 0.000000000000000000, 1.000000000000000000 ) ) ;
#3311 = AXIS2_PLACEMENT_3D ( 'NONE', #5491, #5444, #3842 ) ;
#3312 = AXIS2_PLACEMENT_3D ( 'NONE', #4755, #5404, #7064 ) ;
#3313 = ORIENTED_EDGE ( 'NONE', *, *, #4099, .F. ) ;
#3314 = PLANE ( 'NONE',  #5258 ) ;
#3315 = FACE_OUTER_BOUND ( 'NONE', #5601, .T. ) ;
#3316 = AXIS2_PLACEMENT_3D ( 'NONE', #2238, #7694, #8403 ) ;
#3317 = CYLINDRICAL_SURFACE ( 'NONE', #4812, 3.000000000000002665 ) ;
#3318 = ORIENTED_EDGE ( 'NONE', *, *, #8996, .F. ) ;
#3319 = CIRCLE ( 'NONE', #6359, 3.000000000000002665 ) ;
#3320 = CARTESIAN_POINT ( 'NONE',  ( -402.0000000000000000, -3.174999999999999822, -372.3463023023023197 ) ) ;
#3321 = DIRECTION ( 'NONE',  ( 0.000000000000000000, -1.000000000000000000, 0.000000000000000000 ) ) ;
#3322 = CARTESIAN_POINT ( 'NONE',  ( -250.2626310726667214, 0.000000000000000000, -458.1093375469639568 ) ) ;
#3323 = AXIS2_PLACEMENT_3D ( 'NONE', #2830, #5036, #8097 ) ;
#3324 = EDGE_CURVE ( 'NONE', #6818, #4934, #6181, .T. ) ;
#3325 = ORIENTED_EDGE ( 'NONE', *, *, #2876, .T. ) ;
#3326 = DIRECTION ( 'NONE',  ( 1.696813561850769255E-16, 0.000000000000000000, 1.000000000000000000 ) ) ;
#3327 = DIRECTION ( 'NONE',  ( -7.209240419646269740E-17, 0.000000000000000000, -1.000000000000000000 ) ) ;
#3328 = CARTESIAN_POINT ( 'NONE',  ( 460.5406189459955613, -3.174999999999999822, -379.6207989739361892 ) ) ;
#3329 = FACE_OUTER_BOUND ( 'NONE', #153, .T. ) ;
#3330 = ORIENTED_EDGE ( 'NONE', *, *, #8769, .F. ) ;
#3331 = CIRCLE ( 'NONE', #7639, 3.000000000000002665 ) ;
#3332 = AXIS2_PLACEMENT_3D ( 'NONE', #8978, #1868, #6722 ) ;
#3333 = CARTESIAN_POINT ( 'NONE',  ( -462.5013802672601742, -3.174999999999999822, -379.2265718299779564 ) ) ;
#3334 = FACE_OUTER_BOUND ( 'NONE', #5499, .T. ) ;
#3335 = EDGE_CURVE ( 'NONE', #4542, #1462, #8191, .T. ) ;
#3336 = CARTESIAN_POINT ( 'NONE',  ( 558.9999999998080966, -3.174999999999999822, -282.5963023023024334 ) ) ;
#3337 = EDGE_CURVE ( 'NONE', #2300, #8258, #8140, .T. ) ;
#3338 = EDGE_LOOP ( 'NONE', ( #9044, #1054, #4418, #4927 ) ) ;
#3339 = ORIENTED_EDGE ( 'NONE', *, *, #3541, .T. ) ;
#3340 = DIRECTION ( 'NONE',  ( 0.000000000000000000, -1.000000000000000000, 0.000000000000000000 ) ) ;
#3341 = LINE ( 'NONE', #3193, #1445 ) ;
#3342 = CARTESIAN_POINT ( 'NONE',  ( -465.4425222491568093, -3.174999999999999822, -378.6352311140407210 ) ) ;
#3343 = CARTESIAN_POINT ( 'NONE',  ( 90.99999999999988631, 0.000000000000000000, -474.5963023023023766 ) ) ;
#3344 = VERTEX_POINT ( 'NONE', #3680 ) ;
#3345 = ORIENTED_EDGE ( 'NONE', *, *, #5667, .F. ) ;
#3346 = ADVANCED_FACE ( 'NONE', ( #9611 ), #3627, .T. ) ;
#3347 = LINE ( 'NONE', #4895, #7605 ) ;
#3348 = ORIENTED_EDGE ( 'NONE', *, *, #8963, .T. ) ;
#3349 = CARTESIAN_POINT ( 'NONE',  ( 265.9999999999997158, 0.000000000000000000, 168.4036976976977371 ) ) ;
#3350 = CARTESIAN_POINT ( 'NONE',  ( -472.4400540544135083, 0.000000000000000000, -413.4387445664843312 ) ) ;
#3351 = VECTOR ( 'NONE', #6527, 1000.000000000000000 ) ;
#3352 = DIRECTION ( 'NONE',  ( 0.000000000000000000, 0.000000000000000000, 1.000000000000000000 ) ) ;
#3353 = DIRECTION ( 'NONE',  ( 0.000000000000000000, 0.000000000000000000, 1.000000000000000000 ) ) ;
#3354 = VERTEX_POINT ( 'NONE', #7432 ) ;
#3355 = CIRCLE ( 'NONE', #7665, 3.000000000000002665 ) ;
#3356 = VERTEX_POINT ( 'NONE', #3534 ) ;
#3357 = CARTESIAN_POINT ( 'NONE',  ( 90.99999999999988631, -3.174999999999999822, -471.5963023023023766 ) ) ;
#3358 = EDGE_CURVE ( 'NONE', #7169, #6244, #2339, .T. ) ;
#3359 = EDGE_LOOP ( 'NONE', ( #5162, #7461, #5845, #2506 ) ) ;
#3360 = AXIS2_PLACEMENT_3D ( 'NONE', #2893, #501, #8866 ) ;
#3361 = EDGE_CURVE ( 'NONE', #4104, #8586, #579, .T. ) ;
#3362 = DIRECTION ( 'NONE',  ( 0.000000000000000000, 1.000000000000000000, 0.000000000000000000 ) ) ;
#3363 = DIRECTION ( 'NONE',  ( 0.000000000000000000, 1.000000000000000000, 0.000000000000000000 ) ) ;
#3364 = DIRECTION ( 'NONE',  ( 0.000000000000000000, 0.000000000000000000, -1.000000000000000000 ) ) ;
#3365 = ORIENTED_EDGE ( 'NONE', *, *, #4871, .F. ) ;
#3366 = EDGE_CURVE ( 'NONE', #1974, #5972, #2170, .T. ) ;
#3367 = DIRECTION ( 'NONE',  ( 0.000000000000000000, -1.000000000000000000, 0.000000000000000000 ) ) ;
#3368 = CIRCLE ( 'NONE', #8975, 3.000000000000002665 ) ;
#3369 = FACE_OUTER_BOUND ( 'NONE', #5062, .T. ) ;
#3370 = LINE ( 'NONE', #8489, #8628 ) ;
#3371 = CIRCLE ( 'NONE', #497, 3.000000000000002665 ) ;
#3372 = VERTEX_POINT ( 'NONE', #8093 ) ;
#3373 = CARTESIAN_POINT ( 'NONE',  ( 208.6716673851032056, -3.174999999999999822, -444.0312787482596377 ) ) ;
#3374 = EDGE_CURVE ( 'NONE', #7588, #2709, #6597, .T. ) ;
#3375 = CARTESIAN_POINT ( 'NONE',  ( 577.4999999998080966, -3.174999999999999822, 171.4036976976977087 ) ) ;
#3376 = CARTESIAN_POINT ( 'NONE',  ( -558.9999999998083240, -3.174999999999999822, 112.9036976976977371 ) ) ;
#3377 = FACE_OUTER_BOUND ( 'NONE', #8260, .T. ) ;
#3378 = VERTEX_POINT ( 'NONE', #8287 ) ;
#3379 = VECTOR ( 'NONE', #1329, 1000.000000000000000 ) ;
#3380 = ADVANCED_FACE ( 'NONE', ( #4422, #7339, #9705, #9757, #5179, #9001, #2779, #2827, #9660, #1229, #1423, #4473, #7484, #2121, #5081, #7537, #3483 ), #8899, .F. ) ;
#3381 = EDGE_CURVE ( 'NONE', #6079, #459, #6016, .T. ) ;
#3382 = CARTESIAN_POINT ( 'NONE',  ( -519.4999999998082103, 0.000000000000000000, 168.4036976976977655 ) ) ;
#3383 = DIRECTION ( 'NONE',  ( 0.000000000000000000, -1.000000000000000000, 0.000000000000000000 ) ) ;
#3384 = EDGE_LOOP ( 'NONE', ( #899, #9864, #8411, #6506 ) ) ;
#3385 = CIRCLE ( 'NONE', #5783, 3.000000000000002665 ) ;
#3386 = EDGE_LOOP ( 'NONE', ( #5549, #878, #6148, #9281 ) ) ;
#3387 = DIRECTION ( 'NONE',  ( 0.000000000000000000, -1.000000000000000000, 0.000000000000000000 ) ) ;
#3388 = CARTESIAN_POINT ( 'NONE',  ( 175.6428031048938578, -3.174999999999999822, -435.3718233711596781 ) ) ;
#3389 = EDGE_CURVE ( 'NONE', #7649, #843, #2731, .T. ) ;
#3390 = DIRECTION ( 'NONE',  ( 0.000000000000000000, 0.000000000000000000, 1.000000000000000000 ) ) ;
#3391 = CARTESIAN_POINT ( 'NONE',  ( 401.9999999999994884, 6.825000000000000178, 109.1536976976980355 ) ) ;
#3392 = ORIENTED_EDGE ( 'NONE', *, *, #8973, .F. ) ;
#3393 = LINE ( 'NONE', #2456, #8335 ) ;
#3394 = CIRCLE ( 'NONE', #2747, 2.749999999999974687 ) ;
#3395 = EDGE_CURVE ( 'NONE', #393, #8031, #8261, .T. ) ;
#3396 = VECTOR ( 'NONE', #8634, 1000.000000000000000 ) ;
#3397 = VERTEX_POINT ( 'NONE', #9151 ) ;
#3398 = DIRECTION ( 'NONE',  ( 0.000000000000000000, 0.000000000000000000, 1.000000000000000000 ) ) ;
#3399 = ORIENTED_EDGE ( 'NONE', *, *, #3188, .F. ) ;
#3400 = CARTESIAN_POINT ( 'NONE',  ( -239.4784438057124021, 0.000000000000000000, -460.2775868387336686 ) ) ;
#3401 = DIRECTION ( 'NONE',  ( 1.696813561850769255E-16, 0.000000000000000000, 1.000000000000000000 ) ) ;
#3402 = CARTESIAN_POINT ( 'NONE',  ( 594.4999999998080966, 0.000000000000000000, -312.5963023023024334 ) ) ;
#3403 = DIRECTION ( 'NONE',  ( 2.109170134115681738E-16, 0.000000000000000000, 1.000000000000000000 ) ) ;
#3404 = ORIENTED_EDGE ( 'NONE', *, *, #5718, .T. ) ;
#3405 = ADVANCED_FACE ( 'NONE', ( #5381 ), #3023, .F. ) ;
#3406 = VERTEX_POINT ( 'NONE', #7630 ) ;
#3407 = CARTESIAN_POINT ( 'NONE',  ( -348.0000000000000000, 0.000000000000000000, 109.1536976976978082 ) ) ;
#3408 = ORIENTED_EDGE ( 'NONE', *, *, #1458, .T. ) ;
#3409 = DIRECTION ( 'NONE',  ( 0.000000000000000000, -1.000000000000000000, 0.000000000000000000 ) ) ;
#3410 = CARTESIAN_POINT ( 'NONE',  ( 490.3493496165144165, -1.587499999999999467, -370.6102731395311594 ) ) ;
#3411 = CARTESIAN_POINT ( 'NONE',  ( 597.4999999998080966, -3.174999999999999822, -374.9753774975062584 ) ) ;
#3412 = ORIENTED_EDGE ( 'NONE', *, *, #8635, .T. ) ;
#3413 = CARTESIAN_POINT ( 'NONE',  ( -221.4321775711113389, 0.000000000000000000, -466.7658529379522747 ) ) ;
#3414 = EDGE_CURVE ( 'NONE', #6273, #7430, #825, .T. ) ;
#3415 = LINE ( 'NONE', #7979, #2267 ) ;
#3416 = FACE_OUTER_BOUND ( 'NONE', #2622, .T. ) ;
#3417 = EDGE_LOOP ( 'NONE', ( #5230, #3511, #2040, #9504 ) ) ;
#3418 = DIRECTION ( 'NONE',  ( 1.000000000000000000, -0.000000000000000000, 0.000000000000000000 ) ) ;
#3419 = DIRECTION ( 'NONE',  ( -0.000000000000000000, 1.000000000000000000, -0.000000000000000000 ) ) ;
#3420 = CARTESIAN_POINT ( 'NONE',  ( -597.4999999998082103, 0.000000000000000000, 112.9036976976977371 ) ) ;
#3421 = FACE_OUTER_BOUND ( 'NONE', #5189, .T. ) ;
#3422 = ORIENTED_EDGE ( 'NONE', *, *, #3144, .F. ) ;
#3423 = AXIS2_PLACEMENT_3D ( 'NONE', #1736, #6342, #3848 ) ;
#3424 = CARTESIAN_POINT ( 'NONE',  ( -581.4422714393892875, -3.174999999999999822, -394.5829907101505114 ) ) ;
#3425 = CARTESIAN_POINT ( 'NONE',  ( 485.9999999998082103, -3.174999999999999822, 132.9036976976976803 ) ) ;
#3426 = EDGE_LOOP ( 'NONE', ( #2902, #8001, #3898, #2367 ) ) ;
#3427 = EDGE_CURVE ( 'NONE', #8368, #9333, #6183, .T. ) ;
#3428 = VERTEX_POINT ( 'NONE', #4625 ) ;
#3429 = EDGE_CURVE ( 'NONE', #4974, #4136, #2271, .T. ) ;
#3430 = LINE ( 'NONE', #1181, #7152 ) ;
#3431 = DIRECTION ( 'NONE',  ( 1.000000000000000000, -0.000000000000000000, 0.000000000000000000 ) ) ;
#3432 = FACE_OUTER_BOUND ( 'NONE', #547, .T. ) ;
#3433 = LINE ( 'NONE', #2682, #1238 ) ;
#3434 = ORIENTED_EDGE ( 'NONE', *, *, #6429, .T. ) ;
#3435 = CARTESIAN_POINT ( 'NONE',  ( -469.0891233307694392, 0.000000000000000000, -396.7722733357365428 ) ) ;
#3436 = ORIENTED_EDGE ( 'NONE', *, *, #4904, .T. ) ;
#3437 = AXIS2_PLACEMENT_3D ( 'NONE', #4368, #8135, #5076 ) ;
#3438 = CIRCLE ( 'NONE', #9048, 3.000000000000002665 ) ;
#3439 = EDGE_CURVE ( 'NONE', #6105, #6464, #3879, .T. ) ;
#3440 = CIRCLE ( 'NONE', #9051, 3.000000000000002665 ) ;
#3441 = VERTEX_POINT ( 'NONE', #8493 ) ;
#3442 = CYLINDRICAL_SURFACE ( 'NONE', #6175, 2.750000000000030198 ) ;
#3443 = VERTEX_POINT ( 'NONE', #2318 ) ;
#3444 = EDGE_CURVE ( 'NONE', #2013, #7061, #9905, .T. ) ;
#3445 = DIRECTION ( 'NONE',  ( -0.000000000000000000, 1.000000000000000000, -0.000000000000000000 ) ) ;
#3446 = LINE ( 'NONE', #1336, #8812 ) ;
#3447 = DIRECTION ( 'NONE',  ( -0.000000000000000000, 1.000000000000000000, -0.000000000000000000 ) ) ;
#3448 = FACE_OUTER_BOUND ( 'NONE', #8180, .T. ) ;
#3449 = CIRCLE ( 'NONE', #7927, 3.000000000000002665 ) ;
#3450 = VERTEX_POINT ( 'NONE', #9193 ) ;
#3451 = CIRCLE ( 'NONE', #5209, 3.000000000000002665 ) ;
#3452 = ORIENTED_EDGE ( 'NONE', *, *, #5131, .T. ) ;
#3453 = DIRECTION ( 'NONE',  ( 0.000000000000000000, -1.000000000000000000, 0.000000000000000000 ) ) ;
#3454 = VERTEX_POINT ( 'NONE', #6082 ) ;
#3455 = VECTOR ( 'NONE', #9452, 1000.000000000000000 ) ;
#3456 = AXIS2_PLACEMENT_3D ( 'NONE', #815, #5371, #3769 ) ;
#3458 = EDGE_CURVE ( 'NONE', #5421, #2054, #8441, .T. ) ;
#3457 = DIRECTION ( 'NONE',  ( 0.000000000000000000, -1.000000000000000000, 0.000000000000000000 ) ) ;
#3459 = DIRECTION ( 'NONE',  ( 0.000000000000000000, -1.000000000000000000, 0.000000000000000000 ) ) ;
#3460 = CARTESIAN_POINT ( 'NONE',  ( 221.4321775711112821, 6.825000000000000178, -456.7658529379522747 ) ) ;
#3461 = VERTEX_POINT ( 'NONE', #6883 ) ;
#3462 = ORIENTED_EDGE ( 'NONE', *, *, #9156, .F. ) ;
#3463 = VECTOR ( 'NONE', #7196, 999.9999999999998863 ) ;
#3464 = AXIS2_PLACEMENT_3D ( 'NONE', #1463, #4514, #6970 ) ;
#3465 = CARTESIAN_POINT ( 'NONE',  ( -581.4422714393892875, -3.174999999999999822, -394.5829907101505114 ) ) ;
#3466 = CYLINDRICAL_SURFACE ( 'NONE', #8138, 3.000000000000002665 ) ;
#3467 = ORIENTED_EDGE ( 'NONE', *, *, #2376, .F. ) ;
#3468 = EDGE_CURVE ( 'NONE', #2279, #7688, #4101, .T. ) ;
#3469 = DIRECTION ( 'NONE',  ( 0.000000000000000000, 0.000000000000000000, -1.000000000000000000 ) ) ;
#3470 = VECTOR ( 'NONE', #5561, 1000.000000000000000 ) ;
#3471 = VECTOR ( 'NONE', #1216, 1000.000000000000000 ) ;
#3472 = PLANE ( 'NONE',  #1226 ) ;
#3473 = CARTESIAN_POINT ( 'NONE',  ( 577.4999999998080966, -3.174999999999999822, 171.4036976976977087 ) ) ;
#3474 = ORIENTED_EDGE ( 'NONE', *, *, #8591, .T. ) ;
#3475 = DIRECTION ( 'NONE',  ( 0.000000000000000000, -1.000000000000000000, 0.000000000000000000 ) ) ;
#3476 = EDGE_CURVE ( 'NONE', #2538, #2563, #132, .T. ) ;
#3477 = FACE_OUTER_BOUND ( 'NONE', #2752, .T. ) ;
#3478 = AXIS2_PLACEMENT_3D ( 'NONE', #7342, #490, #4376 ) ;
#3479 = CARTESIAN_POINT ( 'NONE',  ( 577.4999999998080966, -3.174999999999999822, 171.4036976976977087 ) ) ;
#3480 = ADVANCED_FACE ( 'NONE', ( #3927 ), #6787, .F. ) ;
#3481 = ORIENTED_EDGE ( 'NONE', *, *, #5244, .T. ) ;
#3482 = ORIENTED_EDGE ( 'NONE', *, *, #8150, .T. ) ;
#3483 = FACE_OUTER_BOUND ( 'NONE', #8005, .T. ) ;
#3484 = DIRECTION ( 'NONE',  ( -0.000000000000000000, -1.000000000000000000, -0.000000000000000000 ) ) ;
#3485 = VECTOR ( 'NONE', #285, 1000.000000000000000 ) ;
#3486 = LINE ( 'NONE', #1977, #5196 ) ;
#3487 = FACE_OUTER_BOUND ( 'NONE', #6842, .T. ) ;
#3488 = EDGE_CURVE ( 'NONE', #6930, #2666, #9852, .T. ) ;
#3489 = ORIENTED_EDGE ( 'NONE', *, *, #5937, .F. ) ;
#3490 = DIRECTION ( 'NONE',  ( -0.000000000000000000, -0.000000000000000000, -1.000000000000000000 ) ) ;
#3491 = EDGE_LOOP ( 'NONE', ( #9016, #1583, #9791, #7678 ) ) ;
#3492 = EDGE_CURVE ( 'NONE', #6079, #7136, #2978, .T. ) ;
#3493 = AXIS2_PLACEMENT_3D ( 'NONE', #661, #7460, #4172 ) ;
#3494 = ORIENTED_EDGE ( 'NONE', *, *, #9301, .T. ) ;
#3495 = CARTESIAN_POINT ( 'NONE',  ( -175.6428031048939147, 0.000000000000000000, -435.3718233711599055 ) ) ;
#3496 = ORIENTED_EDGE ( 'NONE', *, *, #6871, .F. ) ;
#3497 = CARTESIAN_POINT ( 'NONE',  ( 202.9974066286778793, 0.000000000000000000, -470.6724344287448503 ) ) ;
#3498 = DIRECTION ( 'NONE',  ( -0.000000000000000000, 1.000000000000000000, -0.000000000000000000 ) ) ;
#3499 = CARTESIAN_POINT ( 'NONE',  ( -74.00000000000002842, 0.000000000000000000, -471.5963023023023197 ) ) ;
#3500 = CARTESIAN_POINT ( 'NONE',  ( -282.9999999999997158, -3.174999999999999822, 168.4036976976977655 ) ) ;
#3501 = VECTOR ( 'NONE', #326, 1000.000000000000000 ) ;
#3502 = ORIENTED_EDGE ( 'NONE', *, *, #5323, .T. ) ;
#3503 = ORIENTED_EDGE ( 'NONE', *, *, #2698, .T. ) ;
#3504 = ADVANCED_FACE ( 'NONE', ( #6032 ), #6932, .F. ) ;
#3505 = DIRECTION ( 'NONE',  ( 0.000000000000000000, -1.000000000000000000, 0.000000000000000000 ) ) ;
#3506 = EDGE_LOOP ( 'NONE', ( #9489, #4335, #7240, #9517 ) ) ;
#3507 = CYLINDRICAL_SURFACE ( 'NONE', #620, 14.99999999999998579 ) ;
#3508 = CARTESIAN_POINT ( 'NONE',  ( -475.9725367522473789, -3.174999999999999822, -415.7885458324437877 ) ) ;
#3509 = CIRCLE ( 'NONE', #4627, 3.000000000000002665 ) ;
#3510 = EDGE_CURVE ( 'NONE', #833, #4580, #2168, .T. ) ;
#3511 = ORIENTED_EDGE ( 'NONE', *, *, #8388, .T. ) ;
#3512 = PLANE ( 'NONE',  #8328 ) ;
#3513 = ORIENTED_EDGE ( 'NONE', *, *, #7096, .F. ) ;
#3514 = VERTEX_POINT ( 'NONE', #7732 ) ;
#3515 = VECTOR ( 'NONE', #372, 1000.000000000000000 ) ;
#3516 = CIRCLE ( 'NONE', #5756, 3.000000000000002665 ) ;
#3517 = LINE ( 'NONE', #5722, #3515 ) ;
#3518 = VECTOR ( 'NONE', #8462, 1000.000000000000000 ) ;
#3519 = FACE_OUTER_BOUND ( 'NONE', #364, .T. ) ;
#3520 = VERTEX_POINT ( 'NONE', #33 ) ;
#3521 = CARTESIAN_POINT ( 'NONE',  ( 567.4999999998078692, 0.000000000000000000, 141.4036976976982203 ) ) ;
#3522 = DIRECTION ( 'NONE',  ( 0.000000000000000000, 1.000000000000000000, 0.000000000000000000 ) ) ;
#3523 = AXIS2_PLACEMENT_3D ( 'NONE', #2780, #5739, #8900 ) ;
#3524 = CARTESIAN_POINT ( 'NONE',  ( 597.4999999998079829, -3.174999999999999822, -312.5963023023024334 ) ) ;
#3525 = ORIENTED_EDGE ( 'NONE', *, *, #5330, .T. ) ;
#3526 = CARTESIAN_POINT ( 'NONE',  ( 597.4999999998080966, 0.000000000000000000, -304.5963023023024334 ) ) ;
#3527 = DIRECTION ( 'NONE',  ( -0.000000000000000000, 1.000000000000000000, -0.000000000000000000 ) ) ;
#3528 = EDGE_CURVE ( 'NONE', #741, #8198, #80, .T. ) ;
#3529 = CARTESIAN_POINT ( 'NONE',  ( -558.9999999998083240, 0.000000000000000000, -310.5963023023023197 ) ) ;
#3530 = AXIS2_PLACEMENT_3D ( 'NONE', #728, #1573, #9807 ) ;
#3531 = ORIENTED_EDGE ( 'NONE', *, *, #42, .T. ) ;
#3532 = EDGE_LOOP ( 'NONE', ( #1795, #4410, #8632, #9228 ) ) ;
#3533 = CIRCLE ( 'NONE', #3223, 10.00000000000000888 ) ;
#3534 = CARTESIAN_POINT ( 'NONE',  ( 594.4999999998080966, 0.000000000000000000, -307.5963023023024334 ) ) ;
#3535 = CARTESIAN_POINT ( 'NONE',  ( -237.2899358248529040, -3.174999999999999822, -421.4899436373511321 ) ) ;
#3536 = DIRECTION ( 'NONE',  ( -0.000000000000000000, 1.000000000000000000, -0.000000000000000000 ) ) ;
#3537 = DIRECTION ( 'NONE',  ( 0.000000000000000000, -1.000000000000000000, -0.000000000000000000 ) ) ;
#3538 = ORIENTED_EDGE ( 'NONE', *, *, #8170, .F. ) ;
#3539 = DIRECTION ( 'NONE',  ( 0.000000000000000000, 0.000000000000000000, 1.000000000000000000 ) ) ;
#3540 = ORIENTED_EDGE ( 'NONE', *, *, #5733, .T. ) ;
#3541 = EDGE_CURVE ( 'NONE', #352, #9138, #3781, .T. ) ;
#3542 = AXIS2_PLACEMENT_3D ( 'NONE', #2722, #618, #2815 ) ;
#3543 = ORIENTED_EDGE ( 'NONE', *, *, #4128, .F. ) ;
#3544 = CARTESIAN_POINT ( 'NONE',  ( -235.4220539823522813, -3.174999999999999822, -424.8827326703528797 ) ) ;
#3545 = VERTEX_POINT ( 'NONE', #4832 ) ;
#3546 = CARTESIAN_POINT ( 'NONE',  ( 597.4999999998080966, -3.174999999999999822, -304.5963023023024334 ) ) ;
#3547 = CARTESIAN_POINT ( 'NONE',  ( 488.9999999998082103, -3.174999999999999822, 132.9036976976976803 ) ) ;
#3548 = CARTESIAN_POINT ( 'NONE',  ( -145.5000000000000000, 6.825000000000000178, -413.8463023023023197 ) ) ;
#3549 = CARTESIAN_POINT ( 'NONE',  ( -262.2813717641170683, 0.000000000000000000, -416.4224106730424069 ) ) ;
#3550 = ORIENTED_EDGE ( 'NONE', *, *, #3989, .T. ) ;
#3551 = ORIENTED_EDGE ( 'NONE', *, *, #9229, .F. ) ;
#3552 = AXIS2_PLACEMENT_3D ( 'NONE', #3006, #2108, #5917 ) ;
#3553 = CARTESIAN_POINT ( 'NONE',  ( 462.4085007884962124, -1.587499999999999467, -376.2280099409344984 ) ) ;
#3554 = VERTEX_POINT ( 'NONE', #7887 ) ;
#3555 = CARTESIAN_POINT ( 'NONE',  ( -175.6428031048939147, -3.174999999999999822, -435.3718233711599055 ) ) ;
#3556 = LINE ( 'NONE', #6621, #5910 ) ;
#3557 = ADVANCED_FACE ( 'NONE', ( #284 ), #922, .F. ) ;
#3558 = ADVANCED_FACE ( 'NONE', ( #2578 ), #1025, .T. ) ;
#3559 = EDGE_LOOP ( 'NONE', ( #9182, #1576, #8113, #1043 ) ) ;
#3560 = DIRECTION ( 'NONE',  ( 0.000000000000000000, 0.000000000000000000, -1.000000000000000000 ) ) ;
#3561 = ORIENTED_EDGE ( 'NONE', *, *, #2083, .F. ) ;
#3562 = ORIENTED_EDGE ( 'NONE', *, *, #5451, .F. ) ;
#3563 = DIRECTION ( 'NONE',  ( 0.9803806606322130746, 0.000000000000000000, -0.1971135719790633456 ) ) ;
#3564 = CARTESIAN_POINT ( 'NONE',  ( -558.9999999998083240, -3.174999999999999822, 89.90369769769773711 ) ) ;
#3565 = EDGE_CURVE ( 'NONE', #1980, #8297, #8790, .T. ) ;
#3566 = VECTOR ( 'NONE', #7110, 1000.000000000000227 ) ;
#3567 = VERTEX_POINT ( 'NONE', #6386 ) ;
#3568 = DIRECTION ( 'NONE',  ( 0.000000000000000000, 0.000000000000000000, -1.000000000000000000 ) ) ;
#3569 = CARTESIAN_POINT ( 'NONE',  ( 594.4999999998080966, 0.000000000000000000, -284.5963023023024334 ) ) ;
#3570 = ORIENTED_EDGE ( 'NONE', *, *, #623, .F. ) ;
#3571 = CARTESIAN_POINT ( 'NONE',  ( -178.5995066845798362, 0.000000000000000000, -450.0775332806430811 ) ) ;
#3572 = CIRCLE ( 'NONE', #1175, 2.750000000000030198 ) ;
#3573 = DIRECTION ( 'NONE',  ( -0.000000000000000000, 1.000000000000000000, -0.000000000000000000 ) ) ;
#3574 = DIRECTION ( 'NONE',  ( 0.000000000000000000, 0.000000000000000000, 1.000000000000000000 ) ) ;
#3575 = ORIENTED_EDGE ( 'NONE', *, *, #623, .T. ) ;
#3576 = VERTEX_POINT ( 'NONE', #377 ) ;
#3577 = DIRECTION ( 'NONE',  ( -0.1971135719790626795, 0.000000000000000000, 0.9803806606322131856 ) ) ;
#3578 = DIRECTION ( 'NONE',  ( 7.265493787950901614E-16, 0.000000000000000000, -1.000000000000000000 ) ) ;
#3579 = EDGE_CURVE ( 'NONE', #575, #5051, #1918, .T. ) ;
#3580 = CARTESIAN_POINT ( 'NONE',  ( 274.7721475884719666, 0.000000000000000000, -453.1814982474874114 ) ) ;
#3581 = PLANE ( 'NONE',  #6523 ) ;
#3582 = ORIENTED_EDGE ( 'NONE', *, *, #9436, .T. ) ;
#3583 = DIRECTION ( 'NONE',  ( -0.1971135719790633178, -0.000000000000000000, -0.9803806606322130746 ) ) ;
#3584 = EDGE_LOOP ( 'NONE', ( #4019, #8980, #9737, #5043 ) ) ;
#3585 = EDGE_CURVE ( 'NONE', #5764, #1275, #9714, .T. ) ;
#3586 = ORIENTED_EDGE ( 'NONE', *, *, #4702, .F. ) ;
#3587 = FACE_OUTER_BOUND ( 'NONE', #4979, .T. ) ;
#3588 = ORIENTED_EDGE ( 'NONE', *, *, #4065, .T. ) ;
#3589 = DIRECTION ( 'NONE',  ( 0.000000000000000000, 0.000000000000000000, 1.000000000000000000 ) ) ;
#3590 = LINE ( 'NONE', #4294, #9618 ) ;
#3591 = LINE ( 'NONE', #9721, #1084 ) ;
#3592 = DIRECTION ( 'NONE',  ( 0.000000000000000000, 0.000000000000000000, -1.000000000000000000 ) ) ;
#3593 = VERTEX_POINT ( 'NONE', #5583 ) ;
#3594 = AXIS2_PLACEMENT_3D ( 'NONE', #9761, #9809, #4331 ) ;
#3595 = ORIENTED_EDGE ( 'NONE', *, *, #2757, .T. ) ;
#3596 = FACE_OUTER_BOUND ( 'NONE', #6195, .T. ) ;
#3597 = ORIENTED_EDGE ( 'NONE', *, *, #9514, .T. ) ;
#3598 = ADVANCED_FACE ( 'NONE', ( #6334 ), #1867, .F. ) ;
#3599 = FACE_OUTER_BOUND ( 'NONE', #709, .T. ) ;
#3600 = DIRECTION ( 'NONE',  ( 2.109170134115681738E-16, 0.000000000000000000, 1.000000000000000000 ) ) ;
#3601 = VECTOR ( 'NONE', #6134, 1000.000000000000000 ) ;
#3602 = DIRECTION ( 'NONE',  ( 0.000000000000000000, 0.000000000000000000, 1.000000000000000000 ) ) ;
#3603 = AXIS2_PLACEMENT_3D ( 'NONE', #911, #3968, #7021 ) ;
#3604 = ORIENTED_EDGE ( 'NONE', *, *, #988, .F. ) ;
#3605 = FACE_OUTER_BOUND ( 'NONE', #7176, .T. ) ;
#3606 = ORIENTED_EDGE ( 'NONE', *, *, #1331, .F. ) ;
#3607 = EDGE_CURVE ( 'NONE', #4641, #5969, #1124, .T. ) ;
#3608 = ORIENTED_EDGE ( 'NONE', *, *, #309, .F. ) ;
#3609 = VECTOR ( 'NONE', #8847, 1000.000000000000000 ) ;
#3610 = CARTESIAN_POINT ( 'NONE',  ( -558.9999999998083240, 0.000000000000000000, 86.90369769769773711 ) ) ;
#3611 = EDGE_CURVE ( 'NONE', #4847, #4687, #3982, .T. ) ;
#3612 = DIRECTION ( 'NONE',  ( 0.000000000000000000, 0.000000000000000000, -1.000000000000000000 ) ) ;
#3613 = VECTOR ( 'NONE', #1190, 1000.000000000000000 ) ;
#3614 = ORIENTED_EDGE ( 'NONE', *, *, #5165, .F. ) ;
#3615 = LINE ( 'NONE', #7378, #7613 ) ;
#3616 = AXIS2_PLACEMENT_3D ( 'NONE', #3375, #3327, #6481 ) ;
#3617 = CARTESIAN_POINT ( 'NONE',  ( -66.00000000000001421, -3.174999999999999822, -436.0963023023023766 ) ) ;
#3618 = ORIENTED_EDGE ( 'NONE', *, *, #1077, .T. ) ;
#3619 = VECTOR ( 'NONE', #642, 1000.000000000000000 ) ;
#3620 = DIRECTION ( 'NONE',  ( -0.000000000000000000, 1.000000000000000000, -0.000000000000000000 ) ) ;
#3621 = FACE_OUTER_BOUND ( 'NONE', #9128, .T. ) ;
#3622 = ADVANCED_FACE ( 'NONE', ( #189 ), #1729, .T. ) ;
#3623 = CARTESIAN_POINT ( 'NONE',  ( 500.9722435983686637, 0.000000000000000000, -410.7621497469776841 ) ) ;
#3624 = EDGE_LOOP ( 'NONE', ( #51, #6551, #9414, #9494 ) ) ;
#3625 = AXIS2_PLACEMENT_3D ( 'NONE', #897, #8567, #3153 ) ;
#3626 = EDGE_LOOP ( 'NONE', ( #1819, #3146, #6912, #1282 ) ) ;
#3627 = CYLINDRICAL_SURFACE ( 'NONE', #3304, 3.000000000000002665 ) ;
#3628 = LINE ( 'NONE', #1182, #3042 ) ;
#3629 = LINE ( 'NONE', #5981, #5531 ) ;
#3630 = LINE ( 'NONE', #5135, #6530 ) ;
#3631 = VECTOR ( 'NONE', #6463, 1000.000000000000000 ) ;
#3632 = EDGE_CURVE ( 'NONE', #6069, #2120, #742, .T. ) ;
#3633 = VERTEX_POINT ( 'NONE', #7230 ) ;
#3634 = LINE ( 'NONE', #9007, #6891 ) ;
#3635 = CIRCLE ( 'NONE', #7957, 3.000000000000002665 ) ;
#3636 = ORIENTED_EDGE ( 'NONE', *, *, #1305, .F. ) ;
#3637 = AXIS2_PLACEMENT_3D ( 'NONE', #8903, #7290, #439 ) ;
#3638 = DIRECTION ( 'NONE',  ( 0.000000000000000000, 0.000000000000000000, 1.000000000000000000 ) ) ;
#3639 = ORIENTED_EDGE ( 'NONE', *, *, #9118, .F. ) ;
#3640 = LINE ( 'NONE', #9673, #7898 ) ;
#3641 = DIRECTION ( 'NONE',  ( 0.000000000000000000, -1.000000000000000000, 0.000000000000000000 ) ) ;
#3642 = DIRECTION ( 'NONE',  ( 0.000000000000000000, 0.000000000000000000, 1.000000000000000000 ) ) ;
#3643 = CARTESIAN_POINT ( 'NONE',  ( -475.3811960363102003, -3.174999999999999822, -415.8474038505471526 ) ) ;
#3644 = VERTEX_POINT ( 'NONE', #7087 ) ;
#3645 = AXIS2_PLACEMENT_3D ( 'NONE', #460, #7967, #1106 ) ;
#3646 = CIRCLE ( 'NONE', #7487, 3.000000000000002665 ) ;
#3647 = CARTESIAN_POINT ( 'NONE',  ( 500.3809028824315419, -3.174999999999999822, -407.8210077650811058 ) ) ;
#3648 = DIRECTION ( 'NONE',  ( 0.000000000000000000, 0.000000000000000000, -1.000000000000000000 ) ) ;
#3649 = EDGE_CURVE ( 'NONE', #5840, #8490, #2016, .T. ) ;
#3650 = VECTOR ( 'NONE', #3772, 1000.000000000000000 ) ;
#3651 = ORIENTED_EDGE ( 'NONE', *, *, #5485, .F. ) ;
#3652 = ORIENTED_EDGE ( 'NONE', *, *, #8120, .T. ) ;
#3653 = CYLINDRICAL_SURFACE ( 'NONE', #6543, 10.00000000000000888 ) ;
#3654 = CARTESIAN_POINT ( 'NONE',  ( 285.9999999999997726, 0.000000000000000000, 129.9036976976976803 ) ) ;
#3655 = CIRCLE ( 'NONE', #9269, 3.000000000000002665 ) ;
#3656 = LINE ( 'NONE', #9076, #8289 ) ;
#3657 = ORIENTED_EDGE ( 'NONE', *, *, #9335, .T. ) ;
#3658 = CARTESIAN_POINT ( 'NONE',  ( 274.7721475884719666, 0.000000000000000000, -453.1814982474874114 ) ) ;
#3659 = EDGE_LOOP ( 'NONE', ( #2627, #1056 ) ) ;
#3660 = VERTEX_POINT ( 'NONE', #2475 ) ;
#3661 = ADVANCED_FACE ( 'NONE', ( #5529 ), #7841, .F. ) ;
#3662 = DIRECTION ( 'NONE',  ( 0.000000000000000000, 0.000000000000000000, -1.000000000000000000 ) ) ;
#3663 = AXIS2_PLACEMENT_3D ( 'NONE', #8028, #5776, #3612 ) ;
#3664 = EDGE_CURVE ( 'NONE', #9849, #2883, #4126, .T. ) ;
#3665 = VERTEX_POINT ( 'NONE', #4171 ) ;
#3666 = FACE_OUTER_BOUND ( 'NONE', #397, .T. ) ;
#3667 = EDGE_CURVE ( 'NONE', #9554, #3041, #979, .T. ) ;
#3668 = VECTOR ( 'NONE', #383, 1000.000000000000000 ) ;
#3669 = DIRECTION ( 'NONE',  ( -1.000000000000000000, 0.000000000000000000, -0.000000000000000000 ) ) ;
#3670 = VECTOR ( 'NONE', #4576, 1000.000000000000000 ) ;
#3671 = ORIENTED_EDGE ( 'NONE', *, *, #4283, .T. ) ;
#3672 = LINE ( 'NONE', #9039, #5520 ) ;
#3673 = AXIS2_PLACEMENT_3D ( 'NONE', #7409, #9637, #3600 ) ;
#3674 = CARTESIAN_POINT ( 'NONE',  ( 145.4999999999998863, -3.174999999999999822, -417.0963023023022060 ) ) ;
#3675 = CARTESIAN_POINT ( 'NONE',  ( 401.9999999999994884, -3.174999999999999822, 103.6536976976980782 ) ) ;
#3676 = ADVANCED_FACE ( 'NONE', ( #2528 ), #707, .F. ) ;
#3677 = ORIENTED_EDGE ( 'NONE', *, *, #5768, .T. ) ;
#3678 = VERTEX_POINT ( 'NONE', #7560 ) ;
#3679 = AXIS2_PLACEMENT_3D ( 'NONE', #1844, #7814, #3207 ) ;
#3680 = CARTESIAN_POINT ( 'NONE',  ( -514.4999999998082103, -3.174999999999999822, 168.4036976976977655 ) ) ;
#3681 = CARTESIAN_POINT ( 'NONE',  ( 93.99999999999990052, -3.174999999999999822, -436.0963023023023766 ) ) ;
#3682 = EDGE_CURVE ( 'NONE', #352, #2812, #8111, .T. ) ;
#3683 = EDGE_CURVE ( 'NONE', #7600, #5074, #2024, .T. ) ;
#3684 = CARTESIAN_POINT ( 'NONE',  ( 145.4999999999998863, -3.174999999999999822, -413.8463023023022060 ) ) ;
#3685 = CARTESIAN_POINT ( 'NONE',  ( -490.9999999998082103, -3.174999999999999822, 129.9036976976976803 ) ) ;
#3686 = VECTOR ( 'NONE', #109, 1000.000000000000000 ) ;
#3687 = VERTEX_POINT ( 'NONE', #1964 ) ;
#3688 = LINE ( 'NONE', #5839, #7530 ) ;
#3689 = ORIENTED_EDGE ( 'NONE', *, *, #2637, .T. ) ;
#3690 = VECTOR ( 'NONE', #7607, 1000.000000000000000 ) ;
#3691 = LINE ( 'NONE', #5528, #900 ) ;
#3692 = ORIENTED_EDGE ( 'NONE', *, *, #5175, .T. ) ;
#3693 = LINE ( 'NONE', #6042, #4527 ) ;
#3694 = DIRECTION ( 'NONE',  ( 1.000000000000000000, 0.000000000000000000, -1.696813561850769255E-16 ) ) ;
#3695 = CARTESIAN_POINT ( 'NONE',  ( 542.5486554916996056, -3.174999999999999822, -362.4253983016485563 ) ) ;
#3696 = FACE_OUTER_BOUND ( 'NONE', #2741, .T. ) ;
#3697 = ADVANCED_FACE ( 'NONE', ( #7327 ), #9026, .F. ) ;
#3698 = VERTEX_POINT ( 'NONE', #9881 ) ;
#3699 = VECTOR ( 'NONE', #8549, 1000.000000000000000 ) ;
#3700 = CARTESIAN_POINT ( 'NONE',  ( 555.9999999998080966, 0.000000000000000000, 89.90369769769773711 ) ) ;
#3701 = ORIENTED_EDGE ( 'NONE', *, *, #3286, .T. ) ;
#3702 = LINE ( 'NONE', #6764, #5525 ) ;
#3703 = ORIENTED_EDGE ( 'NONE', *, *, #4571, .F. ) ;
#3704 = AXIS2_PLACEMENT_3D ( 'NONE', #7574, #4718, #3821 ) ;
#3705 = DIRECTION ( 'NONE',  ( 0.000000000000000000, 0.000000000000000000, 1.000000000000000000 ) ) ;
#3706 = CARTESIAN_POINT ( 'NONE',  ( -503.9133855802655262, -3.174999999999999822, -410.1708090310403918 ) ) ;
#3707 = CARTESIAN_POINT ( 'NONE',  ( -402.0000000000000000, -3.174999999999999822, 106.4036976976978366 ) ) ;
#3708 = DIRECTION ( 'NONE',  ( 0.000000000000000000, 0.000000000000000000, 1.000000000000000000 ) ) ;
#3709 = EDGE_CURVE ( 'NONE', #9716, #2403, #9082, .T. ) ;
#3710 = VERTEX_POINT ( 'NONE', #9596 ) ;
#3711 = AXIS2_PLACEMENT_3D ( 'NONE', #5414, #266, #6275 ) ;
#3712 = CARTESIAN_POINT ( 'NONE',  ( -558.9999999998083240, -3.174999999999999822, 115.9036976976977371 ) ) ;
#3713 = ORIENTED_EDGE ( 'NONE', *, *, #8050, .F. ) ;
#3714 = VERTEX_POINT ( 'NONE', #3000 ) ;
#3715 = FACE_OUTER_BOUND ( 'NONE', #915, .T. ) ;
#3716 = DIRECTION ( 'NONE',  ( 0.000000000000000000, 0.000000000000000000, 1.000000000000000000 ) ) ;
#3717 = ORIENTED_EDGE ( 'NONE', *, *, #8556, .T. ) ;
#3718 = FACE_OUTER_BOUND ( 'NONE', #5087, .T. ) ;
#3719 = ADVANCED_FACE ( 'NONE', ( #9126 ), #3472, .F. ) ;
#3720 = PLANE ( 'NONE',  #7870 ) ;
#3721 = EDGE_LOOP ( 'NONE', ( #172, #9594, #8896, #3265 ) ) ;
#3722 = CARTESIAN_POINT ( 'NONE',  ( -460.5406189459957318, 0.000000000000000000, -379.6207989739360755 ) ) ;
#3723 = CARTESIAN_POINT ( 'NONE',  ( -597.4999999998082103, -3.174999999999999822, 92.90369769769773711 ) ) ;
#3724 = AXIS2_PLACEMENT_3D ( 'NONE', #7510, #8976, #1395 ) ;
#3725 = CARTESIAN_POINT ( 'NONE',  ( 401.9999999999994884, 6.825000000000000178, 103.6536976976980782 ) ) ;
#3726 = ORIENTED_EDGE ( 'NONE', *, *, #5020, .F. ) ;
#3727 = ORIENTED_EDGE ( 'NONE', *, *, #2348, .F. ) ;
#3728 = DIRECTION ( 'NONE',  ( 0.000000000000000000, 1.000000000000000000, -0.000000000000000000 ) ) ;
#3729 = PLANE ( 'NONE',  #8614 ) ;
#3730 = VECTOR ( 'NONE', #6845, 1000.000000000000000 ) ;
#3731 = CARTESIAN_POINT ( 'NONE',  ( 485.9999999998082103, -3.174999999999999822, 171.4036976976978224 ) ) ;
#3732 = CARTESIAN_POINT ( 'NONE',  ( -74.00000000000002842, -3.174999999999999822, -471.5963023023023197 ) ) ;
#3733 = CARTESIAN_POINT ( 'NONE',  ( 237.3828153036166384, 0.000000000000000000, -424.4885055263948175 ) ) ;
#3734 = EDGE_CURVE ( 'NONE', #550, #163, #6533, .T. ) ;
#3735 = EDGE_CURVE ( 'NONE', #8297, #4014, #2249, .T. ) ;
#3736 = ORIENTED_EDGE ( 'NONE', *, *, #8542, .T. ) ;
#3737 = ORIENTED_EDGE ( 'NONE', *, *, #7104, .T. ) ;
#3738 = CARTESIAN_POINT ( 'NONE',  ( -594.4999999998082103, 0.000000000000000000, 109.9036976976977229 ) ) ;
#3739 = LINE ( 'NONE', #2335, #6406 ) ;
#3740 = CARTESIAN_POINT ( 'NONE',  ( 265.8138544619507684, 0.000000000000000000, -418.7722119390019770 ) ) ;
#3741 = DIRECTION ( 'NONE',  ( 0.000000000000000000, 0.000000000000000000, -1.000000000000000000 ) ) ;
#3742 = ORIENTED_EDGE ( 'NONE', *, *, #6454, .F. ) ;
#3743 = VECTOR ( 'NONE', #6593, 1000.000000000000000 ) ;
#3744 = EDGE_CURVE ( 'NONE', #4609, #1824, #9173, .T. ) ;
#3745 = FACE_OUTER_BOUND ( 'NONE', #7566, .T. ) ;
#3746 = EDGE_CURVE ( 'NONE', #9456, #6064, #1450, .T. ) ;
#3747 = ORIENTED_EDGE ( 'NONE', *, *, #9709, .F. ) ;
#3748 = DIRECTION ( 'NONE',  ( 1.000000000000000000, 0.000000000000000000, 0.000000000000000000 ) ) ;
#3749 = ORIENTED_EDGE ( 'NONE', *, *, #6097, .F. ) ;
#3750 = DIRECTION ( 'NONE',  ( 0.000000000000000000, -1.000000000000000000, 0.000000000000000000 ) ) ;
#3751 = DIRECTION ( 'NONE',  ( -0.000000000000000000, 1.000000000000000000, -0.000000000000000000 ) ) ;
#3752 = CYLINDRICAL_SURFACE ( 'NONE', #9565, 2.750000000000030198 ) ;
#3753 = DIRECTION ( 'NONE',  ( -0.1971135719790633178, 0.000000000000000000, -0.9803806606322130746 ) ) ;
#3754 = ORIENTED_EDGE ( 'NONE', *, *, #7777, .F. ) ;
#3755 = DIRECTION ( 'NONE',  ( 0.000000000000000000, -1.000000000000000000, 0.000000000000000000 ) ) ;
#3756 = EDGE_LOOP ( 'NONE', ( #3606, #5417, #6770, #850 ) ) ;
#3757 = ADVANCED_FACE ( 'NONE', ( #3053 ), #3752, .F. ) ;
#3758 = ORIENTED_EDGE ( 'NONE', *, *, #7562, .T. ) ;
#3759 = EDGE_CURVE ( 'NONE', #280, #5947, #8844, .T. ) ;
#3760 = FACE_OUTER_BOUND ( 'NONE', #1225, .T. ) ;
#3761 = AXIS2_PLACEMENT_3D ( 'NONE', #6636, #2021, #1970 ) ;
#3762 = CIRCLE ( 'NONE', #9859, 3.000000000000002665 ) ;
#3763 = ORIENTED_EDGE ( 'NONE', *, *, #3205, .T. ) ;
#3764 = EDGE_CURVE ( 'NONE', #5772, #777, #7603, .T. ) ;
#3765 = CIRCLE ( 'NONE', #2636, 3.000000000000002665 ) ;
#3766 = DIRECTION ( 'NONE',  ( 0.000000000000000000, -1.000000000000000000, 0.000000000000000000 ) ) ;
#3767 = VERTEX_POINT ( 'NONE', #1171 ) ;
#3768 = CIRCLE ( 'NONE', #2493, 3.000000000000002665 ) ;
#3769 = DIRECTION ( 'NONE',  ( 0.9803806606322130746, 0.000000000000000000, 0.1971135719790632346 ) ) ;
#3770 = FACE_OUTER_BOUND ( 'NONE', #444, .T. ) ;
#3771 = ORIENTED_EDGE ( 'NONE', *, *, #4973, .T. ) ;
#3772 = DIRECTION ( 'NONE',  ( 0.1971135719790633178, -0.000000000000000000, 0.9803806606322130746 ) ) ;
#3773 = CIRCLE ( 'NONE', #4735, 3.000000000000002665 ) ;
#3774 = FACE_OUTER_BOUND ( 'NONE', #6041, .T. ) ;
#3775 = CARTESIAN_POINT ( 'NONE',  ( 516.9999999998080966, -3.174999999999999822, 129.9456578061478638 ) ) ;
#3776 = ADVANCED_FACE ( 'NONE', ( #6857 ), #8, .F. ) ;
#3777 = ORIENTED_EDGE ( 'NONE', *, *, #1932, .T. ) ;
#3778 = ORIENTED_EDGE ( 'NONE', *, *, #1631, .T. ) ;
#3779 = VECTOR ( 'NONE', #5978, 1000.000000000000227 ) ;
#3780 = AXIS2_PLACEMENT_3D ( 'NONE', #9353, #7496, #5240 ) ;
#3781 = LINE ( 'NONE', #4075, #3455 ) ;
#3782 = LINE ( 'NONE', #6033, #457 ) ;
#3783 = EDGE_CURVE ( 'NONE', #6192, #209, #7272, .T. ) ;
#3784 = DIRECTION ( 'NONE',  ( 0.000000000000000000, 0.000000000000000000, 1.000000000000000000 ) ) ;
#3785 = CARTESIAN_POINT ( 'NONE',  ( -462.5013802672601742, 0.000000000000000000, -379.2265718299779564 ) ) ;
#3786 = PLANE ( 'NONE',  #2093 ) ;
#3787 = EDGE_CURVE ( 'NONE', #1264, #7993, #3789, .T. ) ;
#3788 = CIRCLE ( 'NONE', #5550, 2.750000000000030198 ) ;
#3789 = CIRCLE ( 'NONE', #6191, 2.750000000000030198 ) ;
#3790 = ORIENTED_EDGE ( 'NONE', *, *, #7468, .T. ) ;
#3791 = ORIENTED_EDGE ( 'NONE', *, *, #7968, .T. ) ;
#3792 = CARTESIAN_POINT ( 'NONE',  ( 238.3631959642488027, 0.000000000000000000, -424.2913919544157579 ) ) ;
#3793 = DIRECTION ( 'NONE',  ( 0.000000000000000000, 1.000000000000000000, 0.000000000000000000 ) ) ;
#3794 = AXIS2_PLACEMENT_3D ( 'NONE', #5348, #6045, #6848 ) ;
#3795 = DIRECTION ( 'NONE',  ( 1.000000000000000000, 0.000000000000000000, 0.000000000000000000 ) ) ;
#3796 = DIRECTION ( 'NONE',  ( 0.000000000000000000, 0.000000000000000000, 1.000000000000000000 ) ) ;
#3797 = CIRCLE ( 'NONE', #9411, 10.00000000000000888 ) ;
#3798 = EDGE_CURVE ( 'NONE', #9057, #2860, #5229, .T. ) ;
#3799 = ORIENTED_EDGE ( 'NONE', *, *, #573, .T. ) ;
#3800 = FACE_OUTER_BOUND ( 'NONE', #7820, .T. ) ;
#3801 = VECTOR ( 'NONE', #9869, 1000.000000000000000 ) ;
#3802 = ORIENTED_EDGE ( 'NONE', *, *, #4176, .T. ) ;
#3803 = CARTESIAN_POINT ( 'NONE',  ( 542.5486554916996056, -3.174999999999999822, -362.4253983016485563 ) ) ;
#3804 = ORIENTED_EDGE ( 'NONE', *, *, #3381, .F. ) ;
#3805 = CARTESIAN_POINT ( 'NONE',  ( 221.4321775711112821, -3.174999999999999822, -456.7658529379522747 ) ) ;
#3806 = CARTESIAN_POINT ( 'NONE',  ( 62.99999999999991473, 0.000000000000000000, -471.5963023023023766 ) ) ;
#3807 = DIRECTION ( 'NONE',  ( 0.000000000000000000, 0.000000000000000000, -1.000000000000000000 ) ) ;
#3808 = CARTESIAN_POINT ( 'NONE',  ( 401.9999999999998295, 0.000000000000000000, -366.8463023023020355 ) ) ;
#3809 = AXIS2_PLACEMENT_3D ( 'NONE', #9027, #2146, #2803 ) ;
#3810 = VERTEX_POINT ( 'NONE', #1005 ) ;
#3811 = EDGE_CURVE ( 'NONE', #7187, #2342, #4752, .T. ) ;
#3812 = CARTESIAN_POINT ( 'NONE',  ( 178.5995066845797794, 0.000000000000000000, -450.0775332806429105 ) ) ;
#3813 = VERTEX_POINT ( 'NONE', #6954 ) ;
#3814 = ORIENTED_EDGE ( 'NONE', *, *, #3683, .F. ) ;
#3815 = LINE ( 'NONE', #8175, #677 ) ;
#3816 = ORIENTED_EDGE ( 'NONE', *, *, #5250, .F. ) ;
#3817 = DIRECTION ( 'NONE',  ( 1.000000000000000000, 0.000000000000000000, 0.000000000000000000 ) ) ;
#3818 = ORIENTED_EDGE ( 'NONE', *, *, #1618, .F. ) ;
#3819 = CARTESIAN_POINT ( 'NONE',  ( -542.6512624207499584, 6.825000000000000178, -394.1603608065973958 ) ) ;
#3820 = EDGE_CURVE ( 'NONE', #3907, #8982, #9331, .T. ) ;
#3821 = DIRECTION ( 'NONE',  ( 0.000000000000000000, 0.000000000000000000, -1.000000000000000000 ) ) ;
#3822 = ORIENTED_EDGE ( 'NONE', *, *, #6036, .T. ) ;
#3823 = AXIS2_PLACEMENT_3D ( 'NONE', #4406, #7469, #6677 ) ;
#3824 = PLANE ( 'NONE',  #4932 ) ;
#3825 = DIRECTION ( 'NONE',  ( 0.000000000000000000, -1.000000000000000000, 0.000000000000000000 ) ) ;
#3826 = CARTESIAN_POINT ( 'NONE',  ( 250.8539717886038147, -3.174999999999999822, -461.0504795288607056 ) ) ;
#3827 = ORIENTED_EDGE ( 'NONE', *, *, #6308, .F. ) ;
#3828 = VERTEX_POINT ( 'NONE', #2401 ) ;
#3829 = VECTOR ( 'NONE', #4262, 1000.000000000000000 ) ;
#3830 = DIRECTION ( 'NONE',  ( -1.000000000000000000, 0.000000000000000000, 7.209240419646269740E-17 ) ) ;
#3831 = CARTESIAN_POINT ( 'NONE',  ( -519.4999999998082103, 0.000000000000000000, 132.9036976976976803 ) ) ;
#3832 = CIRCLE ( 'NONE', #7040, 3.000000000000002665 ) ;
#3833 = DIRECTION ( 'NONE',  ( 0.000000000000000000, 1.000000000000000000, 0.000000000000000000 ) ) ;
#3834 = LINE ( 'NONE', #2227, #960 ) ;
#3835 = EDGE_CURVE ( 'NONE', #315, #1360, #9399, .T. ) ;
#3836 = CARTESIAN_POINT ( 'NONE',  ( -542.4999999998080966, -3.174999999999999822, 161.4036976976977655 ) ) ;
#3837 = CIRCLE ( 'NONE', #8800, 10.00000000000000888 ) ;
#3838 = AXIS2_PLACEMENT_3D ( 'NONE', #8818, #6559, #2692 ) ;
#3839 = ORIENTED_EDGE ( 'NONE', *, *, #2570, .F. ) ;
#3840 = ORIENTED_EDGE ( 'NONE', *, *, #9467, .F. ) ;
#3841 = ORIENTED_EDGE ( 'NONE', *, *, #9248, .F. ) ;
#3842 = DIRECTION ( 'NONE',  ( 0.000000000000000000, 0.000000000000000000, 1.000000000000000000 ) ) ;
#3843 = LINE ( 'NONE', #9264, #6728 ) ;
#3844 = CARTESIAN_POINT ( 'NONE',  ( 99.99999999999991473, 0.000000000000000000, -474.5963023023023197 ) ) ;
#3845 = CARTESIAN_POINT ( 'NONE',  ( 577.4999999998080966, 0.000000000000000000, 171.4036976976977087 ) ) ;
#3846 = ORIENTED_EDGE ( 'NONE', *, *, #2852, .T. ) ;
#3847 = EDGE_CURVE ( 'NONE', #9432, #408, #6030, .T. ) ;
#3848 = DIRECTION ( 'NONE',  ( 0.000000000000000000, 0.000000000000000000, 1.000000000000000000 ) ) ;
#3849 = VECTOR ( 'NONE', #6625, 1000.000000000000000 ) ;
#3850 = ORIENTED_EDGE ( 'NONE', *, *, #4702, .T. ) ;
#3851 = CARTESIAN_POINT ( 'NONE',  ( 102.9999999999999005, -3.174999999999999822, -474.5963023023023766 ) ) ;
#3852 = ORIENTED_EDGE ( 'NONE', *, *, #2818, .F. ) ;
#3853 = CYLINDRICAL_SURFACE ( 'NONE', #5810, 3.000000000000002665 ) ;
#3854 = CARTESIAN_POINT ( 'NONE',  ( -191.0092538959341084, 6.825000000000000178, -432.2822724184624690 ) ) ;
#3855 = DIRECTION ( 'NONE',  ( 0.000000000000000000, 0.000000000000000000, 1.000000000000000000 ) ) ;
#3856 = FACE_OUTER_BOUND ( 'NONE', #387, .T. ) ;
#3857 = AXIS2_PLACEMENT_3D ( 'NONE', #7043, #1680, #6888 ) ;
#3858 = ORIENTED_EDGE ( 'NONE', *, *, #9604, .T. ) ;
#3859 = CARTESIAN_POINT ( 'NONE',  ( 503.3220448643281770, -3.174999999999999822, -407.2296670491439272 ) ) ;
#3860 = EDGE_LOOP ( 'NONE', ( #9280, #7535, #6810, #2460 ) ) ;
#3861 = ORIENTED_EDGE ( 'NONE', *, *, #2917, .F. ) ;
#3862 = CARTESIAN_POINT ( 'NONE',  ( 522.4999999998082103, -3.174999999999999822, 171.4036976976977087 ) ) ;
#3863 = VECTOR ( 'NONE', #1512, 1000.000000000000000 ) ;
#3864 = EDGE_LOOP ( 'NONE', ( #20, #6852, #8872, #9079 ) ) ;
#3865 = EDGE_CURVE ( 'NONE', #4443, #5512, #445, .T. ) ;
#3866 = PLANE ( 'NONE',  #6072 ) ;
#3867 = EDGE_CURVE ( 'NONE', #2342, #7187, #5713, .T. ) ;
#3868 = ORIENTED_EDGE ( 'NONE', *, *, #4409, .T. ) ;
#3869 = CARTESIAN_POINT ( 'NONE',  ( 517.4999999998079829, -3.174999999999999822, 132.9036976976976803 ) ) ;
#3870 = FACE_OUTER_BOUND ( 'NONE', #3626, .T. ) ;
#3871 = DIRECTION ( 'NONE',  ( -0.000000000000000000, 1.000000000000000000, -0.000000000000000000 ) ) ;
#3872 = ORIENTED_EDGE ( 'NONE', *, *, #1969, .F. ) ;
#3873 = CARTESIAN_POINT ( 'NONE',  ( 68.99999999999991473, -3.174999999999999822, -436.0963023023023766 ) ) ;
#3874 = DIRECTION ( 'NONE',  ( 0.000000000000000000, 0.000000000000000000, 1.000000000000000000 ) ) ;
#3875 = AXIS2_PLACEMENT_3D ( 'NONE', #1457, #6062, #8323 ) ;
#3876 = LINE ( 'NONE', #77, #5268 ) ;
#3877 = ORIENTED_EDGE ( 'NONE', *, *, #9326, .T. ) ;
#3878 = CARTESIAN_POINT ( 'NONE',  ( -558.9999999998083240, -3.174999999999999822, -309.5963023023023197 ) ) ;
#3879 = LINE ( 'NONE', #3076, #5215 ) ;
#3880 = CARTESIAN_POINT ( 'NONE',  ( -262.2813717641170683, -3.174999999999999822, -416.4224106730424069 ) ) ;
#3881 = FACE_OUTER_BOUND ( 'NONE', #1786, .T. ) ;
#3882 = FACE_OUTER_BOUND ( 'NONE', #8014, .T. ) ;
#3883 = CARTESIAN_POINT ( 'NONE',  ( 594.4999999998082103, -3.174999999999999822, 81.90369769769773711 ) ) ;
#3884 = ADVANCED_FACE ( 'NONE', ( #8520 ), #3305, .T. ) ;
#3885 = ADVANCED_FACE ( 'NONE', ( #1650 ), #847, .F. ) ;
#3886 = ADVANCED_FACE ( 'NONE', ( #7759 ), #3209, .F. ) ;
#3887 = VERTEX_POINT ( 'NONE', #5356 ) ;
#3888 = EDGE_LOOP ( 'NONE', ( #4042, #9891, #3262, #4227 ) ) ;
#3889 = ADVANCED_FACE ( 'NONE', ( #56 ), #8620, .F. ) ;
#3890 = ORIENTED_EDGE ( 'NONE', *, *, #2767, .T. ) ;
#3891 = LINE ( 'NONE', #5391, #3091 ) ;
#3892 = CARTESIAN_POINT ( 'NONE',  ( -267.7746157832153813, -3.174999999999999822, -418.3779847950438011 ) ) ;
#3893 = DIRECTION ( 'NONE',  ( 1.000000000000000000, 0.000000000000000000, -0.000000000000000000 ) ) ;
#3894 = DIRECTION ( 'NONE',  ( 0.000000000000000000, 0.000000000000000000, -1.000000000000000000 ) ) ;
#3895 = ORIENTED_EDGE ( 'NONE', *, *, #3565, .F. ) ;
#3896 = ORIENTED_EDGE ( 'NONE', *, *, #414, .F. ) ;
#3897 = DIRECTION ( 'NONE',  ( -0.000000000000000000, 1.000000000000000000, -0.000000000000000000 ) ) ;
#3898 = ORIENTED_EDGE ( 'NONE', *, *, #3263, .T. ) ;
#3899 = CYLINDRICAL_SURFACE ( 'NONE', #5968, 2.750000000000030198 ) ;
#3900 = CARTESIAN_POINT ( 'NONE',  ( -597.4999999998082103, -3.174999999999999822, -284.5963023023023197 ) ) ;
#3901 = CARTESIAN_POINT ( 'NONE',  ( -163.5995066845797794, 0.000000000000000000, -464.5963023023023197 ) ) ;
#3902 = DIRECTION ( 'NONE',  ( 1.000000000000000000, -0.000000000000000000, -0.000000000000000000 ) ) ;
#3903 = ORIENTED_EDGE ( 'NONE', *, *, #7658, .F. ) ;
#3904 = AXIS2_PLACEMENT_3D ( 'NONE', #1031, #4082, #4786 ) ;
#3905 = ORIENTED_EDGE ( 'NONE', *, *, #4697, .T. ) ;
#3906 = DIRECTION ( 'NONE',  ( -0.1971135719790635954, 0.000000000000000000, 0.9803806606322129635 ) ) ;
#3907 = VERTEX_POINT ( 'NONE', #3901 ) ;
#3908 = ORIENTED_EDGE ( 'NONE', *, *, #8989, .F. ) ;
#3909 = DIRECTION ( 'NONE',  ( 0.000000000000000000, 1.000000000000000000, -0.000000000000000000 ) ) ;
#3910 = ADVANCED_FACE ( 'NONE', ( #3955 ), #1703, .F. ) ;
#3911 = ORIENTED_EDGE ( 'NONE', *, *, #7609, .T. ) ;
#3912 = CARTESIAN_POINT ( 'NONE',  ( 493.9999999998082103, 0.000000000000000000, 171.4036976976977087 ) ) ;
#3913 = ORIENTED_EDGE ( 'NONE', *, *, #5412, .F. ) ;
#3914 = CARTESIAN_POINT ( 'NONE',  ( 597.4999999998079829, -3.174999999999999822, -284.5963023023024334 ) ) ;
#3915 = LINE ( 'NONE', #9237, #1861 ) ;
#3916 = EDGE_CURVE ( 'NONE', #2936, #273, #4598, .T. ) ;
#3917 = DIRECTION ( 'NONE',  ( 0.000000000000000000, 0.000000000000000000, -1.000000000000000000 ) ) ;
#3918 = ORIENTED_EDGE ( 'NONE', *, *, #9481, .T. ) ;
#3919 = ADVANCED_FACE ( 'NONE', ( #1753 ), #8414, .F. ) ;
#3920 = DIRECTION ( 'NONE',  ( 0.000000000000000000, 0.000000000000000000, -1.000000000000000000 ) ) ;
#3921 = CARTESIAN_POINT ( 'NONE',  ( 597.4999999998077556, -3.174999999999999822, 141.4036976976982203 ) ) ;
#3922 = CIRCLE ( 'NONE', #3594, 3.000000000000002665 ) ;
#3923 = DIRECTION ( 'NONE',  ( 0.000000000000000000, 0.000000000000000000, 1.000000000000000000 ) ) ;
#3924 = VECTOR ( 'NONE', #2582, 1000.000000000000000 ) ;
#3925 = ORIENTED_EDGE ( 'NONE', *, *, #5564, .T. ) ;
#3926 = CARTESIAN_POINT ( 'NONE',  ( 213.5995066845797226, -3.174999999999999822, -468.5407952640648546 ) ) ;
#3927 = FACE_OUTER_BOUND ( 'NONE', #3338, .T. ) ;
#3928 = DIRECTION ( 'NONE',  ( -0.000000000000000000, -1.000000000000000000, -0.000000000000000000 ) ) ;
#3929 = CIRCLE ( 'NONE', #420, 3.000000000000002665 ) ;
#3930 = CARTESIAN_POINT ( 'NONE',  ( 567.4999999998078692, 6.825000000000000178, 141.4036976976982203 ) ) ;
#3931 = FACE_OUTER_BOUND ( 'NONE', #4850, .T. ) ;
#3932 = VECTOR ( 'NONE', #1239, 1000.000000000000000 ) ;
#3933 = CARTESIAN_POINT ( 'NONE',  ( -348.0000000000000000, 6.825000000000000178, 103.6536976976978650 ) ) ;
#3934 = EDGE_CURVE ( 'NONE', #8059, #3450, #3149, .T. ) ;
#3935 = DIRECTION ( 'NONE',  ( 0.000000000000000000, -1.000000000000000000, 0.000000000000000000 ) ) ;
#3936 = EDGE_CURVE ( 'NONE', #2120, #2975, #3099, .T. ) ;
#3937 = VECTOR ( 'NONE', #3577, 1000.000000000000114 ) ;
#3938 = ORIENTED_EDGE ( 'NONE', *, *, #3528, .F. ) ;
#3939 = AXIS2_PLACEMENT_3D ( 'NONE', #5582, #3326, #4170 ) ;
#3940 = ORIENTED_EDGE ( 'NONE', *, *, #7170, .T. ) ;
#3941 = CARTESIAN_POINT ( 'NONE',  ( 532.6513146897268598, 0.000000000000000000, -394.1926930939662270 ) ) ;
#3942 = FACE_OUTER_BOUND ( 'NONE', #499, .T. ) ;
#3943 = ADVANCED_FACE ( 'NONE', ( #8766 ), #454, .T. ) ;
#3944 = CARTESIAN_POINT ( 'NONE',  ( 577.4999999998080966, -3.174999999999999822, 171.4036976976977087 ) ) ;
#3945 = DIRECTION ( 'NONE',  ( 0.000000000000000000, -1.000000000000000000, 0.000000000000000000 ) ) ;
#3946 = ORIENTED_EDGE ( 'NONE', *, *, #7235, .F. ) ;
#3947 = VECTOR ( 'NONE', #2879, 1000.000000000000000 ) ;
#3948 = CIRCLE ( 'NONE', #8503, 3.000000000000002665 ) ;
#3949 = ORIENTED_EDGE ( 'NONE', *, *, #8251, .T. ) ;
#3950 = CARTESIAN_POINT ( 'NONE',  ( 487.9999999998082103, 0.000000000000000000, 132.9036976976976803 ) ) ;
#3951 = EDGE_LOOP ( 'NONE', ( #4659, #7885, #6204, #8639 ) ) ;
#3952 = AXIS2_PLACEMENT_3D ( 'NONE', #9574, #8821, #4295 ) ;
#3953 = CYLINDRICAL_SURFACE ( 'NONE', #1325, 3.000000000000002665 ) ;
#3954 = DIRECTION ( 'NONE',  ( -0.000000000000000000, 1.000000000000000000, -0.000000000000000000 ) ) ;
#3955 = FACE_OUTER_BOUND ( 'NONE', #6456, .T. ) ;
#3956 = CARTESIAN_POINT ( 'NONE',  ( -250.8539717886039000, -3.174999999999999822, -461.0504795288606488 ) ) ;
#3957 = ORIENTED_EDGE ( 'NONE', *, *, #6021, .F. ) ;
#3958 = ORIENTED_EDGE ( 'NONE', *, *, #3216, .T. ) ;
#3959 = LINE ( 'NONE', #1837, #193 ) ;
#3960 = ORIENTED_EDGE ( 'NONE', *, *, #6871, .T. ) ;
#3961 = EDGE_CURVE ( 'NONE', #7629, #3810, #4261, .T. ) ;
#3962 = VECTOR ( 'NONE', #7163, 1000.000000000000000 ) ;
#3963 = ORIENTED_EDGE ( 'NONE', *, *, #8333, .F. ) ;
#3964 = CARTESIAN_POINT ( 'NONE',  ( -558.9999999998083240, 0.000000000000000000, -309.5963023023023197 ) ) ;
#3965 = ORIENTED_EDGE ( 'NONE', *, *, #9662, .T. ) ;
#3966 =( NAMED_UNIT ( * ) PLANE_ANGLE_UNIT ( ) SI_UNIT ( $, .RADIAN. ) );
#3967 = ORIENTED_EDGE ( 'NONE', *, *, #972, .F. ) ;
#3968 = DIRECTION ( 'NONE',  ( 1.000000000000000000, -0.000000000000000000, 0.000000000000000000 ) ) ;
#3969 = CARTESIAN_POINT ( 'NONE',  ( 594.4999999998080966, -3.174999999999999822, -312.5963023023024334 ) ) ;
#3970 = CIRCLE ( 'NONE', #4918, 3.000000000000002665 ) ;
#3971 = DIRECTION ( 'NONE',  ( 0.000000000000000000, 0.000000000000000000, -1.000000000000000000 ) ) ;
#3972 = EDGE_LOOP ( 'NONE', ( #4326, #6776, #5112, #8200 ) ) ;
#3973 = PLANE ( 'NONE',  #9644 ) ;
#3974 = EDGE_CURVE ( 'NONE', #4062, #7407, #5049, .T. ) ;
#3975 = CARTESIAN_POINT ( 'NONE',  ( 202.9974066286778793, -3.174999999999999822, -470.6724344287448503 ) ) ;
#3976 = AXIS2_PLACEMENT_3D ( 'NONE', #9435, #4862, #5660 ) ;
#3977 = CIRCLE ( 'NONE', #933, 10.00000000000000888 ) ;
#3978 = CARTESIAN_POINT ( 'NONE',  ( -597.4999999998082103, 0.000000000000000000, 151.4036976976976518 ) ) ;
#3979 = ORIENTED_EDGE ( 'NONE', *, *, #6312, .T. ) ;
#3980 = EDGE_CURVE ( 'NONE', #166, #3356, #1388, .T. ) ;
#3981 = CARTESIAN_POINT ( 'NONE',  ( 594.4999999998082103, -3.174999999999999822, 112.9036976976977371 ) ) ;
#3982 = LINE ( 'NONE', #3278, #9391 ) ;
#3983 = CARTESIAN_POINT ( 'NONE',  ( 597.4999999998082103, 0.000000000000000000, 81.90369769769773711 ) ) ;
#3984 = CARTESIAN_POINT ( 'NONE',  ( 419.3111269292337511, 0.000000000000000000, -174.5583255222528862 ) ) ;
#3985 = DIRECTION ( 'NONE',  ( 0.000000000000000000, -1.000000000000000000, 0.000000000000000000 ) ) ;
#3986 = ORIENTED_EDGE ( 'NONE', *, *, #6630, .F. ) ;
#3987 = CYLINDRICAL_SURFACE ( 'NONE', #1143, 3.000000000000002665 ) ;
#3988 = CARTESIAN_POINT ( 'NONE',  ( 288.9999999999997726, 0.000000000000000000, 132.9036976976976803 ) ) ;
#3989 = EDGE_CURVE ( 'NONE', #6221, #4858, #8109, .T. ) ;
#3990 = VECTOR ( 'NONE', #1569, 1000.000000000000000 ) ;
#3991 = VECTOR ( 'NONE', #2020, 1000.000000000000000 ) ;
#3992 = VERTEX_POINT ( 'NONE', #3402 ) ;
#3993 = ADVANCED_FACE ( 'NONE', ( #1046 ), #9429, .F. ) ;
#3994 = ORIENTED_EDGE ( 'NONE', *, *, #9713, .F. ) ;
#3995 = CIRCLE ( 'NONE', #5271, 3.000000000000002665 ) ;
#3996 = EDGE_CURVE ( 'NONE', #7136, #648, #8272, .T. ) ;
#3997 = CARTESIAN_POINT ( 'NONE',  ( -491.4226097559105142, 0.000000000000000000, -373.4117214565955010 ) ) ;
#3998 = FACE_OUTER_BOUND ( 'NONE', #2414, .T. ) ;
#3999 = DIRECTION ( 'NONE',  ( 0.000000000000000000, 0.000000000000000000, -1.000000000000000000 ) ) ;
#4000 = DIRECTION ( 'NONE',  ( -0.000000000000000000, 1.000000000000000000, -0.000000000000000000 ) ) ;
#4001 = ORIENTED_EDGE ( 'NONE', *, *, #7895, .T. ) ;
#4002 = AXIS2_PLACEMENT_3D ( 'NONE', #6380, #9446, #2572 ) ;
#4003 = CIRCLE ( 'NONE', #5432, 3.000000000000002665 ) ;
#4004 = EDGE_CURVE ( 'NONE', #5187, #7463, #6562, .T. ) ;
#4005 = ORIENTED_EDGE ( 'NONE', *, *, #494, .F. ) ;
#4006 = DIRECTION ( 'NONE',  ( 0.000000000000000000, -1.000000000000000000, 0.000000000000000000 ) ) ;
#4007 = ORIENTED_EDGE ( 'NONE', *, *, #3152, .T. ) ;
#4008 = DIRECTION ( 'NONE',  ( 0.000000000000000000, 0.000000000000000000, 1.000000000000000000 ) ) ;
#4009 = CARTESIAN_POINT ( 'NONE',  ( 558.9999999998080966, -3.174999999999999822, -281.5963023023024334 ) ) ;
#4010 = DIRECTION ( 'NONE',  ( 0.000000000000000000, 1.000000000000000000, -0.000000000000000000 ) ) ;
#4011 = LINE ( 'NONE', #5758, #5554 ) ;
#4012 = EDGE_LOOP ( 'NONE', ( #9816, #3345 ) ) ;
#4013 = ORIENTED_EDGE ( 'NONE', *, *, #2788, .T. ) ;
#4014 = VERTEX_POINT ( 'NONE', #7356 ) ;
#4015 = VECTOR ( 'NONE', #2955, 1000.000000000000000 ) ;
#4016 = ORIENTED_EDGE ( 'NONE', *, *, #7696, .T. ) ;
#4017 = DIRECTION ( 'NONE',  ( -0.000000000000000000, 1.000000000000000000, -0.000000000000000000 ) ) ;
#4018 = VECTOR ( 'NONE', #6348, 1000.000000000000227 ) ;
#4019 = ORIENTED_EDGE ( 'NONE', *, *, #2927, .T. ) ;
#4020 = VECTOR ( 'NONE', #3490, 1000.000000000000000 ) ;
#4022 = EDGE_CURVE ( 'NONE', #7131, #4107, #6519, .T. ) ;
#4021 = DIRECTION ( 'NONE',  ( -0.000000000000000000, 1.000000000000000000, -0.000000000000000000 ) ) ;
#4023 = CARTESIAN_POINT ( 'NONE',  ( 511.4999999998079829, 0.000000000000000000, 168.4036976976977087 ) ) ;
#4024 = DIRECTION ( 'NONE',  ( 0.000000000000000000, -1.000000000000000000, 0.000000000000000000 ) ) ;
#4025 = ORIENTED_EDGE ( 'NONE', *, *, #7283, .F. ) ;
#4026 = CARTESIAN_POINT ( 'NONE',  ( -490.4422290952782078, -3.174999999999999822, -370.6088350285746174 ) ) ;
#4027 = DIRECTION ( 'NONE',  ( -0.000000000000000000, -1.000000000000000000, -0.000000000000000000 ) ) ;
#4028 = DIRECTION ( 'NONE',  ( 0.000000000000000000, 0.000000000000000000, 1.000000000000000000 ) ) ;
#4029 = VERTEX_POINT ( 'NONE', #2748 ) ;
#4030 = CARTESIAN_POINT ( 'NONE',  ( -577.4999999998082103, -3.174999999999999822, -70.34630230230226289 ) ) ;
#4031 = EDGE_CURVE ( 'NONE', #3372, #8823, #1875, .T. ) ;
#4032 = VECTOR ( 'NONE', #319, 1000.000000000000000 ) ;
#4033 = CARTESIAN_POINT ( 'NONE',  ( -556.0419601082584222, -1.587499999999999467, 115.4036976976977371 ) ) ;
#4034 = CARTESIAN_POINT ( 'NONE',  ( 237.3828153036166384, -3.174999999999999822, -421.4885055263948175 ) ) ;
#4035 = DIRECTION ( 'NONE',  ( -0.000000000000000000, 1.000000000000000000, -0.000000000000000000 ) ) ;
#4036 = FACE_OUTER_BOUND ( 'NONE', #7358, .T. ) ;
#4037 = DIRECTION ( 'NONE',  ( 0.000000000000000000, 0.000000000000000000, 1.000000000000000000 ) ) ;
#4038 = AXIS2_PLACEMENT_3D ( 'NONE', #3060, #9133, #7567 ) ;
#4039 = DIRECTION ( 'NONE',  ( 0.000000000000000000, 0.000000000000000000, -1.000000000000000000 ) ) ;
#4040 = DIRECTION ( 'NONE',  ( 0.000000000000000000, 0.000000000000000000, -1.000000000000000000 ) ) ;
#4041 = EDGE_LOOP ( 'NONE', ( #4392, #6002, #8574, #4635 ) ) ;
#4042 = ORIENTED_EDGE ( 'NONE', *, *, #2820, .F. ) ;
#4043 = DIRECTION ( 'NONE',  ( -0.000000000000000000, -1.000000000000000000, -0.000000000000000000 ) ) ;
#4044 = CARTESIAN_POINT ( 'NONE',  ( -597.4999999998082103, -3.174999999999999822, 109.9036976976977229 ) ) ;
#4045 = CARTESIAN_POINT ( 'NONE',  ( -594.4999999998082103, -3.174999999999999822, -315.5963023023023197 ) ) ;
#4046 = FACE_OUTER_BOUND ( 'NONE', #1949, .T. ) ;
#4047 = VERTEX_POINT ( 'NONE', #7162 ) ;
#4048 = AXIS2_PLACEMENT_3D ( 'NONE', #9682, #8926, #2050 ) ;
#4049 = VERTEX_POINT ( 'NONE', #4246 ) ;
#4050 = CARTESIAN_POINT ( 'NONE',  ( -490.9999999998082103, 0.000000000000000000, 129.9036976976976803 ) ) ;
#4051 = ORIENTED_EDGE ( 'NONE', *, *, #6408, .T. ) ;
#4052 = CARTESIAN_POINT ( 'NONE',  ( -532.6513146897268598, 6.825000000000000178, -394.1926930939661133 ) ) ;
#4053 = DIRECTION ( 'NONE',  ( -0.000000000000000000, 1.000000000000000000, -0.000000000000000000 ) ) ;
#4054 = DIRECTION ( 'NONE',  ( 0.000000000000000000, -1.000000000000000000, 0.000000000000000000 ) ) ;
#4055 = DIRECTION ( 'NONE',  ( 0.000000000000000000, 0.000000000000000000, 1.000000000000000000 ) ) ;
#4056 = ORIENTED_EDGE ( 'NONE', *, *, #2866, .F. ) ;
#4057 = ORIENTED_EDGE ( 'NONE', *, *, #9566, .F. ) ;
#4058 = VECTOR ( 'NONE', #7447, 1000.000000000000000 ) ;
#4059 = ORIENTED_EDGE ( 'NONE', *, *, #9619, .F. ) ;
#4060 = EDGE_CURVE ( 'NONE', #3450, #8606, #4102, .T. ) ;
#4061 = DIRECTION ( 'NONE',  ( -0.000000000000000000, 1.000000000000000000, -0.000000000000000000 ) ) ;
#4062 = VERTEX_POINT ( 'NONE', #4952 ) ;
#4063 = DIRECTION ( 'NONE',  ( -0.000000000000000000, -1.000000000000000000, -0.000000000000000000 ) ) ;
#4064 = DIRECTION ( 'NONE',  ( 0.000000000000000000, -1.000000000000000000, 0.000000000000000000 ) ) ;
#4065 = EDGE_CURVE ( 'NONE', #555, #4062, #3635, .T. ) ;
#4066 = CYLINDRICAL_SURFACE ( 'NONE', #2085, 3.000000000000002665 ) ;
#4067 = EDGE_LOOP ( 'NONE', ( #2269, #1957, #6949, #3056 ) ) ;
#4068 = EDGE_CURVE ( 'NONE', #7698, #5265, #8116, .T. ) ;
#4069 = CARTESIAN_POINT ( 'NONE',  ( 587.4999999998082103, 0.000000000000000000, -347.3768998705953663 ) ) ;
#4070 = DIRECTION ( 'NONE',  ( 0.000000000000000000, 0.000000000000000000, -1.000000000000000000 ) ) ;
#4071 = AXIS2_PLACEMENT_3D ( 'NONE', #2070, #9752, #4983 ) ;
#4072 = LINE ( 'NONE', #5580, #7501 ) ;
#4073 = VERTEX_POINT ( 'NONE', #2600 ) ;
#4074 = DIRECTION ( 'NONE',  ( 0.000000000000000000, 0.000000000000000000, 1.000000000000000000 ) ) ;
#4075 = CARTESIAN_POINT ( 'NONE',  ( -221.4321775711113389, -3.174999999999999822, -466.7658529379522747 ) ) ;
#4076 = DIRECTION ( 'NONE',  ( 0.000000000000000000, 0.000000000000000000, 1.000000000000000000 ) ) ;
#4077 = CARTESIAN_POINT ( 'NONE',  ( 556.0419601082581949, -1.587499999999999467, 87.40369769769773711 ) ) ;
#4078 = EDGE_LOOP ( 'NONE', ( #9295, #9635 ) ) ;
#4079 = CARTESIAN_POINT ( 'NONE',  ( -460.5406189459957318, 0.000000000000000000, -379.6207989739360755 ) ) ;
#4080 = CARTESIAN_POINT ( 'NONE',  ( -597.4999999998082103, 0.000000000000000000, 151.4036976976976518 ) ) ;
#4081 = EDGE_CURVE ( 'NONE', #2587, #6202, #5654, .T. ) ;
#4082 = DIRECTION ( 'NONE',  ( -0.000000000000000000, 1.000000000000000000, -0.000000000000000000 ) ) ;
#4083 = EDGE_LOOP ( 'NONE', ( #4689, #2611 ) ) ;
#4084 = CIRCLE ( 'NONE', #2960, 14.99999999999998579 ) ;
#4085 = ORIENTED_EDGE ( 'NONE', *, *, #2422, .F. ) ;
#4086 = AXIS2_PLACEMENT_3D ( 'NONE', #8582, #7775, #6919 ) ;
#4087 = DIRECTION ( 'NONE',  ( 0.000000000000000000, 1.000000000000000000, -0.000000000000000000 ) ) ;
#4088 = CARTESIAN_POINT ( 'NONE',  ( 191.0092538959338242, -3.174999999999999822, -432.2822724184622984 ) ) ;
#4089 = CARTESIAN_POINT ( 'NONE',  ( 65.99999999999990052, -3.174999999999999822, -433.0963023023023766 ) ) ;
#4090 = CARTESIAN_POINT ( 'NONE',  ( 67.99999999999991473, -3.174999999999999822, -436.0963023023023766 ) ) ;
#4091 = EDGE_LOOP ( 'NONE', ( #2696, #931, #3489, #5563 ) ) ;
#4092 = EDGE_CURVE ( 'NONE', #1645, #8828, #6462, .T. ) ;
#4093 = CIRCLE ( 'NONE', #2484, 3.000000000000002665 ) ;
#4094 = VECTOR ( 'NONE', #7108, 1000.000000000000000 ) ;
#4095 = ORIENTED_EDGE ( 'NONE', *, *, #2133, .T. ) ;
#4096 = FACE_OUTER_BOUND ( 'NONE', #5656, .T. ) ;
#4097 = EDGE_LOOP ( 'NONE', ( #2219, #1510, #5825, #2036 ) ) ;
#4099 = EDGE_CURVE ( 'NONE', #1667, #4969, #1150, .T. ) ;
#4098 = CARTESIAN_POINT ( 'NONE',  ( 475.9725367522472652, -3.174999999999999822, -415.7885458324438446 ) ) ;
#4100 = CARTESIAN_POINT ( 'NONE',  ( 555.9999999998080966, 0.000000000000000000, -279.5963023023024334 ) ) ;
#4101 = CIRCLE ( 'NONE', #8746, 3.000000000000002665 ) ;
#4102 = LINE ( 'NONE', #5806, #6201 ) ;
#4103 = DIRECTION ( 'NONE',  ( 0.000000000000000000, 0.000000000000000000, 1.000000000000000000 ) ) ;
#4104 = VERTEX_POINT ( 'NONE', #9521 ) ;
#4105 = CIRCLE ( 'NONE', #1064, 3.000000000000002665 ) ;
#4106 = VERTEX_POINT ( 'NONE', #5705 ) ;
#4107 = VERTEX_POINT ( 'NONE', #8012 ) ;
#4108 = CARTESIAN_POINT ( 'NONE',  ( -348.0000000000000000, 0.000000000000000000, 103.6536976976978650 ) ) ;
#4109 = EDGE_CURVE ( 'NONE', #6422, #393, #4201, .T. ) ;
#4110 = ORIENTED_EDGE ( 'NONE', *, *, #6850, .F. ) ;
#4111 = LINE ( 'NONE', #9439, #4144 ) ;
#4112 = DIRECTION ( 'NONE',  ( 0.000000000000000000, -1.000000000000000000, 0.000000000000000000 ) ) ;
#4113 = EDGE_CURVE ( 'NONE', #1377, #2526, #4587, .T. ) ;
#4114 = EDGE_CURVE ( 'NONE', #8432, #9877, #7158, .T. ) ;
#4115 = VECTOR ( 'NONE', #6708, 1000.000000000000000 ) ;
#4116 = CYLINDRICAL_SURFACE ( 'NONE', #7050, 3.000000000000002665 ) ;
#4117 = ORIENTED_EDGE ( 'NONE', *, *, #9581, .F. ) ;
#4118 = VECTOR ( 'NONE', #5096, 1000.000000000000000 ) ;
#4119 = CARTESIAN_POINT ( 'NONE',  ( -555.9999999998083240, 0.000000000000000000, -279.5963023023023197 ) ) ;
#4120 = CYLINDRICAL_SURFACE ( 'NONE', #5152, 3.000000000000002665 ) ;
#4121 = CARTESIAN_POINT ( 'NONE',  ( -581.4422714393892875, -3.174999999999999822, -394.5829907101505114 ) ) ;
#4122 = CIRCLE ( 'NONE', #1399, 3.000000000000002665 ) ;
#4123 = EDGE_CURVE ( 'NONE', #253, #8225, #4536, .T. ) ;
#4124 = ORIENTED_EDGE ( 'NONE', *, *, #4613, .T. ) ;
#4125 = CARTESIAN_POINT ( 'NONE',  ( 475.9725367522472652, -3.174999999999999822, -415.7885458324438446 ) ) ;
#4126 = LINE ( 'NONE', #2618, #7143 ) ;
#4127 = DIRECTION ( 'NONE',  ( -0.1971135719790620411, 0.000000000000000000, -0.9803806606322132966 ) ) ;
#4128 = EDGE_CURVE ( 'NONE', #5089, #4510, #5245, .T. ) ;
#4129 = CYLINDRICAL_SURFACE ( 'NONE', #5140, 3.000000000000002665 ) ;
#4130 = ORIENTED_EDGE ( 'NONE', *, *, #3667, .F. ) ;
#4131 = VECTOR ( 'NONE', #9021, 1000.000000000000000 ) ;
#4132 = DIRECTION ( 'NONE',  ( -1.000000000000000000, 0.000000000000000000, 0.000000000000000000 ) ) ;
#4133 = DIRECTION ( 'NONE',  ( 0.000000000000000000, 0.000000000000000000, 1.000000000000000000 ) ) ;
#4134 = DIRECTION ( 'NONE',  ( 1.696813561850769255E-16, 0.000000000000000000, 1.000000000000000000 ) ) ;
#4135 = ORIENTED_EDGE ( 'NONE', *, *, #6349, .T. ) ;
#4136 = VERTEX_POINT ( 'NONE', #6044 ) ;
#4137 = LINE ( 'NONE', #7241, #433 ) ;
#4138 = DIRECTION ( 'NONE',  ( 0.000000000000000000, 0.000000000000000000, 1.000000000000000000 ) ) ;
#4139 = ADVANCED_FACE ( 'NONE', ( #8252 ), #2989, .F. ) ;
#4140 = DIRECTION ( 'NONE',  ( 1.000000000000000000, 0.000000000000000000, 0.000000000000000000 ) ) ;
#4141 = DIRECTION ( 'NONE',  ( 0.000000000000000000, -1.000000000000000000, 0.000000000000000000 ) ) ;
#4142 = ORIENTED_EDGE ( 'NONE', *, *, #8480, .F. ) ;
#4143 = DIRECTION ( 'NONE',  ( -0.000000000000000000, 1.000000000000000000, -0.000000000000000000 ) ) ;
#4144 = VECTOR ( 'NONE', #2704, 1000.000000000000000 ) ;
#4145 = ORIENTED_EDGE ( 'NONE', *, *, #4533, .T. ) ;
#4146 = DIRECTION ( 'NONE',  ( 0.000000000000000000, 1.000000000000000000, 0.000000000000000000 ) ) ;
#4147 = EDGE_LOOP ( 'NONE', ( #3652, #2947, #6113, #654 ) ) ;
#4148 = CARTESIAN_POINT ( 'NONE',  ( 493.3833710771748997, 0.000000000000000000, -373.0174943126375524 ) ) ;
#4149 = CARTESIAN_POINT ( 'NONE',  ( 485.9999999998082103, -3.174999999999999822, 168.4036976976977087 ) ) ;
#4150 = EDGE_CURVE ( 'NONE', #1710, #3520, #8300, .T. ) ;
#4151 = VECTOR ( 'NONE', #7178, 1000.000000000000000 ) ;
#4152 = DIRECTION ( 'NONE',  ( -0.000000000000000000, -1.000000000000000000, -0.000000000000000000 ) ) ;
#4153 = CARTESIAN_POINT ( 'NONE',  ( 558.9999999998080966, -3.174999999999999822, 87.90369769769773711 ) ) ;
#4154 = ORIENTED_EDGE ( 'NONE', *, *, #2818, .T. ) ;
#4155 = CIRCLE ( 'NONE', #9767, 10.00000000000000888 ) ;
#4156 = VERTEX_POINT ( 'NONE', #1488 ) ;
#4157 = DIRECTION ( 'NONE',  ( 0.000000000000000000, 0.000000000000000000, -1.000000000000000000 ) ) ;
#4158 = ORIENTED_EDGE ( 'NONE', *, *, #9053, .T. ) ;
#4159 = CYLINDRICAL_SURFACE ( 'NONE', #7980, 3.000000000000002665 ) ;
#4160 = CARTESIAN_POINT ( 'NONE',  ( -100.0000000000000142, -3.174999999999999822, -474.5963023023023197 ) ) ;
#4161 = CARTESIAN_POINT ( 'NONE',  ( -290.9999999999997726, -3.174999999999999822, 171.4036976976978508 ) ) ;
#4162 = VERTEX_POINT ( 'NONE', #6707 ) ;
#4163 = DIRECTION ( 'NONE',  ( 1.000000000000000000, 0.000000000000000000, -0.000000000000000000 ) ) ;
#4164 = LINE ( 'NONE', #4869, #4504 ) ;
#4165 = EDGE_CURVE ( 'NONE', #1321, #5037, #9113, .T. ) ;
#4166 = CARTESIAN_POINT ( 'NONE',  ( -257.9999999999997158, 0.000000000000000000, 132.9036976976976518 ) ) ;
#4167 = EDGE_CURVE ( 'NONE', #3665, #8258, #3319, .T. ) ;
#4168 = AXIS2_PLACEMENT_3D ( 'NONE', #8418, #7564, #8268 ) ;
#4169 = ORIENTED_EDGE ( 'NONE', *, *, #5777, .T. ) ;
#4170 = DIRECTION ( 'NONE',  ( 1.000000000000000000, 0.000000000000000000, -1.696813561850769255E-16 ) ) ;
#4171 = CARTESIAN_POINT ( 'NONE',  ( 264.7405943225547844, 0.000000000000000000, -415.9707636219374649 ) ) ;
#4172 = DIRECTION ( 'NONE',  ( 0.000000000000000000, 0.000000000000000000, 1.000000000000000000 ) ) ;
#4173 = DIRECTION ( 'NONE',  ( 0.000000000000000000, -1.000000000000000000, 0.000000000000000000 ) ) ;
#4174 = ORIENTED_EDGE ( 'NONE', *, *, #877, .T. ) ;
#4175 = CIRCLE ( 'NONE', #4818, 3.000000000000002665 ) ;
#4176 = EDGE_CURVE ( 'NONE', #7707, #3514, #3797, .T. ) ;
#4177 = DIRECTION ( 'NONE',  ( 0.000000000000000000, -1.000000000000000000, 0.000000000000000000 ) ) ;
#4178 = EDGE_CURVE ( 'NONE', #7993, #2323, #4344, .T. ) ;
#4179 = FACE_OUTER_BOUND ( 'NONE', #294, .T. ) ;
#4180 = ORIENTED_EDGE ( 'NONE', *, *, #944, .T. ) ;
#4181 = AXIS2_PLACEMENT_3D ( 'NONE', #9090, #2310, #3917 ) ;
#4182 = EDGE_LOOP ( 'NONE', ( #2911, #9805, #8835, #6890 ) ) ;
#4183 = LINE ( 'NONE', #5545, #750 ) ;
#4184 = CARTESIAN_POINT ( 'NONE',  ( 463.4817609278922532, 0.000000000000000000, -379.0294582579990106 ) ) ;
#4185 = ADVANCED_FACE ( 'NONE', ( #6657 ), #5944, .F. ) ;
#4186 = DIRECTION ( 'NONE',  ( -0.000000000000000000, -1.000000000000000000, -0.000000000000000000 ) ) ;
#4187 = LINE ( 'NONE', #4795, #7000 ) ;
#4188 = EDGE_CURVE ( 'NONE', #1848, #881, #2237, .T. ) ;
#4189 = ORIENTED_EDGE ( 'NONE', *, *, #4781, .F. ) ;
#4190 = CARTESIAN_POINT ( 'NONE',  ( 70.99999999999991473, 0.000000000000000000, -471.5963023023023766 ) ) ;
#4191 = ORIENTED_EDGE ( 'NONE', *, *, #7729, .T. ) ;
#4192 = CIRCLE ( 'NONE', #7702, 10.00000000000000888 ) ;
#4193 = EDGE_CURVE ( 'NONE', #6277, #7903, #5192, .T. ) ;
#4194 = EDGE_CURVE ( 'NONE', #8816, #6059, #8924, .T. ) ;
#4195 = EDGE_CURVE ( 'NONE', #3356, #9836, #646, .T. ) ;
#4196 = VERTEX_POINT ( 'NONE', #2184 ) ;
#4197 = LINE ( 'NONE', #6607, #3932 ) ;
#4198 = ORIENTED_EDGE ( 'NONE', *, *, #1052, .F. ) ;
#4199 = CARTESIAN_POINT ( 'NONE',  ( -519.4999999998082103, 0.000000000000000000, 129.9036976976976803 ) ) ;
#4200 = DIRECTION ( 'NONE',  ( -0.000000000000000000, -1.000000000000000000, 0.000000000000000000 ) ) ;
#4201 = LINE ( 'NONE', #7254, #5557 ) ;
#4202 = DIRECTION ( 'NONE',  ( 0.1971135719790661489, 0.000000000000000000, 0.9803806606322126305 ) ) ;
#4203 = ORIENTED_EDGE ( 'NONE', *, *, #7023, .F. ) ;
#4204 = ORIENTED_EDGE ( 'NONE', *, *, #5965, .T. ) ;
#4205 = CARTESIAN_POINT ( 'NONE',  ( -153.5995066845798078, -3.174999999999999822, -474.5963023023023197 ) ) ;
#4206 = ORIENTED_EDGE ( 'NONE', *, *, #2209, .F. ) ;
#4207 = CARTESIAN_POINT ( 'NONE',  ( 488.4999999998082103, 0.000000000000000000, 129.9456578061478922 ) ) ;
#4208 = DIRECTION ( 'NONE',  ( 0.1971135719790633178, 0.000000000000000000, 0.9803806606322130746 ) ) ;
#4209 = CIRCLE ( 'NONE', #3724, 3.000000000000002665 ) ;
#4210 = LINE ( 'NONE', #415, #2888 ) ;
#4211 = ORIENTED_EDGE ( 'NONE', *, *, #2999, .F. ) ;
#4212 = ORIENTED_EDGE ( 'NONE', *, *, #6902, .T. ) ;
#4213 = EDGE_CURVE ( 'NONE', #669, #6752, #8915, .T. ) ;
#4214 = DIRECTION ( 'NONE',  ( 0.000000000000000000, 0.000000000000000000, 1.000000000000000000 ) ) ;
#4215 = DIRECTION ( 'NONE',  ( 0.000000000000000000, 0.000000000000000000, 1.000000000000000000 ) ) ;
#4216 = ORIENTED_EDGE ( 'NONE', *, *, #1227, .T. ) ;
#4217 = EDGE_CURVE ( 'NONE', #6206, #9396, #9729, .T. ) ;
#4218 = FACE_OUTER_BOUND ( 'NONE', #6972, .T. ) ;
#4219 = DIRECTION ( 'NONE',  ( 0.000000000000000000, -1.000000000000000000, 0.000000000000000000 ) ) ;
#4220 = EDGE_CURVE ( 'NONE', #9158, #4136, #3591, .T. ) ;
#4221 = CARTESIAN_POINT ( 'NONE',  ( -262.8727124800543038, 0.000000000000000000, -419.3635526549390988 ) ) ;
#4222 = ORIENTED_EDGE ( 'NONE', *, *, #7729, .F. ) ;
#4223 = CIRCLE ( 'NONE', #9034, 3.000000000000002665 ) ;
#4224 = DIRECTION ( 'NONE',  ( 0.000000000000000000, 0.000000000000000000, -1.000000000000000000 ) ) ;
#4225 = DIRECTION ( 'NONE',  ( 0.000000000000000000, 0.000000000000000000, 1.000000000000000000 ) ) ;
#4226 = EDGE_LOOP ( 'NONE', ( #8217, #9482, #9515, #6427 ) ) ;
#4227 = ORIENTED_EDGE ( 'NONE', *, *, #1472, .F. ) ;
#4228 = DIRECTION ( 'NONE',  ( -0.000000000000000000, -1.000000000000000000, -0.000000000000000000 ) ) ;
#4229 = FACE_OUTER_BOUND ( 'NONE', #4284, .T. ) ;
#4230 = EDGE_CURVE ( 'NONE', #6273, #4271, #6681, .T. ) ;
#4231 = DIRECTION ( 'NONE',  ( -0.000000000000000000, 1.000000000000000000, -0.000000000000000000 ) ) ;
#4232 = DIRECTION ( 'NONE',  ( -0.000000000000000000, 1.000000000000000000, -0.000000000000000000 ) ) ;
#4233 = EDGE_LOOP ( 'NONE', ( #853, #4709, #7266, #4636 ) ) ;
#4234 = CARTESIAN_POINT ( 'NONE',  ( -557.5485770882340830, -3.174999999999999822, -362.3768998705955937 ) ) ;
#4235 = EDGE_LOOP ( 'NONE', ( #1935, #5080, #6193, #5679 ) ) ;
#4236 = EDGE_CURVE ( 'NONE', #40, #4106, #6486, .T. ) ;
#4237 = VECTOR ( 'NONE', #4224, 1000.000000000000000 ) ;
#4238 = AXIS2_PLACEMENT_3D ( 'NONE', #3844, #3795, #3999 ) ;
#4239 = CIRCLE ( 'NONE', #7595, 3.000000000000002665 ) ;
#4240 = ORIENTED_EDGE ( 'NONE', *, *, #8556, .F. ) ;
#4241 = EDGE_CURVE ( 'NONE', #1657, #6862, #9202, .T. ) ;
#4242 = CARTESIAN_POINT ( 'NONE',  ( -237.3828153036167237, -3.174999999999999822, -424.4885055263947038 ) ) ;
#4243 = EDGE_LOOP ( 'NONE', ( #3896, #9253 ) ) ;
#4244 = LINE ( 'NONE', #1099, #1961 ) ;
#4245 = LINE ( 'NONE', #8056, #1126 ) ;
#4246 = CARTESIAN_POINT ( 'NONE',  ( -503.3220448643284044, -3.174999999999999822, -410.2296670491438135 ) ) ;
#4247 = DIRECTION ( 'NONE',  ( -0.000000000000000000, 1.000000000000000000, -0.000000000000000000 ) ) ;
#4248 = EDGE_LOOP ( 'NONE', ( #3276, #2057, #261, #9352 ) ) ;
#4249 = AXIS2_PLACEMENT_3D ( 'NONE', #4750, #7811, #7955 ) ;
#4250 = ORIENTED_EDGE ( 'NONE', *, *, #6805, .F. ) ;
#4251 = CARTESIAN_POINT ( 'NONE',  ( -169.5000000000000000, -3.174999999999999822, -417.0963023023023197 ) ) ;
#4252 = EDGE_LOOP ( 'NONE', ( #3022, #9245, #3726, #2084 ) ) ;
#4253 = VECTOR ( 'NONE', #8533, 1000.000000000000000 ) ;
#4254 = DIRECTION ( 'NONE',  ( -0.000000000000000000, -1.000000000000000000, -0.000000000000000000 ) ) ;
#4255 = PLANE ( 'NONE',  #3673 ) ;
#4256 = EDGE_CURVE ( 'NONE', #5508, #3378, #5347, .T. ) ;
#4257 = ORIENTED_EDGE ( 'NONE', *, *, #3080, .T. ) ;
#4258 = CARTESIAN_POINT ( 'NONE',  ( -277.7132895703687723, -3.174999999999999822, -455.5901575315501759 ) ) ;
#4259 = ORIENTED_EDGE ( 'NONE', *, *, #3565, .T. ) ;
#4260 = ORIENTED_EDGE ( 'NONE', *, *, #7848, .T. ) ;
#4261 = CIRCLE ( 'NONE', #8758, 3.000000000000002665 ) ;
#4262 = DIRECTION ( 'NONE',  ( -0.1971135719790633178, -0.000000000000000000, 0.9803806606322130746 ) ) ;
#4263 = DIRECTION ( 'NONE',  ( -0.000000000000000000, 1.000000000000000000, -0.000000000000000000 ) ) ;
#4264 = EDGE_LOOP ( 'NONE', ( #6690, #8580, #3852, #5544 ) ) ;
#4265 = CARTESIAN_POINT ( 'NONE',  ( -594.4999999998082103, -3.174999999999999822, 89.90369769769773711 ) ) ;
#4266 = CIRCLE ( 'NONE', #9887, 3.000000000000002665 ) ;
#4267 = AXIS2_PLACEMENT_3D ( 'NONE', #259, #6363, #2296 ) ;
#4268 = CARTESIAN_POINT ( 'NONE',  ( -221.4321775711113389, 0.000000000000000000, -456.7658529379522179 ) ) ;
#4269 = ADVANCED_FACE ( 'NONE', ( #8507 ), #7858, .F. ) ;
#4270 = DIRECTION ( 'NONE',  ( -0.003233228736867350874, 0.000000000000000000, 0.9999947731023073327 ) ) ;
#4271 = VERTEX_POINT ( 'NONE', #47 ) ;
#4272 = DIRECTION ( 'NONE',  ( 0.000000000000000000, 0.000000000000000000, 1.000000000000000000 ) ) ;
#4273 = LINE ( 'NONE', #430, #170 ) ;
#4274 = AXIS2_PLACEMENT_3D ( 'NONE', #1327, #8954, #2125 ) ;
#4275 = DIRECTION ( 'NONE',  ( 0.000000000000000000, 0.000000000000000000, 1.000000000000000000 ) ) ;
#4276 = ORIENTED_EDGE ( 'NONE', *, *, #9854, .F. ) ;
#4277 = ORIENTED_EDGE ( 'NONE', *, *, #1176, .F. ) ;
#4278 = CARTESIAN_POINT ( 'NONE',  ( -594.4999999998082103, 0.000000000000000000, -315.5963023023023197 ) ) ;
#4279 = CARTESIAN_POINT ( 'NONE',  ( 221.4321775711112821, 6.825000000000000178, -466.7658529379523316 ) ) ;
#4280 = VECTOR ( 'NONE', #872, 1000.000000000000000 ) ;
#4281 = DIRECTION ( 'NONE',  ( 0.000000000000000000, -1.000000000000000000, 0.000000000000000000 ) ) ;
#4282 = CARTESIAN_POINT ( 'NONE',  ( -490.4422290952782078, 0.000000000000000000, -370.6088350285746174 ) ) ;
#4283 = EDGE_CURVE ( 'NONE', #8606, #5149, #6643, .T. ) ;
#4284 = EDGE_LOOP ( 'NONE', ( #6100, #1559, #6212, #6267 ) ) ;
#4285 = CARTESIAN_POINT ( 'NONE',  ( 282.9999999999997726, 0.000000000000000000, 171.4036976976977371 ) ) ;
#4286 = ORIENTED_EDGE ( 'NONE', *, *, #9167, .F. ) ;
#4287 = VECTOR ( 'NONE', #848, 1000.000000000000000 ) ;
#4288 = ADVANCED_FACE ( 'NONE', ( #939 ), #6997, .F. ) ;
#4289 = ADVANCED_FACE ( 'NONE', ( #5493 ), #6199, .F. ) ;
#4290 = VERTEX_POINT ( 'NONE', #7053 ) ;
#4291 = CARTESIAN_POINT ( 'NONE',  ( -475.3811960363102003, -3.174999999999999822, -412.8474038505471526 ) ) ;
#4292 = EDGE_LOOP ( 'NONE', ( #712, #1535, #9233, #1982 ) ) ;
#4293 = CARTESIAN_POINT ( 'NONE',  ( 490.9999999998082103, -3.174999999999999822, 132.9036976976976803 ) ) ;
#4294 = CARTESIAN_POINT ( 'NONE',  ( -558.9999999998083240, 0.000000000000000000, -312.5963023023023197 ) ) ;
#4295 = DIRECTION ( 'NONE',  ( 0.000000000000000000, 0.000000000000000000, -1.000000000000000000 ) ) ;
#4296 = CARTESIAN_POINT ( 'NONE',  ( 264.8334738013186325, 0.000000000000000000, -415.9693255109810366 ) ) ;
#4297 = ORIENTED_EDGE ( 'NONE', *, *, #8241, .F. ) ;
#4298 = ADVANCED_FACE ( 'NONE', ( #9266 ), #7644, .F. ) ;
#4299 = VERTEX_POINT ( 'NONE', #149 ) ;
#4300 = DIRECTION ( 'NONE',  ( 0.000000000000000000, -1.000000000000000000, 0.000000000000000000 ) ) ;
#4301 = ORIENTED_EDGE ( 'NONE', *, *, #6902, .F. ) ;
#4302 = VECTOR ( 'NONE', #821, 1000.000000000000000 ) ;
#4303 = CARTESIAN_POINT ( 'NONE',  ( 558.9999999998080966, 0.000000000000000000, 89.90369769769773711 ) ) ;
#4304 = LINE ( 'NONE', #9732, #4466 ) ;
#4305 = AXIS2_PLACEMENT_3D ( 'NONE', #3654, #4448, #1999 ) ;
#4306 = ORIENTED_EDGE ( 'NONE', *, *, #7504, .T. ) ;
#4307 = CYLINDRICAL_SURFACE ( 'NONE', #6887, 3.000000000000002665 ) ;
#4308 = ORIENTED_EDGE ( 'NONE', *, *, #544, .F. ) ;
#4309 = ORIENTED_EDGE ( 'NONE', *, *, #6196, .T. ) ;
#4310 = AXIS2_PLACEMENT_3D ( 'NONE', #6035, #5434, #7489 ) ;
#4311 = DIRECTION ( 'NONE',  ( 0.000000000000000000, -1.000000000000000000, 0.000000000000000000 ) ) ;
#4312 = AXIS2_PLACEMENT_3D ( 'NONE', #4343, #8107, #5943 ) ;
#4313 = CARTESIAN_POINT ( 'NONE',  ( 594.4999999998082103, 0.000000000000000000, 120.9036976976977371 ) ) ;
#4314 = EDGE_CURVE ( 'NONE', #1308, #6508, #2154, .T. ) ;
#4315 = ORIENTED_EDGE ( 'NONE', *, *, #9503, .F. ) ;
#4316 = DIRECTION ( 'NONE',  ( 0.000000000000000000, 0.000000000000000000, 1.000000000000000000 ) ) ;
#4317 = EDGE_CURVE ( 'NONE', #7904, #2701, #729, .T. ) ;
#4318 = AXIS2_PLACEMENT_3D ( 'NONE', #4742, #4844, #200 ) ;
#4319 = DIRECTION ( 'NONE',  ( -0.000000000000000000, 1.000000000000000000, -0.000000000000000000 ) ) ;
#4320 = EDGE_LOOP ( 'NONE', ( #7917, #2685 ) ) ;
#4321 = CARTESIAN_POINT ( 'NONE',  ( -475.3811960363102003, -3.174999999999999822, -415.8474038505471526 ) ) ;
#4323 = DIRECTION ( 'NONE',  ( 0.000000000000000000, 0.000000000000000000, -1.000000000000000000 ) ) ;
#4322 = VECTOR ( 'NONE', #664, 1000.000000000000000 ) ;
#4324 = LINE ( 'NONE', #3623, #6941 ) ;
#4325 = CIRCLE ( 'NONE', #3530, 3.000000000000002665 ) ;
#4326 = ORIENTED_EDGE ( 'NONE', *, *, #8480, .T. ) ;
#4327 = VERTEX_POINT ( 'NONE', #6144 ) ;
#4328 = AXIS2_PLACEMENT_3D ( 'NONE', #6603, #8048, #2737 ) ;
#4329 = CARTESIAN_POINT ( 'NONE',  ( -577.4999999998082103, 0.000000000000000000, 84.90369769769773711 ) ) ;
#4330 = LINE ( 'NONE', #2027, #8492 ) ;
#4331 = DIRECTION ( 'NONE',  ( 0.000000000000000000, 0.000000000000000000, 1.000000000000000000 ) ) ;
#4332 = CARTESIAN_POINT ( 'NONE',  ( -262.2813717641170683, 0.000000000000000000, -416.4224106730424069 ) ) ;
#4333 = ORIENTED_EDGE ( 'NONE', *, *, #5937, .T. ) ;
#4334 = CARTESIAN_POINT ( 'NONE',  ( 99.99999999999991473, -3.174999999999999822, -436.0963023023023766 ) ) ;
#4335 = ORIENTED_EDGE ( 'NONE', *, *, #9408, .F. ) ;
#4336 = EDGE_CURVE ( 'NONE', #7075, #5421, #4084, .T. ) ;
#4337 = AXIS2_PLACEMENT_3D ( 'NONE', #3170, #8382, #6023 ) ;
#4338 = ORIENTED_EDGE ( 'NONE', *, *, #8227, .T. ) ;
#4339 = DIRECTION ( 'NONE',  ( 0.000000000000000000, 0.000000000000000000, 1.000000000000000000 ) ) ;
#4340 = ORIENTED_EDGE ( 'NONE', *, *, #7257, .F. ) ;
#4341 = PLANE ( 'NONE',  #8860 ) ;
#4342 = EDGE_CURVE ( 'NONE', #1248, #3220, #1743, .T. ) ;
#4343 = CARTESIAN_POINT ( 'NONE',  ( -577.4999999998082103, 6.825000000000000178, -124.3463023023022629 ) ) ;
#4344 = LINE ( 'NONE', #8157, #5071 ) ;
#4345 = DIRECTION ( 'NONE',  ( 2.109170134115681738E-16, 0.000000000000000000, 1.000000000000000000 ) ) ;
#4346 = VERTEX_POINT ( 'NONE', #6303 ) ;
#4347 = DIRECTION ( 'NONE',  ( 0.000000000000000000, -1.000000000000000000, 0.000000000000000000 ) ) ;
#4348 = AXIS2_PLACEMENT_3D ( 'NONE', #8026, #7926, #9591 ) ;
#4349 = LINE ( 'NONE', #5950, #4439 ) ;
#4350 = ORIENTED_EDGE ( 'NONE', *, *, #8076, .F. ) ;
#4351 = DIRECTION ( 'NONE',  ( 0.000000000000000000, 1.000000000000000000, 0.000000000000000000 ) ) ;
#4352 = PLANE ( 'NONE',  #4305 ) ;
#4353 = DIRECTION ( 'NONE',  ( 0.000000000000000000, -1.000000000000000000, 0.000000000000000000 ) ) ;
#4354 = VERTEX_POINT ( 'NONE', #6945 ) ;
#4355 = EDGE_CURVE ( 'NONE', #7393, #9098, #2490, .T. ) ;
#4356 = DIRECTION ( 'NONE',  ( 0.000000000000000000, -1.000000000000000000, 0.000000000000000000 ) ) ;
#4357 = ORIENTED_EDGE ( 'NONE', *, *, #3798, .F. ) ;
#4358 = ORIENTED_EDGE ( 'NONE', *, *, #5524, .F. ) ;
#4359 = CARTESIAN_POINT ( 'NONE',  ( -242.4195857876090372, 0.000000000000000000, -459.6862461227964332 ) ) ;
#4360 = DIRECTION ( 'NONE',  ( 0.000000000000000000, 0.000000000000000000, -1.000000000000000000 ) ) ;
#4361 = VECTOR ( 'NONE', #1648, 1000.000000000000000 ) ;
#4362 = ORIENTED_EDGE ( 'NONE', *, *, #206, .T. ) ;
#4363 = DIRECTION ( 'NONE',  ( 0.000000000000000000, -1.000000000000000000, 0.000000000000000000 ) ) ;
#4364 = EDGE_CURVE ( 'NONE', #9396, #7371, #9206, .T. ) ;
#4365 = CARTESIAN_POINT ( 'NONE',  ( -260.9999999999997158, 0.000000000000000000, 132.9036976976976803 ) ) ;
#4366 = ORIENTED_EDGE ( 'NONE', *, *, #5769, .F. ) ;
#4367 = CARTESIAN_POINT ( 'NONE',  ( -577.4999999998082103, 0.000000000000000000, -279.5963023023023197 ) ) ;
#4368 = CARTESIAN_POINT ( 'NONE',  ( -475.3811960363102003, 0.000000000000000000, -412.8474038505471526 ) ) ;
#4369 = DIRECTION ( 'NONE',  ( 0.000000000000000000, 0.000000000000000000, 1.000000000000000000 ) ) ;
#4370 = ORIENTED_EDGE ( 'NONE', *, *, #9639, .T. ) ;
#4371 = EDGE_LOOP ( 'NONE', ( #4057, #920, #8706, #3115 ) ) ;
#4372 = DIRECTION ( 'NONE',  ( -0.000000000000000000, 1.000000000000000000, -0.000000000000000000 ) ) ;
#4373 = CARTESIAN_POINT ( 'NONE',  ( 262.8727124800540764, 0.000000000000000000, -419.3635526549392694 ) ) ;
#4374 = AXIS2_PLACEMENT_3D ( 'NONE', #9460, #4134, #2584 ) ;
#4375 = LINE ( 'NONE', #2931, #9861 ) ;
#4376 = DIRECTION ( 'NONE',  ( 0.000000000000000000, 0.000000000000000000, 1.000000000000000000 ) ) ;
#4377 = EDGE_CURVE ( 'NONE', #7169, #6862, #5394, .T. ) ;
#4378 = ORIENTED_EDGE ( 'NONE', *, *, #1712, .F. ) ;
#4379 = CARTESIAN_POINT ( 'NONE',  ( 285.9999999999997726, 0.000000000000000000, 129.9036976976976803 ) ) ;
#4380 = VERTEX_POINT ( 'NONE', #94 ) ;
#4381 = VERTEX_POINT ( 'NONE', #3139 ) ;
#4382 = DIRECTION ( 'NONE',  ( 0.000000000000000000, -1.000000000000000000, 0.000000000000000000 ) ) ;
#4383 = ORIENTED_EDGE ( 'NONE', *, *, #4650, .T. ) ;
#4384 = CARTESIAN_POINT ( 'NONE',  ( 555.9999999998080966, -3.174999999999999822, -307.5963023023024334 ) ) ;
#4385 = DIRECTION ( 'NONE',  ( 0.000000000000000000, 0.000000000000000000, 1.000000000000000000 ) ) ;
#4386 = EDGE_CURVE ( 'NONE', #6577, #4877, #4693, .T. ) ;
#4387 = DIRECTION ( 'NONE',  ( -0.000000000000000000, 1.000000000000000000, -0.000000000000000000 ) ) ;
#4388 = CARTESIAN_POINT ( 'NONE',  ( 464.5970087693556820, -3.174999999999999822, -415.0156531423169213 ) ) ;
#4389 = ORIENTED_EDGE ( 'NONE', *, *, #2500, .F. ) ;
#4390 = EDGE_CURVE ( 'NONE', #6221, #7779, #1049, .T. ) ;
#4391 = VECTOR ( 'NONE', #7901, 1000.000000000000000 ) ;
#4392 = ORIENTED_EDGE ( 'NONE', *, *, #5777, .F. ) ;
#4394 = LINE ( 'NONE', #2139, #9743 ) ;
#4393 = AXIS2_PLACEMENT_3D ( 'NONE', #9876, #3748, #2995 ) ;
#4395 = ORIENTED_EDGE ( 'NONE', *, *, #8440, .F. ) ;
#4396 = DIRECTION ( 'NONE',  ( 0.000000000000000000, 0.000000000000000000, -1.000000000000000000 ) ) ;
#4397 = LINE ( 'NONE', #9784, #5760 ) ;
#4398 = AXIS2_PLACEMENT_3D ( 'NONE', #8495, #3078, #9306 ) ;
#4399 = DIRECTION ( 'NONE',  ( 0.000000000000000000, 0.000000000000000000, -1.000000000000000000 ) ) ;
#4400 = ORIENTED_EDGE ( 'NONE', *, *, #2590, .T. ) ;
#4401 = DIRECTION ( 'NONE',  ( 0.000000000000000000, -1.000000000000000000, 0.000000000000000000 ) ) ;
#4402 = ORIENTED_EDGE ( 'NONE', *, *, #8601, .F. ) ;
#4403 = EDGE_CURVE ( 'NONE', #2870, #9502, #9696, .T. ) ;
#4404 = ORIENTED_EDGE ( 'NONE', *, *, #6160, .T. ) ;
#4405 = CYLINDRICAL_SURFACE ( 'NONE', #2753, 2.749999999999974687 ) ;
#4406 = CARTESIAN_POINT ( 'NONE',  ( 401.9999999999998295, -3.174999999999999822, -369.5963023023019787 ) ) ;
#4407 = AXIS2_PLACEMENT_3D ( 'NONE', #4945, #5801, #8761 ) ;
#4408 = EDGE_CURVE ( 'NONE', #3132, #720, #5740, .T. ) ;
#4409 = EDGE_CURVE ( 'NONE', #6648, #6689, #7435, .T. ) ;
#4410 = ORIENTED_EDGE ( 'NONE', *, *, #5462, .T. ) ;
#4411 = PLANE ( 'NONE',  #9232 ) ;
#4412 = CARTESIAN_POINT ( 'NONE',  ( -462.5013802672601742, 0.000000000000000000, -376.2265718299779564 ) ) ;
#4413 = ORIENTED_EDGE ( 'NONE', *, *, #246, .F. ) ;
#4414 = VECTOR ( 'NONE', #4777, 1000.000000000000000 ) ;
#4415 = CARTESIAN_POINT ( 'NONE',  ( 577.4999999998079829, 6.825000000000000178, -70.34630230230182235 ) ) ;
#4416 = DIRECTION ( 'NONE',  ( -0.000000000000000000, 1.000000000000000000, -0.000000000000000000 ) ) ;
#4417 = PLANE ( 'NONE',  #2553 ) ;
#4418 = ORIENTED_EDGE ( 'NONE', *, *, #7974, .F. ) ;
#4419 = VECTOR ( 'NONE', #6265, 1000.000000000000000 ) ;
#4420 = EDGE_CURVE ( 'NONE', #8220, #6103, #412, .T. ) ;
#4421 = EDGE_LOOP ( 'NONE', ( #4085, #4413, #6861, #3946 ) ) ;
#4422 = FACE_BOUND ( 'NONE', #4243, .T. ) ;
#4423 = DIRECTION ( 'NONE',  ( -0.000000000000000000, 1.000000000000000000, -0.000000000000000000 ) ) ;
#4424 = LINE ( 'NONE', #6790, #7442 ) ;
#4425 = DIRECTION ( 'NONE',  ( -0.000000000000000000, 1.000000000000000000, -0.000000000000000000 ) ) ;
#4426 = VECTOR ( 'NONE', #1846, 1000.000000000000227 ) ;
#4427 = ORIENTED_EDGE ( 'NONE', *, *, #1644, .F. ) ;
#4428 = DIRECTION ( 'NONE',  ( 0.000000000000000000, 1.000000000000000000, 0.000000000000000000 ) ) ;
#4429 = ORIENTED_EDGE ( 'NONE', *, *, #17, .F. ) ;
#4430 = ADVANCED_FACE ( 'NONE', ( #7243 ), #9613, .T. ) ;
#4431 = CIRCLE ( 'NONE', #2525, 3.000000000000002665 ) ;
#4432 = DIRECTION ( 'NONE',  ( -0.000000000000000000, 1.000000000000000000, -0.000000000000000000 ) ) ;
#4433 = ORIENTED_EDGE ( 'NONE', *, *, #8067, .T. ) ;
#4434 = CARTESIAN_POINT ( 'NONE',  ( 558.9999999998080966, -3.174999999999999822, 86.90369769769773711 ) ) ;
#4435 = FILL_AREA_STYLE_COLOUR ( '', #7526 ) ;
#4436 = CARTESIAN_POINT ( 'NONE',  ( -237.3828153036167237, 0.000000000000000000, -424.4885055263947038 ) ) ;
#4437 = CARTESIAN_POINT ( 'NONE',  ( 558.9999999998080966, 0.000000000000000000, -307.5963023023024334 ) ) ;
#4438 = ORIENTED_EDGE ( 'NONE', *, *, #8255, .F. ) ;
#4439 = VECTOR ( 'NONE', #598, 1000.000000000000000 ) ;
#4440 = VECTOR ( 'NONE', #4127, 1000.000000000000227 ) ;
#4441 = DIRECTION ( 'NONE',  ( 0.000000000000000000, 1.000000000000000000, 0.000000000000000000 ) ) ;
#4442 = CIRCLE ( 'NONE', #2373, 3.000000000000002665 ) ;
#4443 = VERTEX_POINT ( 'NONE', #1790 ) ;
#4444 = LINE ( 'NONE', #6903, #2156 ) ;
#4445 = VERTEX_POINT ( 'NONE', #1880 ) ;
#4446 = EDGE_CURVE ( 'NONE', #3887, #2187, #3438, .T. ) ;
#4447 = DIRECTION ( 'NONE',  ( 0.000000000000000000, 0.000000000000000000, 1.000000000000000000 ) ) ;
#4448 = DIRECTION ( 'NONE',  ( -1.000000000000000000, 0.000000000000000000, 0.000000000000000000 ) ) ;
#4449 = VECTOR ( 'NONE', #4775, 1000.000000000000000 ) ;
#4450 = CARTESIAN_POINT ( 'NONE',  ( -250.2626310726667214, -3.174999999999999822, -458.1093375469639568 ) ) ;
#4451 = CARTESIAN_POINT ( 'NONE',  ( -587.4999999998082103, -3.174999999999999822, -337.3768998705954800 ) ) ;
#4452 = ORIENTED_EDGE ( 'NONE', *, *, #1697, .F. ) ;
#4453 = DIRECTION ( 'NONE',  ( 0.000000000000000000, 0.000000000000000000, -1.000000000000000000 ) ) ;
#4454 = ORIENTED_EDGE ( 'NONE', *, *, #8940, .F. ) ;
#4455 = VERTEX_POINT ( 'NONE', #4845 ) ;
#4456 = CARTESIAN_POINT ( 'NONE',  ( -169.5000000000000000, 6.825000000000000178, -420.3463023023023766 ) ) ;
#4457 = AXIS2_PLACEMENT_3D ( 'NONE', #574, #8850, #8995 ) ;
#4458 = ORIENTED_EDGE ( 'NONE', *, *, #4589, .T. ) ;
#4459 = DIRECTION ( 'NONE',  ( 0.000000000000000000, 0.000000000000000000, 1.000000000000000000 ) ) ;
#4460 = AXIS2_PLACEMENT_3D ( 'NONE', #5974, #8994, #676 ) ;
#4461 = DIRECTION ( 'NONE',  ( -0.000000000000000000, 1.000000000000000000, -0.000000000000000000 ) ) ;
#4462 = AXIS2_PLACEMENT_3D ( 'NONE', #7090, #3281, #4683 ) ;
#4463 = ORIENTED_EDGE ( 'NONE', *, *, #4958, .F. ) ;
#4464 = EDGE_CURVE ( 'NONE', #1609, #6961, #4555, .T. ) ;
#4465 = DIRECTION ( 'NONE',  ( -0.000000000000000000, -1.000000000000000000, 0.000000000000000000 ) ) ;
#4466 = VECTOR ( 'NONE', #553, 1000.000000000000000 ) ;
#4467 = EDGE_CURVE ( 'NONE', #2120, #7565, #6649, .T. ) ;
#4468 = CARTESIAN_POINT ( 'NONE',  ( -66.00000000000001421, -3.174999999999999822, -433.0963023023023766 ) ) ;
#4469 = LINE ( 'NONE', #1471, #159 ) ;
#4470 = ORIENTED_EDGE ( 'NONE', *, *, #3759, .T. ) ;
#4471 = ORIENTED_EDGE ( 'NONE', *, *, #3458, .T. ) ;
#4472 = VECTOR ( 'NONE', #3498, 1000.000000000000000 ) ;
#4473 = FACE_BOUND ( 'NONE', #4083, .T. ) ;
#4474 = DIRECTION ( 'NONE',  ( 0.000000000000000000, -1.000000000000000000, 0.000000000000000000 ) ) ;
#4475 = DIRECTION ( 'NONE',  ( 0.000000000000000000, 0.000000000000000000, 1.000000000000000000 ) ) ;
#4476 = CARTESIAN_POINT ( 'NONE',  ( 347.9999999999997726, 6.825000000000000178, -369.5963023023020355 ) ) ;
#4477 = ADVANCED_FACE ( 'NONE', ( #8806 ), #4990, .F. ) ;
#4478 = CYLINDRICAL_SURFACE ( 'NONE', #2251, 3.000000000000002665 ) ;
#4479 = EDGE_CURVE ( 'NONE', #7200, #3296, #6401, .T. ) ;
#4480 = AXIS2_PLACEMENT_3D ( 'NONE', #9365, #2488, #9507 ) ;
#4481 = ORIENTED_EDGE ( 'NONE', *, *, #9196, .T. ) ;
#4482 = AXIS2_PLACEMENT_3D ( 'NONE', #3733, #7394, #6792 ) ;
#4483 = DIRECTION ( 'NONE',  ( 0.9803806606322130746, 0.000000000000000000, 0.1971135719790632346 ) ) ;
#4484 = ORIENTED_EDGE ( 'NONE', *, *, #346, .F. ) ;
#4485 = CARTESIAN_POINT ( 'NONE',  ( -556.0419601082584222, 0.000000000000000000, -282.0963023023023197 ) ) ;
#4486 = PLANE ( 'NONE',  #181 ) ;
#4487 = EDGE_CURVE ( 'NONE', #8225, #7712, #7198, .T. ) ;
#4488 = DIRECTION ( 'NONE',  ( 0.000000000000000000, 0.000000000000000000, 1.000000000000000000 ) ) ;
#4489 = DIRECTION ( 'NONE',  ( 1.000000000000000000, 0.000000000000000000, -1.696813561850769255E-16 ) ) ;
#4490 = ORIENTED_EDGE ( 'NONE', *, *, #2891, .T. ) ;
#4491 = VECTOR ( 'NONE', #5022, 1000.000000000000000 ) ;
#4492 = EDGE_CURVE ( 'NONE', #3007, #4974, #4723, .T. ) ;
#4493 = CARTESIAN_POINT ( 'NONE',  ( 401.9999999999994884, 0.000000000000000000, 109.1536976976980355 ) ) ;
#4494 = ORIENTED_EDGE ( 'NONE', *, *, #2609, .T. ) ;
#4495 = DIRECTION ( 'NONE',  ( 0.000000000000000000, 0.000000000000000000, 1.000000000000000000 ) ) ;
#4496 = ORIENTED_EDGE ( 'NONE', *, *, #5205, .F. ) ;
#4497 = AXIS2_PLACEMENT_3D ( 'NONE', #1030, #6189, #6341 ) ;
#4498 = CIRCLE ( 'NONE', #7544, 3.000000000000002665 ) ;
#4499 = CARTESIAN_POINT ( 'NONE',  ( -587.4999999998082103, -3.174999999999999822, -337.3768998705954800 ) ) ;
#4500 = LINE ( 'NONE', #6906, #6247 ) ;
#4501 = CARTESIAN_POINT ( 'NONE',  ( -556.0419601082584222, -1.587499999999999467, -310.0963023023023197 ) ) ;
#4502 = DIRECTION ( 'NONE',  ( -0.000000000000000000, -1.000000000000000000, -0.000000000000000000 ) ) ;
#4503 = VERTEX_POINT ( 'NONE', #8753 ) ;
#4504 = VECTOR ( 'NONE', #5066, 1000.000000000000000 ) ;
#4505 = DIRECTION ( 'NONE',  ( 0.000000000000000000, -1.000000000000000000, 0.000000000000000000 ) ) ;
#4506 = ORIENTED_EDGE ( 'NONE', *, *, #38, .T. ) ;
#4507 = EDGE_CURVE ( 'NONE', #6715, #7860, #3486, .T. ) ;
#4508 = ORIENTED_EDGE ( 'NONE', *, *, #7228, .F. ) ;
#4509 = DIRECTION ( 'NONE',  ( 0.000000000000000000, 0.000000000000000000, 1.000000000000000000 ) ) ;
#4510 = VERTEX_POINT ( 'NONE', #249 ) ;
#4511 = LINE ( 'NONE', #7615, #7672 ) ;
#4512 = ADVANCED_FACE ( 'NONE', ( #3432 ), #7102, .F. ) ;
#4513 = ORIENTED_EDGE ( 'NONE', *, *, #3744, .T. ) ;
#4514 = DIRECTION ( 'NONE',  ( 0.000000000000000000, -1.000000000000000000, 0.000000000000000000 ) ) ;
#4515 = ADVANCED_FACE ( 'NONE', ( #6497 ), #9418, .F. ) ;
#4516 = LINE ( 'NONE', #817, #8340 ) ;
#4517 = ORIENTED_EDGE ( 'NONE', *, *, #7267, .T. ) ;
#4518 = CARTESIAN_POINT ( 'NONE',  ( 237.3828153036166384, 0.000000000000000000, -421.4885055263948175 ) ) ;
#4519 = CARTESIAN_POINT ( 'NONE',  ( 269.8702442853108323, 0.000000000000000000, -454.1670661073827659 ) ) ;
#4520 = CARTESIAN_POINT ( 'NONE',  ( -247.3214890907700578, -3.174999999999999822, -458.7006782629011923 ) ) ;
#4521 = EDGE_CURVE ( 'NONE', #422, #5141, #2591, .T. ) ;
#4522 = ORIENTED_EDGE ( 'NONE', *, *, #1069, .F. ) ;
#4523 = EDGE_CURVE ( 'NONE', #6640, #5074, #5085, .T. ) ;
#4524 = EDGE_LOOP ( 'NONE', ( #2626, #2838, #1085, #1276 ) ) ;
#4525 = DIRECTION ( 'NONE',  ( 0.000000000000000000, -1.000000000000000000, 0.000000000000000000 ) ) ;
#4526 = CARTESIAN_POINT ( 'NONE',  ( -534.6224504095174552, -3.174999999999999822, -403.9964997002882114 ) ) ;
#4527 = VECTOR ( 'NONE', #9818, 1000.000000000000000 ) ;
#4528 = DIRECTION ( 'NONE',  ( 0.000000000000000000, 0.000000000000000000, 1.000000000000000000 ) ) ;
#4529 = DIRECTION ( 'NONE',  ( -0.000000000000000000, 1.000000000000000000, -0.000000000000000000 ) ) ;
#4530 = CARTESIAN_POINT ( 'NONE',  ( -597.4999999998082103, 0.000000000000000000, 131.4036976976977655 ) ) ;
#4531 = EDGE_LOOP ( 'NONE', ( #8286, #9834, #4191, #3841 ) ) ;
#4532 = VERTEX_POINT ( 'NONE', #7437 ) ;
#4533 = EDGE_CURVE ( 'NONE', #8651, #7890, #8142, .T. ) ;
#4534 = CARTESIAN_POINT ( 'NONE',  ( -556.0419601082584222, -3.174999999999999822, 115.4036976976977229 ) ) ;
#4535 = CARTESIAN_POINT ( 'NONE',  ( -485.9999999998082103, -3.174999999999999822, 132.9036976976976803 ) ) ;
#4536 = LINE ( 'NONE', #5990, #7628 ) ;
#4537 = DIRECTION ( 'NONE',  ( -0.000000000000000000, -1.000000000000000000, -0.000000000000000000 ) ) ;
#4538 = ORIENTED_EDGE ( 'NONE', *, *, #756, .F. ) ;
#4539 = AXIS2_PLACEMENT_3D ( 'NONE', #8894, #7385, #8945 ) ;
#4540 = DIRECTION ( 'NONE',  ( 0.000000000000000000, 0.000000000000000000, 1.000000000000000000 ) ) ;
#4541 = EDGE_CURVE ( 'NONE', #5278, #704, #1522, .T. ) ;
#4542 = VERTEX_POINT ( 'NONE', #8194 ) ;
#4543 = LINE ( 'NONE', #7700, #7766 ) ;
#4544 = ORIENTED_EDGE ( 'NONE', *, *, #3201, .T. ) ;
#4545 = CARTESIAN_POINT ( 'NONE',  ( -558.9999999998083240, -3.174999999999999822, 87.90369769769773711 ) ) ;
#4546 = CARTESIAN_POINT ( 'NONE',  ( 558.9999999998080966, -3.174999999999999822, -310.5963023023024334 ) ) ;
#4547 = DIRECTION ( 'NONE',  ( 0.000000000000000000, -1.000000000000000000, 0.000000000000000000 ) ) ;
#4548 = DIRECTION ( 'NONE',  ( 0.000000000000000000, -1.000000000000000000, 0.000000000000000000 ) ) ;
#4549 = ORIENTED_EDGE ( 'NONE', *, *, #3476, .F. ) ;
#4550 = LINE ( 'NONE', #4603, #8979 ) ;
#4551 = ORIENTED_EDGE ( 'NONE', *, *, #4763, .F. ) ;
#4552 = ORIENTED_EDGE ( 'NONE', *, *, #5131, .F. ) ;
#4553 = DIRECTION ( 'NONE',  ( 0.000000000000000000, 0.000000000000000000, 1.000000000000000000 ) ) ;
#4554 = ORIENTED_EDGE ( 'NONE', *, *, #514, .F. ) ;
#4555 = CIRCLE ( 'NONE', #5995, 2.749999999999974687 ) ;
#4556 = DIRECTION ( 'NONE',  ( -0.000000000000000000, 1.000000000000000000, -0.000000000000000000 ) ) ;
#4557 = ORIENTED_EDGE ( 'NONE', *, *, #6097, .T. ) ;
#4558 = AXIS2_PLACEMENT_3D ( 'NONE', #6969, #8629, #8427 ) ;
#4559 = EDGE_CURVE ( 'NONE', #5788, #3660, #3765, .T. ) ;
#4560 = CARTESIAN_POINT ( 'NONE',  ( 534.6224504095173415, 0.000000000000000000, -403.9964997002883251 ) ) ;
#4561 = AXIS2_PLACEMENT_3D ( 'NONE', #4415, #2067, #8134 ) ;
#4562 = CARTESIAN_POINT ( 'NONE',  ( 552.4999999998077556, -3.174999999999999822, 161.4036976976976803 ) ) ;
#4563 = EDGE_LOOP ( 'NONE', ( #7275, #5617, #8426, #5562 ) ) ;
#4564 = FACE_OUTER_BOUND ( 'NONE', #8992, .T. ) ;
#4565 = CIRCLE ( 'NONE', #734, 3.000000000000002665 ) ;
#4566 = LINE ( 'NONE', #7577, #7663 ) ;
#4567 = DIRECTION ( 'NONE',  ( 0.9803806606322134076, -0.000000000000000000, 0.1971135719790620688 ) ) ;
#4568 = ORIENTED_EDGE ( 'NONE', *, *, #6068, .T. ) ;
#4569 = ORIENTED_EDGE ( 'NONE', *, *, #6274, .F. ) ;
#4570 = AXIS2_PLACEMENT_3D ( 'NONE', #6289, #4874, #9354 ) ;
#4571 = EDGE_CURVE ( 'NONE', #7247, #3222, #9380, .T. ) ;
#4572 = AXIS2_PLACEMENT_3D ( 'NONE', #2157, #6020, #1266 ) ;
#4573 = CARTESIAN_POINT ( 'NONE',  ( 288.9999999999997726, 0.000000000000000000, 132.9036976976976803 ) ) ;
#4574 = CYLINDRICAL_SURFACE ( 'NONE', #9744, 3.000000000000002665 ) ;
#4575 = DIRECTION ( 'NONE',  ( 0.000000000000000000, -1.000000000000000000, 0.000000000000000000 ) ) ;
#4576 = DIRECTION ( 'NONE',  ( -0.000000000000000000, 1.000000000000000000, -0.000000000000000000 ) ) ;
#4577 = CYLINDRICAL_SURFACE ( 'NONE', #6330, 3.000000000000002665 ) ;
#4578 = CIRCLE ( 'NONE', #906, 3.000000000000002665 ) ;
#4579 = AXIS2_PLACEMENT_3D ( 'NONE', #9278, #4652, #803 ) ;
#4580 = VERTEX_POINT ( 'NONE', #3684 ) ;
#4581 = EDGE_LOOP ( 'NONE', ( #2804, #9010, #3101, #7871 ) ) ;
#4582 = VERTEX_POINT ( 'NONE', #489 ) ;
#4583 = CARTESIAN_POINT ( 'NONE',  ( 250.2626310726666077, -3.174999999999999822, -458.1093375469640137 ) ) ;
#4584 = FACE_OUTER_BOUND ( 'NONE', #4182, .T. ) ;
#4585 = DIRECTION ( 'NONE',  ( 1.000000000000000000, 0.000000000000000000, -0.000000000000000000 ) ) ;
#4586 = LINE ( 'NONE', #6998, #7626 ) ;
#4587 = CIRCLE ( 'NONE', #8763, 2.749999999999974687 ) ;
#4588 = EDGE_LOOP ( 'NONE', ( #2234, #4259, #941, #1268 ) ) ;
#4589 = EDGE_CURVE ( 'NONE', #4946, #3406, #5842, .T. ) ;
#4590 = EDGE_CURVE ( 'NONE', #7747, #1848, #2172, .T. ) ;
#4591 = DIRECTION ( 'NONE',  ( 0.000000000000000000, 1.000000000000000000, -0.000000000000000000 ) ) ;
#4592 = VECTOR ( 'NONE', #5235, 1000.000000000000000 ) ;
#4593 = ORIENTED_EDGE ( 'NONE', *, *, #4314, .T. ) ;
#4594 = DIRECTION ( 'NONE',  ( 1.000000000000000000, 0.000000000000000000, 0.000000000000000000 ) ) ;
#4595 = ORIENTED_EDGE ( 'NONE', *, *, #6611, .F. ) ;
#4596 = CARTESIAN_POINT ( 'NONE',  ( -581.4422714393892875, -3.174999999999999822, -394.5829907101505114 ) ) ;
#4597 = CYLINDRICAL_SURFACE ( 'NONE', #5116, 3.000000000000002665 ) ;
#4598 = LINE ( 'NONE', #212, #7951 ) ;
#4599 = CARTESIAN_POINT ( 'NONE',  ( 260.9999999999997158, -3.174999999999999822, 132.9036976976976803 ) ) ;
#4600 = AXIS2_PLACEMENT_3D ( 'NONE', #1900, #5054, #8017 ) ;
#4601 = AXIS2_PLACEMENT_3D ( 'NONE', #8216, #2908, #5957 ) ;
#4602 = VERTEX_POINT ( 'NONE', #5234 ) ;
#4603 = CARTESIAN_POINT ( 'NONE',  ( 68.49999999999991473, -1.587499999999999467, -433.1382624107525885 ) ) ;
#4604 = EDGE_LOOP ( 'NONE', ( #7020, #9342, #5977, #4395 ) ) ;
#4605 = ORIENTED_EDGE ( 'NONE', *, *, #241, .F. ) ;
#4606 = DIRECTION ( 'NONE',  ( 0.000000000000000000, 0.000000000000000000, -1.000000000000000000 ) ) ;
#4607 = ORIENTED_EDGE ( 'NONE', *, *, #9096, .F. ) ;
#4608 = FACE_OUTER_BOUND ( 'NONE', #1849, .T. ) ;
#4609 = VERTEX_POINT ( 'NONE', #2029 ) ;
#4610 = DIRECTION ( 'NONE',  ( -0.000000000000000000, 1.000000000000000000, -0.000000000000000000 ) ) ;
#4611 = LINE ( 'NONE', #7669, #8475 ) ;
#4612 = EDGE_CURVE ( 'NONE', #6464, #5089, #3922, .T. ) ;
#4613 = EDGE_CURVE ( 'NONE', #9396, #6163, #4375, .T. ) ;
#4614 = CYLINDRICAL_SURFACE ( 'NONE', #3704, 3.250000000000030642 ) ;
#4615 = VERTEX_POINT ( 'NONE', #5835 ) ;
#4616 = CIRCLE ( 'NONE', #3663, 2.749999999999974687 ) ;
#4617 = CARTESIAN_POINT ( 'NONE',  ( -234.8307132664150743, 0.000000000000000000, -421.9415906884561878 ) ) ;
#4618 = EDGE_CURVE ( 'NONE', #6866, #5698, #8902, .T. ) ;
#4619 = CARTESIAN_POINT ( 'NONE',  ( 145.4999999999998863, -3.174999999999999822, -420.3463023023022629 ) ) ;
#4620 = EDGE_CURVE ( 'NONE', #3121, #1332, #631, .T. ) ;
#4621 = DIRECTION ( 'NONE',  ( 1.000000000000000000, 0.000000000000000000, 0.000000000000000000 ) ) ;
#4622 = EDGE_CURVE ( 'NONE', #4299, #4687, #8953, .T. ) ;
#4623 = ORIENTED_EDGE ( 'NONE', *, *, #651, .T. ) ;
#4624 = VECTOR ( 'NONE', #8231, 1000.000000000000227 ) ;
#4625 = CARTESIAN_POINT ( 'NONE',  ( -282.9999999999997158, -3.174999999999999822, 171.4036976976977655 ) ) ;
#4626 = CARTESIAN_POINT ( 'NONE',  ( -594.4999999998082103, 0.000000000000000000, 81.90369769769773711 ) ) ;
#4627 = AXIS2_PLACEMENT_3D ( 'NONE', #1014, #7828, #1059 ) ;
#4628 = CARTESIAN_POINT ( 'NONE',  ( -63.00000000000001421, 0.000000000000000000, -471.5963023023023197 ) ) ;
#4629 = DIRECTION ( 'NONE',  ( 0.000000000000000000, -1.000000000000000000, 0.000000000000000000 ) ) ;
#4630 = ORIENTED_EDGE ( 'NONE', *, *, #7190, .F. ) ;
#4631 = DIRECTION ( 'NONE',  ( -0.1971135719790600149, 0.000000000000000000, 0.9803806606322137407 ) ) ;
#4632 = CIRCLE ( 'NONE', #639, 3.000000000000002665 ) ;
#4633 = CIRCLE ( 'NONE', #7, 3.250000000000030642 ) ;
#4634 = ORIENTED_EDGE ( 'NONE', *, *, #7030, .F. ) ;
#4635 = ORIENTED_EDGE ( 'NONE', *, *, #2984, .T. ) ;
#4636 = ORIENTED_EDGE ( 'NONE', *, *, #447, .T. ) ;
#4637 = FACE_OUTER_BOUND ( 'NONE', #6365, .T. ) ;
#4638 = SURFACE_SIDE_STYLE ('',( #6142 ) ) ;
#4639 = DIRECTION ( 'NONE',  ( -0.000000000000000000, 1.000000000000000000, -0.000000000000000000 ) ) ;
#4640 = CARTESIAN_POINT ( 'NONE',  ( 514.4999999998079829, -3.174999999999999822, 132.9036976976976803 ) ) ;
#4641 = VERTEX_POINT ( 'NONE', #685 ) ;
#4642 = EDGE_CURVE ( 'NONE', #3222, #3050, #3629, .T. ) ;
#4643 = VECTOR ( 'NONE', #2171, 1000.000000000000000 ) ;
#4644 = VECTOR ( 'NONE', #3906, 1000.000000000000227 ) ;
#4645 = ORIENTED_EDGE ( 'NONE', *, *, #3358, .T. ) ;
#4646 = EDGE_CURVE ( 'NONE', #5508, #4047, #7488, .T. ) ;
#4647 = CARTESIAN_POINT ( 'NONE',  ( -94.00000000000001421, -3.174999999999999822, -433.0963023023023766 ) ) ;
#4648 = VERTEX_POINT ( 'NONE', #9104 ) ;
#4650 = EDGE_CURVE ( 'NONE', #777, #9038, #5932, .T. ) ;
#4649 = PLANE ( 'NONE',  #851 ) ;
#4651 = CARTESIAN_POINT ( 'NONE',  ( -577.4999999998082103, -3.174999999999999822, -67.59630230230223447 ) ) ;
#4652 = DIRECTION ( 'NONE',  ( 0.000000000000000000, -1.000000000000000000, 0.000000000000000000 ) ) ;
#4653 = CARTESIAN_POINT ( 'NONE',  ( -597.4999999998082103, 0.000000000000000000, -312.5963023023023197 ) ) ;
#4654 = EDGE_LOOP ( 'NONE', ( #3399, #473, #5882, #53 ) ) ;
#4655 = AXIS2_PLACEMENT_3D ( 'NONE', #5695, #5038, #6550 ) ;
#4656 = VERTEX_POINT ( 'NONE', #1375 ) ;
#4657 = DIRECTION ( 'NONE',  ( -0.000000000000000000, 1.000000000000000000, -0.000000000000000000 ) ) ;
#4658 = ORIENTED_EDGE ( 'NONE', *, *, #2840, .F. ) ;
#4659 = ORIENTED_EDGE ( 'NONE', *, *, #5880, .T. ) ;
#4660 = EDGE_CURVE ( 'NONE', #7386, #6138, #4424, .T. ) ;
#4661 = FACE_OUTER_BOUND ( 'NONE', #1012, .T. ) ;
#4662 = AXIS2_PLACEMENT_3D ( 'NONE', #2770, #8886, #7474 ) ;
#4663 = ORIENTED_EDGE ( 'NONE', *, *, #4113, .F. ) ;
#4664 = LINE ( 'NONE', #7773, #1274 ) ;
#4665 = ORIENTED_EDGE ( 'NONE', *, *, #7235, .T. ) ;
#4666 = LINE ( 'NONE', #4819, #4886 ) ;
#4667 = DIRECTION ( 'NONE',  ( 0.000000000000000000, 0.000000000000000000, 1.000000000000000000 ) ) ;
#4668 = EDGE_CURVE ( 'NONE', #648, #7136, #569, .T. ) ;
#4669 = LINE ( 'NONE', #2366, #1947 ) ;
#4670 = ORIENTED_EDGE ( 'NONE', *, *, #2418, .F. ) ;
#4671 = AXIS2_PLACEMENT_3D ( 'NONE', #6428, #7882, #4824 ) ;
#4672 = EDGE_CURVE ( 'NONE', #6202, #1147, #2829, .T. ) ;
#4673 = CYLINDRICAL_SURFACE ( 'NONE', #2915, 3.000000000000002665 ) ;
#4674 = CYLINDRICAL_SURFACE ( 'NONE', #1911, 3.250000000000030642 ) ;
#4675 = DIRECTION ( 'NONE',  ( -0.000000000000000000, -1.000000000000000000, -0.000000000000000000 ) ) ;
#4676 = VECTOR ( 'NONE', #5518, 1000.000000000000000 ) ;
#4677 = EDGE_CURVE ( 'NONE', #690, #8879, #9251, .T. ) ;
#4678 = ORIENTED_EDGE ( 'NONE', *, *, #7609, .F. ) ;
#4679 = LINE ( 'NONE', #5986, #1695 ) ;
#4680 = DIRECTION ( 'NONE',  ( -0.000000000000000000, -1.000000000000000000, -0.000000000000000000 ) ) ;
#4681 = LINE ( 'NONE', #7733, #5731 ) ;
#4682 = DIRECTION ( 'NONE',  ( -0.000000000000000000, 1.000000000000000000, -0.000000000000000000 ) ) ;
#4683 = DIRECTION ( 'NONE',  ( 0.000000000000000000, 0.000000000000000000, -1.000000000000000000 ) ) ;
#4684 = EDGE_LOOP ( 'NONE', ( #2853, #1460, #2275, #4145 ) ) ;
#4685 = CARTESIAN_POINT ( 'NONE',  ( 240.3239572855132451, -3.174999999999999822, -423.8971648104576389 ) ) ;
#4686 = DIRECTION ( 'NONE',  ( 0.000000000000000000, -1.000000000000000000, 0.000000000000000000 ) ) ;
#4687 = VERTEX_POINT ( 'NONE', #827 ) ;
#4688 = EDGE_LOOP ( 'NONE', ( #7651, #688, #9688, #5155 ) ) ;
#4689 = ORIENTED_EDGE ( 'NONE', *, *, #7805, .F. ) ;
#4690 = CARTESIAN_POINT ( 'NONE',  ( -74.00000000000002842, -3.174999999999999822, -474.5963023023023197 ) ) ;
#4691 = CARTESIAN_POINT ( 'NONE',  ( 558.9999999998080966, 0.000000000000000000, -309.5963023023024334 ) ) ;
#4692 = EDGE_CURVE ( 'NONE', #2812, #1164, #7734, .T. ) ;
#4693 = LINE ( 'NONE', #2733, #4391 ) ;
#4694 = CARTESIAN_POINT ( 'NONE',  ( 264.8334738013186325, 0.000000000000000000, -415.9693255109810366 ) ) ;
#4695 = ORIENTED_EDGE ( 'NONE', *, *, #2106, .F. ) ;
#4696 = ORIENTED_EDGE ( 'NONE', *, *, #4660, .T. ) ;
#4697 = EDGE_CURVE ( 'NONE', #4969, #448, #7632, .T. ) ;
#4698 = CARTESIAN_POINT ( 'NONE',  ( 163.5995066845797226, 6.825000000000000178, -464.5963023023023766 ) ) ;
#4699 = ORIENTED_EDGE ( 'NONE', *, *, #5624, .F. ) ;
#4700 = FACE_OUTER_BOUND ( 'NONE', #6310, .T. ) ;
#4701 = DIRECTION ( 'NONE',  ( 0.000000000000000000, 0.000000000000000000, 1.000000000000000000 ) ) ;
#4702 = EDGE_CURVE ( 'NONE', #6138, #9738, #3183, .T. ) ;
#4703 = DIRECTION ( 'NONE',  ( -1.000000000000000000, 0.000000000000000000, -0.000000000000000000 ) ) ;
#4704 = DIRECTION ( 'NONE',  ( 0.000000000000000000, 0.000000000000000000, 1.000000000000000000 ) ) ;
#4705 = ORIENTED_EDGE ( 'NONE', *, *, #9759, .T. ) ;
#4706 = AXIS2_PLACEMENT_3D ( 'NONE', #9501, #6443, #9166 ) ;
#4707 = EDGE_LOOP ( 'NONE', ( #4056, #1421, #6784, #6795 ) ) ;
#4708 = DIRECTION ( 'NONE',  ( 0.000000000000000000, 0.000000000000000000, 1.000000000000000000 ) ) ;
#4709 = ORIENTED_EDGE ( 'NONE', *, *, #6926, .T. ) ;
#4710 = ORIENTED_EDGE ( 'NONE', *, *, #3735, .F. ) ;
#4711 = DIRECTION ( 'NONE',  ( 1.000000000000000000, 0.000000000000000000, 0.000000000000000000 ) ) ;
#4712 = ORIENTED_EDGE ( 'NONE', *, *, #5967, .F. ) ;
#4713 = LINE ( 'NONE', #5416, #6718 ) ;
#4714 = ORIENTED_EDGE ( 'NONE', *, *, #9000, .F. ) ;
#4715 = DIRECTION ( 'NONE',  ( 0.000000000000000000, 0.000000000000000000, 1.000000000000000000 ) ) ;
#4716 = CARTESIAN_POINT ( 'NONE',  ( 293.9999999999997726, 0.000000000000000000, 168.4036976976977371 ) ) ;
#4717 = EDGE_CURVE ( 'NONE', #3992, #4445, #3449, .T. ) ;
#4718 = DIRECTION ( 'NONE',  ( -0.000000000000000000, -1.000000000000000000, -0.000000000000000000 ) ) ;
#4719 = ORIENTED_EDGE ( 'NONE', *, *, #4176, .F. ) ;
#4720 = CARTESIAN_POINT ( 'NONE',  ( -402.0000000000000000, 6.825000000000000178, -372.3463023023023197 ) ) ;
#4721 = AXIS2_PLACEMENT_3D ( 'NONE', #7333, #2624, #6539 ) ;
#4722 = FACE_OUTER_BOUND ( 'NONE', #7571, .T. ) ;
#4723 = CIRCLE ( 'NONE', #1354, 3.000000000000002665 ) ;
#4724 = EDGE_CURVE ( 'NONE', #9288, #4290, #6185, .T. ) ;
#4725 = ADVANCED_FACE ( 'NONE', ( #3881 ), #4733, .F. ) ;
#4726 = LINE ( 'NONE', #7785, #1752 ) ;
#4727 = CIRCLE ( 'NONE', #5996, 10.00000000000000888 ) ;
#4728 = EDGE_LOOP ( 'NONE', ( #795, #4189 ) ) ;
#4729 = DIRECTION ( 'NONE',  ( 0.000000000000000000, 0.000000000000000000, 1.000000000000000000 ) ) ;
#4730 = DIRECTION ( 'NONE',  ( -0.000000000000000000, 1.000000000000000000, -0.000000000000000000 ) ) ;
#4731 = CARTESIAN_POINT ( 'NONE',  ( -581.4422714393892875, 0.000000000000000000, -394.5829907101505114 ) ) ;
#4732 = VECTOR ( 'NONE', #925, 1000.000000000000000 ) ;
#4733 = CYLINDRICAL_SURFACE ( 'NONE', #97, 3.000000000000002665 ) ;
#4734 = CYLINDRICAL_SURFACE ( 'NONE', #5114, 3.000000000000002665 ) ;
#4735 = AXIS2_PLACEMENT_3D ( 'NONE', #3878, #2130, #6931 ) ;
#4736 = DIRECTION ( 'NONE',  ( 0.000000000000000000, -1.000000000000000000, 0.000000000000000000 ) ) ;
#4737 = CARTESIAN_POINT ( 'NONE',  ( -475.3811960363102003, 0.000000000000000000, -415.8474038505471526 ) ) ;
#4738 = VECTOR ( 'NONE', #7038, 1000.000000000000000 ) ;
#4739 = ORIENTED_EDGE ( 'NONE', *, *, #2309, .T. ) ;
#4740 = ORIENTED_EDGE ( 'NONE', *, *, #3250, .T. ) ;
#4741 = FACE_OUTER_BOUND ( 'NONE', #831, .T. ) ;
#4742 = CARTESIAN_POINT ( 'NONE',  ( 577.4999999998079829, 0.000000000000000000, -124.3463023023018081 ) ) ;
#4743 = DIRECTION ( 'NONE',  ( 0.000000000000000000, -1.000000000000000000, 0.000000000000000000 ) ) ;
#4744 = CYLINDRICAL_SURFACE ( 'NONE', #3637, 10.00000000000000888 ) ;
#4745 = ORIENTED_EDGE ( 'NONE', *, *, #9256, .T. ) ;
#4746 = VECTOR ( 'NONE', #6446, 1000.000000000000000 ) ;
#4747 = EDGE_CURVE ( 'NONE', #3378, #9159, #3929, .T. ) ;
#4748 = ORIENTED_EDGE ( 'NONE', *, *, #6047, .F. ) ;
#4749 = VECTOR ( 'NONE', #9774, 1000.000000000000000 ) ;
#4750 = CARTESIAN_POINT ( 'NONE',  ( -71.00000000000002842, 0.000000000000000000, -474.5963023023023197 ) ) ;
#4751 = ORIENTED_EDGE ( 'NONE', *, *, #1660, .F. ) ;
#4752 = CIRCLE ( 'NONE', #4579, 2.749999999999974687 ) ;
#4753 = FACE_OUTER_BOUND ( 'NONE', #4896, .T. ) ;
#4754 = FACE_OUTER_BOUND ( 'NONE', #1007, .T. ) ;
#4755 = CARTESIAN_POINT ( 'NONE',  ( 347.9999999999997726, 6.825000000000000178, -369.5963023023020355 ) ) ;
#4756 = LINE ( 'NONE', #4856, #4426 ) ;
#4757 = ORIENTED_EDGE ( 'NONE', *, *, #3746, .F. ) ;
#4758 = ORIENTED_EDGE ( 'NONE', *, *, #2233, .T. ) ;
#4759 = ORIENTED_EDGE ( 'NONE', *, *, #5093, .F. ) ;
#4760 = AXIS2_PLACEMENT_3D ( 'NONE', #5645, #4000, #4846 ) ;
#4761 = ORIENTED_EDGE ( 'NONE', *, *, #9518, .T. ) ;
#4762 = CARTESIAN_POINT ( 'NONE',  ( 169.4999999999999147, 6.825000000000000178, -417.0963023023022060 ) ) ;
#4763 = EDGE_CURVE ( 'NONE', #2666, #3887, #1479, .T. ) ;
#4764 = EDGE_LOOP ( 'NONE', ( #4944, #6444, #6854, #3604 ) ) ;
#4765 = SHAPE_DEFINITION_REPRESENTATION ( #8719, #4817 ) ;
#4766 = PLANE ( 'NONE',  #90 ) ;
#4767 = DIRECTION ( 'NONE',  ( 0.1971135719790623186, 0.000000000000000000, -0.9803806606322131856 ) ) ;
#4768 = CIRCLE ( 'NONE', #7323, 3.000000000000002665 ) ;
#4769 = DIRECTION ( 'NONE',  ( 0.000000000000000000, -1.000000000000000000, 0.000000000000000000 ) ) ;
#4770 = ORIENTED_EDGE ( 'NONE', *, *, #5793, .T. ) ;
#4771 = LINE ( 'NONE', #7222, #363 ) ;
#4772 = DIRECTION ( 'NONE',  ( -1.000000000000000000, 0.000000000000000000, 7.209240419646269740E-17 ) ) ;
#4773 = VECTOR ( 'NONE', #5904, 1000.000000000000000 ) ;
#4774 = AXIS2_PLACEMENT_3D ( 'NONE', #9882, #7656, #8568 ) ;
#4775 = DIRECTION ( 'NONE',  ( 1.000000000000000000, 0.000000000000000000, 0.000000000000000000 ) ) ;
#4776 = ORIENTED_EDGE ( 'NONE', *, *, #3764, .F. ) ;
#4777 = DIRECTION ( 'NONE',  ( -0.000000000000000000, -0.000000000000000000, 1.000000000000000000 ) ) ;
#4778 = DIRECTION ( 'NONE',  ( 0.000000000000000000, -1.000000000000000000, 0.000000000000000000 ) ) ;
#4779 = LINE ( 'NONE', #9453, #1408 ) ;
#4780 = CIRCLE ( 'NONE', #1413, 3.000000000000002665 ) ;
#4781 = EDGE_CURVE ( 'NONE', #1383, #1434, #2161, .T. ) ;
#4782 = DIRECTION ( 'NONE',  ( -1.000000000000000000, 0.000000000000000000, 7.209240419646269740E-17 ) ) ;
#4783 = DIRECTION ( 'NONE',  ( -0.000000000000000000, 1.000000000000000000, -0.000000000000000000 ) ) ;
#4784 = CARTESIAN_POINT ( 'NONE',  ( 500.9722435983686637, -3.174999999999999822, -410.7621497469776841 ) ) ;
#4785 = LINE ( 'NONE', #5590, #5787 ) ;
#4786 = DIRECTION ( 'NONE',  ( 0.000000000000000000, 0.000000000000000000, 1.000000000000000000 ) ) ;
#4787 = VECTOR ( 'NONE', #7532, 1000.000000000000000 ) ;
#4788 = ORIENTED_EDGE ( 'NONE', *, *, #6565, .T. ) ;
#4789 = ORIENTED_EDGE ( 'NONE', *, *, #1660, .T. ) ;
#4790 = AXIS2_PLACEMENT_3D ( 'NONE', #9831, #9218, #7704 ) ;
#4791 = LINE ( 'NONE', #1831, #3463 ) ;
#4792 = LINE ( 'NONE', #2679, #5608 ) ;
#4793 = EDGE_CURVE ( 'NONE', #2526, #1377, #5204, .T. ) ;
#4794 = CARTESIAN_POINT ( 'NONE',  ( -487.9999999998082103, 0.000000000000000000, 132.9036976976976803 ) ) ;
#4795 = CARTESIAN_POINT ( 'NONE',  ( 250.2626310726666077, 0.000000000000000000, -461.1093375469640137 ) ) ;
#4796 = EDGE_LOOP ( 'NONE', ( #3111, #2723, #1287, #4059 ) ) ;
#4797 = AXIS2_PLACEMENT_3D ( 'NONE', #66, #2260, #1661 ) ;
#4798 = AXIS2_PLACEMENT_3D ( 'NONE', #2196, #3751, #3098 ) ;
#4799 = ORIENTED_EDGE ( 'NONE', *, *, #5318, .F. ) ;
#4800 = ADVANCED_FACE ( 'NONE', ( #7584 ), #7682, .T. ) ;
#4801 = CARTESIAN_POINT ( 'NONE',  ( 240.0697845216494954, -3.174999999999999822, -463.2187288206303606 ) ) ;
#4802 = ORIENTED_EDGE ( 'NONE', *, *, #8666, .T. ) ;
#4803 = EDGE_CURVE ( 'NONE', #7075, #1300, #6291, .T. ) ;
#4804 = CARTESIAN_POINT ( 'NONE',  ( -542.4999999998080966, -3.174999999999999822, 171.4036976976977940 ) ) ;
#4805 = DIRECTION ( 'NONE',  ( 0.000000000000000000, 0.000000000000000000, -1.000000000000000000 ) ) ;
#4806 = AXIS2_PLACEMENT_3D ( 'NONE', #7945, #5643, #7857 ) ;
#4807 = CARTESIAN_POINT ( 'NONE',  ( 202.9974066286778793, -3.174999999999999822, -470.6724344287448503 ) ) ;
#4808 = LINE ( 'NONE', #951, #3470 ) ;
#4809 = ORIENTED_EDGE ( 'NONE', *, *, #523, .T. ) ;
#4810 = EDGE_CURVE ( 'NONE', #2860, #1973, #8733, .T. ) ;
#4811 = ORIENTED_EDGE ( 'NONE', *, *, #966, .F. ) ;
#4812 = AXIS2_PLACEMENT_3D ( 'NONE', #8631, #4822, #1857 ) ;
#4813 = ORIENTED_EDGE ( 'NONE', *, *, #3361, .T. ) ;
#4814 = DIRECTION ( 'NONE',  ( -0.000000000000000000, 1.000000000000000000, -0.000000000000000000 ) ) ;
#4815 = VECTOR ( 'NONE', #826, 1000.000000000000000 ) ;
#4816 = ORIENTED_EDGE ( 'NONE', *, *, #7310, .T. ) ;
#4817 = ADVANCED_BREP_SHAPE_REPRESENTATION ( 'SF50 Galley Floor v03 CC Lic', ( #7964, #5907 ), #6238 ) ;
#4818 = AXIS2_PLACEMENT_3D ( 'NONE', #8099, #4941, #5647 ) ;
#4819 = CARTESIAN_POINT ( 'NONE',  ( -519.4999999998082103, 0.000000000000000000, 132.9036976976976803 ) ) ;
#4820 = CARTESIAN_POINT ( 'NONE',  ( 557.5485770882340830, 0.000000000000000000, -347.3768998705954232 ) ) ;
#4821 = EDGE_CURVE ( 'NONE', #484, #2920, #8579, .T. ) ;
#4822 = DIRECTION ( 'NONE',  ( 0.000000000000000000, -1.000000000000000000, 0.000000000000000000 ) ) ;
#4823 = ORIENTED_EDGE ( 'NONE', *, *, #1443, .F. ) ;
#4824 = DIRECTION ( 'NONE',  ( 0.000000000000000000, 0.000000000000000000, 1.000000000000000000 ) ) ;
#4826 = DIRECTION ( 'NONE',  ( -0.000000000000000000, 1.000000000000000000, -0.000000000000000000 ) ) ;
#4825 = AXIS2_PLACEMENT_3D ( 'NONE', #7089, #5532, #2670 ) ;
#4827 = EDGE_CURVE ( 'NONE', #1840, #9158, #1361, .T. ) ;
#4828 = CARTESIAN_POINT ( 'NONE',  ( -402.0000000000000000, 0.000000000000000000, 109.1536976976978082 ) ) ;
#4829 = ORIENTED_EDGE ( 'NONE', *, *, #7854, .F. ) ;
#4830 = CARTESIAN_POINT ( 'NONE',  ( -594.4999999998082103, -3.174999999999999822, -287.5963023023023197 ) ) ;
#4831 = ADVANCED_FACE ( 'NONE', ( #2431 ), #9197, .F. ) ;
#4832 = CARTESIAN_POINT ( 'NONE',  ( 465.1883494852928038, 0.000000000000000000, -417.9567951242135564 ) ) ;
#4833 = DIRECTION ( 'NONE',  ( 0.000000000000000000, -1.000000000000000000, 0.000000000000000000 ) ) ;
#4834 = DIRECTION ( 'NONE',  ( -7.209240419646269740E-17, 0.000000000000000000, -1.000000000000000000 ) ) ;
#4835 = ORIENTED_EDGE ( 'NONE', *, *, #4420, .T. ) ;
#4836 = LINE ( 'NONE', #7891, #3924 ) ;
#4837 = AXIS2_PLACEMENT_3D ( 'NONE', #7418, #2205, #6774 ) ;
#4838 = LINE ( 'NONE', #2583, #9851 ) ;
#4839 = FACE_OUTER_BOUND ( 'NONE', #1208, .T. ) ;
#4840 = EDGE_CURVE ( 'NONE', #7747, #9570, #4985, .T. ) ;
#4841 = EDGE_LOOP ( 'NONE', ( #9363, #7897, #8811, #1606 ) ) ;
#4842 = ORIENTED_EDGE ( 'NONE', *, *, #3152, .F. ) ;
#4843 = DIRECTION ( 'NONE',  ( 0.000000000000000000, 0.000000000000000000, 1.000000000000000000 ) ) ;
#4844 = DIRECTION ( 'NONE',  ( -0.000000000000000000, 1.000000000000000000, -0.000000000000000000 ) ) ;
#4845 = CARTESIAN_POINT ( 'NONE',  ( 472.4400540544133946, -3.174999999999999822, -413.4387445664843881 ) ) ;
#4846 = DIRECTION ( 'NONE',  ( 0.000000000000000000, 0.000000000000000000, 1.000000000000000000 ) ) ;
#4847 = VERTEX_POINT ( 'NONE', #1574 ) ;
#4848 = AXIS2_PLACEMENT_3D ( 'NONE', #9427, #5803, #5702 ) ;
#4849 = ADVANCED_FACE ( 'NONE', ( #3377 ), #4129, .T. ) ;
#4850 = EDGE_LOOP ( 'NONE', ( #5700, #7515, #6964, #2743 ) ) ;
#4851 = CARTESIAN_POINT ( 'NONE',  ( 558.9999999998080966, -3.174999999999999822, 84.90369769769773711 ) ) ;
#4852 = ORIENTED_EDGE ( 'NONE', *, *, #3427, .T. ) ;
#4853 = DIRECTION ( 'NONE',  ( 0.000000000000000000, 0.000000000000000000, -1.000000000000000000 ) ) ;
#4854 = FACE_OUTER_BOUND ( 'NONE', #7771, .T. ) ;
#4855 = CARTESIAN_POINT ( 'NONE',  ( -288.9999999999997726, -3.174999999999999822, 132.9036976976976803 ) ) ;
#4856 = CARTESIAN_POINT ( 'NONE',  ( -468.1294914671896095, -3.174999999999999822, -417.3654544082762641 ) ) ;
#4857 = ORIENTED_EDGE ( 'NONE', *, *, #6472, .F. ) ;
#4858 = VERTEX_POINT ( 'NONE', #1869 ) ;
#4859 = AXIS2_PLACEMENT_3D ( 'NONE', #1584, #936, #9161 ) ;
#4860 = EDGE_CURVE ( 'NONE', #7507, #6648, #7232, .T. ) ;
#4861 = ORIENTED_EDGE ( 'NONE', *, *, #9146, .F. ) ;
#4862 = DIRECTION ( 'NONE',  ( 1.696813561850769255E-16, 0.000000000000000000, 1.000000000000000000 ) ) ;
#4863 = VERTEX_POINT ( 'NONE', #5728 ) ;
#4864 = DIRECTION ( 'NONE',  ( 0.000000000000000000, 0.000000000000000000, -1.000000000000000000 ) ) ;
#4865 = CARTESIAN_POINT ( 'NONE',  ( 282.9999999999997726, -3.174999999999999822, 171.4036976976977371 ) ) ;
#4866 = LINE ( 'NONE', #4161, #8348 ) ;
#4867 = ORIENTED_EDGE ( 'NONE', *, *, #2128, .T. ) ;
#4868 = DIRECTION ( 'NONE',  ( 1.000000000000000000, 0.000000000000000000, -0.000000000000000000 ) ) ;
#4869 = CARTESIAN_POINT ( 'NONE',  ( -267.5204430193515464, -3.174999999999999822, -457.6995488052165229 ) ) ;
#4870 = CARTESIAN_POINT ( 'NONE',  ( 65.99999999999990052, 0.000000000000000000, -471.5963023023023766 ) ) ;
#4871 = EDGE_CURVE ( 'NONE', #3, #6942, #9799, .T. ) ;
#4872 = ORIENTED_EDGE ( 'NONE', *, *, #6160, .F. ) ;
#4873 = CARTESIAN_POINT ( 'NONE',  ( -221.4321775711113389, -3.174999999999999822, -456.7658529379522179 ) ) ;
#4874 = DIRECTION ( 'NONE',  ( -0.000000000000000000, 1.000000000000000000, -0.000000000000000000 ) ) ;
#4875 = LINE ( 'NONE', #7792, #1888 ) ;
#4876 = LINE ( 'NONE', #236, #8830 ) ;
#4877 = VERTEX_POINT ( 'NONE', #6336 ) ;
#4878 = VECTOR ( 'NONE', #4938, 1000.000000000000000 ) ;
#4879 = CARTESIAN_POINT ( 'NONE',  ( -577.4999999998082103, 0.000000000000000000, 112.9036976976977513 ) ) ;
#4880 = DIRECTION ( 'NONE',  ( -0.000000000000000000, 1.000000000000000000, -0.000000000000000000 ) ) ;
#4881 = CARTESIAN_POINT ( 'NONE',  ( -485.9999999998082103, 0.000000000000000000, 168.4036976976977655 ) ) ;
#4882 = EDGE_CURVE ( 'NONE', #9008, #174, #6439, .T. ) ;
#4883 = ORIENTED_EDGE ( 'NONE', *, *, #7361, .T. ) ;
#4884 = VECTOR ( 'NONE', #6934, 1000.000000000000000 ) ;
#4885 = ORIENTED_EDGE ( 'NONE', *, *, #3414, .F. ) ;
#4886 = VECTOR ( 'NONE', #2307, 1000.000000000000000 ) ;
#4887 = CARTESIAN_POINT ( 'NONE',  ( 577.4999999998079829, -3.174999999999999822, -124.3463023023018081 ) ) ;
#4888 = CARTESIAN_POINT ( 'NONE',  ( -581.4422714393892875, -3.174999999999999822, -394.5829907101505114 ) ) ;
#4889 = CARTESIAN_POINT ( 'NONE',  ( 401.9999999999994884, 0.000000000000000000, 106.4036976976980640 ) ) ;
#4890 = DIRECTION ( 'NONE',  ( 0.000000000000000000, -1.000000000000000000, 0.000000000000000000 ) ) ;
#4891 = EDGE_CURVE ( 'NONE', #4905, #1002, #4876, .T. ) ;
#4892 = ORIENTED_EDGE ( 'NONE', *, *, #7023, .T. ) ;
#4893 = CYLINDRICAL_SURFACE ( 'NONE', #7376, 3.000000000000002665 ) ;
#4894 = EDGE_LOOP ( 'NONE', ( #1909, #3339, #2650, #101 ) ) ;
#4895 = CARTESIAN_POINT ( 'NONE',  ( -597.4999999998082103, -3.174999999999999822, -304.5963023023022629 ) ) ;
#4896 = EDGE_LOOP ( 'NONE', ( #3404, #7853, #2483, #2505 ) ) ;
#4897 = CARTESIAN_POINT ( 'NONE',  ( 587.4999999998082103, -3.174999999999999822, 131.4036976976981634 ) ) ;
#4898 = LINE ( 'NONE', #5703, #9297 ) ;
#4899 = VECTOR ( 'NONE', #3830, 1000.000000000000000 ) ;
#4900 = DIRECTION ( 'NONE',  ( 0.000000000000000000, 0.000000000000000000, 1.000000000000000000 ) ) ;
#4901 = CARTESIAN_POINT ( 'NONE',  ( 73.99999999999991473, 0.000000000000000000, -471.5963023023023766 ) ) ;
#4902 = AXIS2_PLACEMENT_3D ( 'NONE', #7033, #1433, #186 ) ;
#4903 = ORIENTED_EDGE ( 'NONE', *, *, #576, .T. ) ;
#4904 = EDGE_CURVE ( 'NONE', #5113, #6869, #332, .T. ) ;
#4905 = VERTEX_POINT ( 'NONE', #9498 ) ;
#4906 = PLANE ( 'NONE',  #4600 ) ;
#4907 = ORIENTED_EDGE ( 'NONE', *, *, #9662, .F. ) ;
#4908 = CARTESIAN_POINT ( 'NONE',  ( 500.3809028824315419, 0.000000000000000000, -407.8210077650811058 ) ) ;
#4909 = CARTESIAN_POINT ( 'NONE',  ( -275.3634883044093158, 0.000000000000000000, -456.1226402293840465 ) ) ;
#4910 = VECTOR ( 'NONE', #4489, 1000.000000000000000 ) ;
#4911 = ADVANCED_FACE ( 'NONE', ( #3421 ), #9547, .F. ) ;
#4912 = DIRECTION ( 'NONE',  ( 0.000000000000000000, 0.000000000000000000, 1.000000000000000000 ) ) ;
#4913 = ORIENTED_EDGE ( 'NONE', *, *, #9458, .T. ) ;
#4914 = VECTOR ( 'NONE', #1102, 1000.000000000000000 ) ;
#4915 = DIRECTION ( 'NONE',  ( 0.000000000000000000, 0.000000000000000000, 1.000000000000000000 ) ) ;
#4916 = CARTESIAN_POINT ( 'NONE',  ( -522.4999999998082103, 0.000000000000000000, 168.4036976976977655 ) ) ;
#4917 = CARTESIAN_POINT ( 'NONE',  ( -169.5000000000000000, 0.000000000000000000, -417.0963023023023197 ) ) ;
#4918 = AXIS2_PLACEMENT_3D ( 'NONE', #2543, #4890, #7244 ) ;
#4919 = EDGE_CURVE ( 'NONE', #5612, #1444, #3280, .T. ) ;
#4920 = ORIENTED_EDGE ( 'NONE', *, *, #4660, .F. ) ;
#4921 = EDGE_CURVE ( 'NONE', #9883, #2568, #359, .T. ) ;
#4922 = FACE_OUTER_BOUND ( 'NONE', #9389, .T. ) ;
#4923 = DIRECTION ( 'NONE',  ( 0.000000000000000000, 0.000000000000000000, 1.000000000000000000 ) ) ;
#4924 = DIRECTION ( 'NONE',  ( 0.000000000000000000, 1.000000000000000000, -0.000000000000000000 ) ) ;
#4925 = CARTESIAN_POINT ( 'NONE',  ( -169.5000000000000000, 0.000000000000000000, -417.0963023023023197 ) ) ;
#4926 = ADVANCED_FACE ( 'NONE', ( #1778 ), #2621, .F. ) ;
#4927 = ORIENTED_EDGE ( 'NONE', *, *, #4403, .F. ) ;
#4928 = ADVANCED_FACE ( 'NONE', ( #981 ), #1127, .F. ) ;
#4929 = VECTOR ( 'NONE', #7514, 1000.000000000000000 ) ;
#4930 = EDGE_CURVE ( 'NONE', #4290, #3593, #8792, .T. ) ;
#4931 = LINE ( 'NONE', #7990, #1201 ) ;
#4932 = AXIS2_PLACEMENT_3D ( 'NONE', #7724, #6173, #3920 ) ;
#4933 = CARTESIAN_POINT ( 'NONE',  ( -558.9999999998083240, -3.174999999999999822, -307.5963023023023197 ) ) ;
#4934 = VERTEX_POINT ( 'NONE', #7844 ) ;
#4935 = ORIENTED_EDGE ( 'NONE', *, *, #5553, .T. ) ;
#4936 = CARTESIAN_POINT ( 'NONE',  ( -193.9659574756200584, -3.174999999999999822, -446.9879823279456446 ) ) ;
#4937 = DIRECTION ( 'NONE',  ( 0.000000000000000000, -1.000000000000000000, 0.000000000000000000 ) ) ;
#4938 = DIRECTION ( 'NONE',  ( 0.000000000000000000, -1.000000000000000000, 0.000000000000000000 ) ) ;
#4939 = FACE_OUTER_BOUND ( 'NONE', #2897, .T. ) ;
#4940 = ORIENTED_EDGE ( 'NONE', *, *, #5901, .T. ) ;
#4941 = DIRECTION ( 'NONE',  ( 0.000000000000000000, -1.000000000000000000, 0.000000000000000000 ) ) ;
#4942 = EDGE_LOOP ( 'NONE', ( #6939, #2178, #8686, #7755 ) ) ;
#4943 = VECTOR ( 'NONE', #9351, 1000.000000000000000 ) ;
#4944 = ORIENTED_EDGE ( 'NONE', *, *, #8885, .F. ) ;
#4945 = CARTESIAN_POINT ( 'NONE',  ( -193.9659574756200584, 0.000000000000000000, -446.9879823279456446 ) ) ;
#4946 = VERTEX_POINT ( 'NONE', #4221 ) ;
#4947 = DIRECTION ( 'NONE',  ( 0.000000000000000000, 0.000000000000000000, 1.000000000000000000 ) ) ;
#4948 = CYLINDRICAL_SURFACE ( 'NONE', #8970, 3.000000000000002665 ) ;
#4949 = ADVANCED_FACE ( 'NONE', ( #427 ), #8691, .F. ) ;
#4950 = VECTOR ( 'NONE', #5732, 1000.000000000000000 ) ;
#4952 = CARTESIAN_POINT ( 'NONE',  ( -475.9725367522473789, 0.000000000000000000, -415.7885458324437877 ) ) ;
#4951 = VECTOR ( 'NONE', #6118, 1000.000000000000000 ) ;
#4953 = CARTESIAN_POINT ( 'NONE',  ( 490.3493496165144165, 0.000000000000000000, -370.6102731395311594 ) ) ;
#4954 = ORIENTED_EDGE ( 'NONE', *, *, #4377, .F. ) ;
#4955 = AXIS2_PLACEMENT_3D ( 'NONE', #1905, #3363, #6425 ) ;
#4956 = DIRECTION ( 'NONE',  ( -0.000000000000000000, 1.000000000000000000, -0.000000000000000000 ) ) ;
#4957 = CYLINDRICAL_SURFACE ( 'NONE', #5407, 3.000000000000002665 ) ;
#4958 = EDGE_CURVE ( 'NONE', #720, #6582, #824, .T. ) ;
#4959 = VERTEX_POINT ( 'NONE', #1027 ) ;
#4960 = EDGE_CURVE ( 'NONE', #8955, #4029, #7934, .T. ) ;
#4961 = VECTOR ( 'NONE', #258, 1000.000000000000000 ) ;
#4962 = CARTESIAN_POINT ( 'NONE',  ( 0.000000000000000000, 0.000000000000000000, 0.000000000000000000 ) ) ;
#4963 = LINE ( 'NONE', #7218, #6709 ) ;
#4964 = DIRECTION ( 'NONE',  ( -0.000000000000000000, -0.000000000000000000, -1.000000000000000000 ) ) ;
#4965 = VECTOR ( 'NONE', #1401, 1000.000000000000000 ) ;
#4966 = LINE ( 'NONE', #5669, #1467 ) ;
#4967 = EDGE_LOOP ( 'NONE', ( #1187, #8285, #2518, #7923 ) ) ;
#4968 = ADVANCED_FACE ( 'NONE', ( #3329 ), #9455, .F. ) ;
#4969 = VERTEX_POINT ( 'NONE', #1965 ) ;
#4970 = VECTOR ( 'NONE', #92, 1000.000000000000000 ) ;
#4971 = DIRECTION ( 'NONE',  ( 0.000000000000000000, -1.000000000000000000, 0.000000000000000000 ) ) ;
#4972 = DIRECTION ( 'NONE',  ( 0.000000000000000000, 0.000000000000000000, 1.000000000000000000 ) ) ;
#4973 = EDGE_CURVE ( 'NONE', #2374, #7131, #6633, .T. ) ;
#4974 = VERTEX_POINT ( 'NONE', #3617 ) ;
#4975 = PLANE ( 'NONE',  #2504 ) ;
#4976 = ADVANCED_FACE ( 'NONE', ( #7527 ), #8183, .F. ) ;
#4977 = DIRECTION ( 'NONE',  ( -0.000000000000000000, -1.000000000000000000, -0.000000000000000000 ) ) ;
#4978 = DIRECTION ( 'NONE',  ( 0.000000000000000000, -1.000000000000000000, 0.000000000000000000 ) ) ;
#4979 = EDGE_LOOP ( 'NONE', ( #3846, #4158, #6596, #8209 ) ) ;
#4980 = AXIS2_PLACEMENT_3D ( 'NONE', #7292, #1655, #443 ) ;
#4981 = LINE ( 'NONE', #2216, #4624 ) ;
#4982 = EDGE_CURVE ( 'NONE', #5896, #1710, #1625, .T. ) ;
#4983 = DIRECTION ( 'NONE',  ( 0.000000000000000000, 0.000000000000000000, -1.000000000000000000 ) ) ;
#4984 = ORIENTED_EDGE ( 'NONE', *, *, #7744, .F. ) ;
#4985 = CIRCLE ( 'NONE', #2258, 3.000000000000002665 ) ;
#4986 = ORIENTED_EDGE ( 'NONE', *, *, #5962, .T. ) ;
#4987 = DIRECTION ( 'NONE',  ( -1.850371707708592551E-14, 0.000000000000000000, 1.000000000000000000 ) ) ;
#4988 = DIRECTION ( 'NONE',  ( -0.000000000000000000, 1.000000000000000000, -0.000000000000000000 ) ) ;
#4989 = CIRCLE ( 'NONE', #8679, 3.000000000000002665 ) ;
#4990 = CYLINDRICAL_SURFACE ( 'NONE', #8084, 3.250000000000030642 ) ;
#4991 = CYLINDRICAL_SURFACE ( 'NONE', #3323, 3.000000000000002665 ) ;
#4992 = ORIENTED_EDGE ( 'NONE', *, *, #8488, .T. ) ;
#4993 = DIRECTION ( 'NONE',  ( -0.000000000000000000, 1.000000000000000000, 0.000000000000000000 ) ) ;
#4994 = ORIENTED_EDGE ( 'NONE', *, *, #9073, .F. ) ;
#4995 = ORIENTED_EDGE ( 'NONE', *, *, #3188, .T. ) ;
#4996 = ADVANCED_FACE ( 'NONE', ( #5874 ), #3720, .F. ) ;
#4997 = CARTESIAN_POINT ( 'NONE',  ( 237.3828153036166384, 0.000000000000000000, -424.4885055263948175 ) ) ;
#4998 = ORIENTED_EDGE ( 'NONE', *, *, #140, .T. ) ;
#4999 = DIRECTION ( 'NONE',  ( 0.000000000000000000, 0.000000000000000000, 1.000000000000000000 ) ) ;
#5000 = CYLINDRICAL_SURFACE ( 'NONE', #4312, 2.750000000000030198 ) ;
#5001 = DIRECTION ( 'NONE',  ( -0.000000000000000000, 1.000000000000000000, -0.000000000000000000 ) ) ;
#5002 = CARTESIAN_POINT ( 'NONE',  ( -460.5406189459957318, -3.174999999999999822, -379.6207989739360755 ) ) ;
#5003 = VERTEX_POINT ( 'NONE', #6682 ) ;
#5004 = VERTEX_POINT ( 'NONE', #4412 ) ;
#5005 = CIRCLE ( 'NONE', #8694, 3.000000000000002665 ) ;
#5006 = LINE ( 'NONE', #1055, #6536 ) ;
#5007 = ORIENTED_EDGE ( 'NONE', *, *, #4336, .F. ) ;
#5008 = EDGE_CURVE ( 'NONE', #9288, #575, #7223, .T. ) ;
#5009 = CARTESIAN_POINT ( 'NONE',  ( -567.4999999998082103, 6.825000000000000178, 156.4036976976977655 ) ) ;
#5010 = DIRECTION ( 'NONE',  ( -0.000000000000000000, -1.000000000000000000, 0.000000000000000000 ) ) ;
#5011 = CIRCLE ( 'NONE', #9069, 10.00000000000000888 ) ;
#5012 = LINE ( 'NONE', #515, #3849 ) ;
#5013 = ORIENTED_EDGE ( 'NONE', *, *, #4194, .F. ) ;
#5014 = PRODUCT_DEFINITION ( 'UNKNOWN', '', #8322, #5168 ) ;
#5015 = ORIENTED_EDGE ( 'NONE', *, *, #5747, .T. ) ;
#5016 = FACE_OUTER_BOUND ( 'NONE', #112, .T. ) ;
#5017 = CARTESIAN_POINT ( 'NONE',  ( -240.3239572855133304, -3.174999999999999822, -423.8971648104575252 ) ) ;
#5018 = ORIENTED_EDGE ( 'NONE', *, *, #6137, .T. ) ;
#5019 = CARTESIAN_POINT ( 'NONE',  ( 475.3811960363100866, 0.000000000000000000, -412.8474038505472095 ) ) ;
#5020 = EDGE_CURVE ( 'NONE', #1705, #2833, #9037, .T. ) ;
#5021 = DIRECTION ( 'NONE',  ( -0.000000000000000000, -1.000000000000000000, -0.000000000000000000 ) ) ;
#5022 = DIRECTION ( 'NONE',  ( -0.000000000000000000, 1.000000000000000000, -0.000000000000000000 ) ) ;
#5023 = VERTEX_POINT ( 'NONE', #8845 ) ;
#5024 = AXIS2_PLACEMENT_3D ( 'NONE', #3529, #1178, #1272 ) ;
#5025 = ADVANCED_FACE ( 'NONE', ( #8941 ), #8081, .F. ) ;
#5026 = CARTESIAN_POINT ( 'NONE',  ( 556.0419601082581949, -1.587499999999999467, -282.0963023023024334 ) ) ;
#5027 = EDGE_CURVE ( 'NONE', #8041, #3007, #3062, .T. ) ;
#5028 = CARTESIAN_POINT ( 'NONE',  ( -153.5995066845798078, -3.174999999999999822, -464.5963023023023197 ) ) ;
#5029 = FACE_OUTER_BOUND ( 'NONE', #5453, .T. ) ;
#5030 = ORIENTED_EDGE ( 'NONE', *, *, #2192, .F. ) ;
#5031 = ORIENTED_EDGE ( 'NONE', *, *, #9229, .T. ) ;
#5032 = CARTESIAN_POINT ( 'NONE',  ( 462.5013802672600036, 0.000000000000000000, -379.2265718299780701 ) ) ;
#5033 = CARTESIAN_POINT ( 'NONE',  ( 262.2813717641168978, 0.000000000000000000, -416.4224106730425206 ) ) ;
#5034 = EDGE_CURVE ( 'NONE', #9179, #3059, #567, .T. ) ;
#5035 = CARTESIAN_POINT ( 'NONE',  ( -264.8334738013187462, 0.000000000000000000, -418.9693255109809797 ) ) ;
#5036 = DIRECTION ( 'NONE',  ( 0.000000000000000000, 1.000000000000000000, 0.000000000000000000 ) ) ;
#5037 = VERTEX_POINT ( 'NONE', #9748 ) ;
#5038 = DIRECTION ( 'NONE',  ( -0.000000000000000000, 1.000000000000000000, -0.000000000000000000 ) ) ;
#5039 = VERTEX_POINT ( 'NONE', #5824 ) ;
#5040 = VECTOR ( 'NONE', #4880, 1000.000000000000000 ) ;
#5041 = AXIS2_PLACEMENT_3D ( 'NONE', #6034, #1280, #4475 ) ;
#5042 = AXIS2_PLACEMENT_3D ( 'NONE', #7506, #6950, #1540 ) ;
#5043 = ORIENTED_EDGE ( 'NONE', *, *, #588, .T. ) ;
#5044 = DIRECTION ( 'NONE',  ( 0.000000000000000000, 0.000000000000000000, 1.000000000000000000 ) ) ;
#5045 = EDGE_LOOP ( 'NONE', ( #8925, #8383, #7547, #6371 ) ) ;
#5046 = CARTESIAN_POINT ( 'NONE',  ( 70.99999999999991473, 0.000000000000000000, -436.0963023023023766 ) ) ;
#5047 = DIRECTION ( 'NONE',  ( 0.000000000000000000, 0.000000000000000000, 1.000000000000000000 ) ) ;
#5048 = AXIS2_PLACEMENT_3D ( 'NONE', #6635, #622, #8993 ) ;
#5049 = LINE ( 'NONE', #503, #1071 ) ;
#5050 = CYLINDRICAL_SURFACE ( 'NONE', #7309, 3.000000000000002665 ) ;
#5051 = VERTEX_POINT ( 'NONE', #8228 ) ;
#5052 = ADVANCED_FACE ( 'NONE', ( #1411 ), #6733, .F. ) ;
#5053 = VERTEX_POINT ( 'NONE', #524 ) ;
#5054 = DIRECTION ( 'NONE',  ( -1.000000000000000000, 0.000000000000000000, -7.265493787950902600E-16 ) ) ;
#5055 = ORIENTED_EDGE ( 'NONE', *, *, #4646, .F. ) ;
#5056 = VECTOR ( 'NONE', #1676, 1000.000000000000000 ) ;
#5057 = AXIS2_PLACEMENT_3D ( 'NONE', #521, #1410, #9746 ) ;
#5058 = DIRECTION ( 'NONE',  ( -0.9803806606322138517, 0.000000000000000000, -0.1971135719790600427 ) ) ;
#5059 = DIRECTION ( 'NONE',  ( 0.000000000000000000, -1.000000000000000000, 0.000000000000000000 ) ) ;
#5060 = ORIENTED_EDGE ( 'NONE', *, *, #5769, .T. ) ;
#5061 = CARTESIAN_POINT ( 'NONE',  ( 242.4195857876089235, 0.000000000000000000, -459.6862461227964900 ) ) ;
#5062 = EDGE_LOOP ( 'NONE', ( #6646, #6913, #4005, #5737 ) ) ;
#5063 = ORIENTED_EDGE ( 'NONE', *, *, #5323, .F. ) ;
#5064 = VECTOR ( 'NONE', #4043, 1000.000000000000000 ) ;
#5065 = VECTOR ( 'NONE', #2720, 1000.000000000000000 ) ;
#5066 = DIRECTION ( 'NONE',  ( -0.000000000000000000, 1.000000000000000000, -0.000000000000000000 ) ) ;
#5067 = PLANE ( 'NONE',  #8949 ) ;
#5068 = ORIENTED_EDGE ( 'NONE', *, *, #7468, .F. ) ;
#5069 = CARTESIAN_POINT ( 'NONE',  ( 254.9999999999997158, 0.000000000000000000, 168.4036976976977371 ) ) ;
#5070 = AXIS2_PLACEMENT_3D ( 'NONE', #3040, #5991, #2990 ) ;
#5071 = VECTOR ( 'NONE', #6612, 1000.000000000000000 ) ;
#5072 = EDGE_CURVE ( 'NONE', #9159, #3665, #674, .T. ) ;
#5073 = CARTESIAN_POINT ( 'NONE',  ( 597.4999999998079829, 0.000000000000000000, -312.5963023023024334 ) ) ;
#5074 = VERTEX_POINT ( 'NONE', #6587 ) ;
#5075 = CARTESIAN_POINT ( 'NONE',  ( 99.99999999999991473, -3.174999999999999822, -471.5963023023023766 ) ) ;
#5076 = DIRECTION ( 'NONE',  ( 0.000000000000000000, 0.000000000000000000, 1.000000000000000000 ) ) ;
#5077 = CIRCLE ( 'NONE', #4274, 3.250000000000030642 ) ;
#5078 = CARTESIAN_POINT ( 'NONE',  ( 490.4422290952782646, 0.000000000000000000, -373.6088350285747310 ) ) ;
#5079 = ORIENTED_EDGE ( 'NONE', *, *, #4618, .F. ) ;
#5080 = ORIENTED_EDGE ( 'NONE', *, *, #472, .T. ) ;
#5081 = FACE_BOUND ( 'NONE', #4078, .T. ) ;
#5082 = CIRCLE ( 'NONE', #7970, 3.000000000000002665 ) ;
#5083 = CARTESIAN_POINT ( 'NONE',  ( -237.2899358248529040, 0.000000000000000000, -421.4899436373511321 ) ) ;
#5084 = CIRCLE ( 'NONE', #2533, 3.000000000000002665 ) ;
#5085 = LINE ( 'NONE', #2980, #2314 ) ;
#5086 = CARTESIAN_POINT ( 'NONE',  ( 594.4999999998080966, 0.000000000000000000, -312.5963023023024334 ) ) ;
#5087 = EDGE_LOOP ( 'NONE', ( #2991, #8960, #7911, #5875 ) ) ;
#5088 = CYLINDRICAL_SURFACE ( 'NONE', #4482, 3.000000000000002665 ) ;
#5089 = VERTEX_POINT ( 'NONE', #2114 ) ;
#5090 = EDGE_LOOP ( 'NONE', ( #7098, #2261, #2141, #6305 ) ) ;
#5091 = CARTESIAN_POINT ( 'NONE',  ( -402.0000000000000000, 0.000000000000000000, 103.6536976976978650 ) ) ;
#5092 = ORIENTED_EDGE ( 'NONE', *, *, #1770, .F. ) ;
#5093 = EDGE_CURVE ( 'NONE', #1824, #7115, #1267, .T. ) ;
#5094 = FACE_OUTER_BOUND ( 'NONE', #5090, .T. ) ;
#5095 = CARTESIAN_POINT ( 'NONE',  ( -558.9999999998083240, -3.174999999999999822, -312.5963023023023197 ) ) ;
#5096 = DIRECTION ( 'NONE',  ( 1.000000000000000000, -0.000000000000000000, -0.000000000000000000 ) ) ;
#5097 = DIRECTION ( 'NONE',  ( 0.000000000000000000, 0.000000000000000000, -1.000000000000000000 ) ) ;
#5098 = VECTOR ( 'NONE', #8725, 1000.000000000000000 ) ;
#5099 = ORIENTED_EDGE ( 'NONE', *, *, #4717, .T. ) ;
#5100 = CARTESIAN_POINT ( 'NONE',  ( -293.9999999999997726, 0.000000000000000000, 168.4036976976977655 ) ) ;
#5101 = CARTESIAN_POINT ( 'NONE',  ( 475.3811960363100866, 0.000000000000000000, -412.8474038505472095 ) ) ;
#5102 = EDGE_CURVE ( 'NONE', #5210, #2166, #5221, .T. ) ;
#5103 = EDGE_CURVE ( 'NONE', #2975, #2213, #3385, .T. ) ;
#5104 = EDGE_LOOP ( 'NONE', ( #5649, #3614, #8699, #7614 ) ) ;
#5105 = AXIS2_PLACEMENT_3D ( 'NONE', #3674, #8282, #5281 ) ;
#5106 = CYLINDRICAL_SURFACE ( 'NONE', #6127, 3.000000000000002665 ) ;
#5107 = DIRECTION ( 'NONE',  ( -0.000000000000000000, 1.000000000000000000, -0.000000000000000000 ) ) ;
#5108 = VECTOR ( 'NONE', #4767, 1000.000000000000227 ) ;
#5109 = CARTESIAN_POINT ( 'NONE',  ( -74.00000000000002842, -3.174999999999999822, -474.5963023023023197 ) ) ;
#5110 = ORIENTED_EDGE ( 'NONE', *, *, #4717, .F. ) ;
#5111 = CARTESIAN_POINT ( 'NONE',  ( 490.9999999998081535, 0.000000000000000000, 168.4036976976976518 ) ) ;
#5112 = ORIENTED_EDGE ( 'NONE', *, *, #111, .T. ) ;
#5113 = VERTEX_POINT ( 'NONE', #6779 ) ;
#5114 = AXIS2_PLACEMENT_3D ( 'NONE', #192, #8548, #237 ) ;
#5115 = DIRECTION ( 'NONE',  ( 0.000000000000000000, -1.000000000000000000, 0.000000000000000000 ) ) ;
#5116 = AXIS2_PLACEMENT_3D ( 'NONE', #8314, #801, #5455 ) ;
#5117 = CARTESIAN_POINT ( 'NONE',  ( 62.99999999999991473, -3.174999999999999822, -474.5963023023023766 ) ) ;
#5118 = ORIENTED_EDGE ( 'NONE', *, *, #4060, .T. ) ;
#5119 = EDGE_CURVE ( 'NONE', #808, #8674, #6276, .T. ) ;
#5120 = CARTESIAN_POINT ( 'NONE',  ( -594.4999999998082103, 0.000000000000000000, 109.9036976976977229 ) ) ;
#5121 = PRESENTATION_LAYER_ASSIGNMENT (  '', '', ( #9461 ) ) ;
#5122 = DIRECTION ( 'NONE',  ( 0.000000000000000000, 0.000000000000000000, 1.000000000000000000 ) ) ;
#5123 = ORIENTED_EDGE ( 'NONE', *, *, #144, .T. ) ;
#5124 = DIRECTION ( 'NONE',  ( 7.401486830834370205E-14, 0.000000000000000000, 1.000000000000000000 ) ) ;
#5126 = LINE ( 'NONE', #8087, #4237 ) ;
#5125 = CIRCLE ( 'NONE', #6419, 3.000000000000002665 ) ;
#5127 = CARTESIAN_POINT ( 'NONE',  ( -594.4999999998082103, 0.000000000000000000, 120.9036976976977371 ) ) ;
#5128 = EDGE_CURVE ( 'NONE', #808, #4049, #71, .T. ) ;
#5129 = ORIENTED_EDGE ( 'NONE', *, *, #1009, .F. ) ;
#5130 = ORIENTED_EDGE ( 'NONE', *, *, #7084, .T. ) ;
#5131 = EDGE_CURVE ( 'NONE', #435, #4858, #7536, .T. ) ;
#5132 = DIRECTION ( 'NONE',  ( -0.000000000000000000, 1.000000000000000000, -0.000000000000000000 ) ) ;
#5133 = CARTESIAN_POINT ( 'NONE',  ( 597.4999999998080966, -3.174999999999999822, -315.5963023023024334 ) ) ;
#5134 = CARTESIAN_POINT ( 'NONE',  ( 282.9999999999997726, 0.000000000000000000, 168.4036976976977371 ) ) ;
#5135 = CARTESIAN_POINT ( 'NONE',  ( -175.6428031048939147, 6.825000000000000178, -435.3718233711599055 ) ) ;
#5136 = ORIENTED_EDGE ( 'NONE', *, *, #4364, .F. ) ;
#5137 = DIRECTION ( 'NONE',  ( 0.000000000000000000, 0.000000000000000000, 1.000000000000000000 ) ) ;
#5138 = ORIENTED_EDGE ( 'NONE', *, *, #5537, .T. ) ;
#5139 = ADVANCED_FACE ( 'NONE', ( #1464 ), #4614, .F. ) ;
#5140 = AXIS2_PLACEMENT_3D ( 'NONE', #5678, #4173, #8034 ) ;
#5141 = VERTEX_POINT ( 'NONE', #6826 ) ;
#5142 = CARTESIAN_POINT ( 'NONE',  ( 96.99999999999990052, 0.000000000000000000, -436.0963023023023766 ) ) ;
#5143 = ORIENTED_EDGE ( 'NONE', *, *, #1570, .T. ) ;
#5144 = DIRECTION ( 'NONE',  ( 0.000000000000000000, -1.000000000000000000, 0.000000000000000000 ) ) ;
#5145 = CARTESIAN_POINT ( 'NONE',  ( 145.4999999999998863, 0.000000000000000000, -417.0963023023022060 ) ) ;
#5146 = EDGE_CURVE ( 'NONE', #3105, #1360, #4516, .T. ) ;
#5147 = DIRECTION ( 'NONE',  ( 0.000000000000000000, 1.000000000000000000, 0.000000000000000000 ) ) ;
#5148 = CARTESIAN_POINT ( 'NONE',  ( 519.4999999998082103, -3.174999999999999822, 132.9036976976976803 ) ) ;
#5149 = VERTEX_POINT ( 'NONE', #7619 ) ;
#5150 = ORIENTED_EDGE ( 'NONE', *, *, #4590, .F. ) ;
#5151 = EDGE_CURVE ( 'NONE', #5890, #9165, #4669, .T. ) ;
#5152 = AXIS2_PLACEMENT_3D ( 'NONE', #1211, #6579, #9646 ) ;
#5153 = EDGE_CURVE ( 'NONE', #408, #8737, #6899, .T. ) ;
#5154 = CARTESIAN_POINT ( 'NONE',  ( -103.0000000000000284, -3.174999999999999822, -474.5963023023023197 ) ) ;
#5155 = ORIENTED_EDGE ( 'NONE', *, *, #1051, .F. ) ;
#5156 = CARTESIAN_POINT ( 'NONE',  ( -519.4999999998082103, 0.000000000000000000, 168.4036976976977655 ) ) ;
#5157 = CARTESIAN_POINT ( 'NONE',  ( -163.5746922328639528, 0.000000000000000000, -474.5963023023023197 ) ) ;
#5158 = DIRECTION ( 'NONE',  ( 0.000000000000000000, -1.000000000000000000, 0.000000000000000000 ) ) ;
#5159 = ADVANCED_FACE ( 'NONE', ( #9187 ), #9141, .T. ) ;
#5160 = ORIENTED_EDGE ( 'NONE', *, *, #7096, .T. ) ;
#5161 = DIRECTION ( 'NONE',  ( 0.000000000000000000, 0.000000000000000000, -1.000000000000000000 ) ) ;
#5162 = ORIENTED_EDGE ( 'NONE', *, *, #9134, .F. ) ;
#5163 = VERTEX_POINT ( 'NONE', #2263 ) ;
#5164 = CARTESIAN_POINT ( 'NONE',  ( -558.9999999998083240, 0.000000000000000000, 117.9036976976977655 ) ) ;
#5165 = EDGE_CURVE ( 'NONE', #6255, #8841, #2212, .T. ) ;
#5166 = CARTESIAN_POINT ( 'NONE',  ( 557.5485770882340830, 0.000000000000000000, -362.3768998705954800 ) ) ;
#5167 = VECTOR ( 'NONE', #844, 1000.000000000000000 ) ;
#5168 = PRODUCT_DEFINITION_CONTEXT ( 'detailed design', #8797, 'design' ) ;
#5169 = ORIENTED_EDGE ( 'NONE', *, *, #8148, .F. ) ;
#5170 = LINE ( 'NONE', #2918, #429 ) ;
#5171 = DIRECTION ( 'NONE',  ( -0.000000000000000000, 1.000000000000000000, -0.000000000000000000 ) ) ;
#5172 = ORIENTED_EDGE ( 'NONE', *, *, #4446, .T. ) ;
#5173 = CARTESIAN_POINT ( 'NONE',  ( -402.0000000000000000, -3.174999999999999822, -369.5963023023023197 ) ) ;
#5174 = LINE ( 'NONE', #1364, #9765 ) ;
#5175 = EDGE_CURVE ( 'NONE', #9790, #4380, #8672, .T. ) ;
#5176 = CARTESIAN_POINT ( 'NONE',  ( 555.9999999998080966, 0.000000000000000000, -279.5963023023024334 ) ) ;
#5177 = ORIENTED_EDGE ( 'NONE', *, *, #8736, .F. ) ;
#5178 = ORIENTED_EDGE ( 'NONE', *, *, #4420, .F. ) ;
#5179 = FACE_BOUND ( 'NONE', #943, .T. ) ;
#5180 = DIRECTION ( 'NONE',  ( 0.1971135719790633178, -0.000000000000000000, 0.9803806606322130746 ) ) ;
#5181 = CIRCLE ( 'NONE', #8066, 3.250000000000030642 ) ;
#5182 = DIRECTION ( 'NONE',  ( 0.000000000000000000, 0.000000000000000000, 1.000000000000000000 ) ) ;
#5183 = CARTESIAN_POINT ( 'NONE',  ( -556.0419601082584222, 0.000000000000000000, 115.4036976976977229 ) ) ;
#5184 = VERTEX_POINT ( 'NONE', #4562 ) ;
#5185 = DIRECTION ( 'NONE',  ( -1.000000000000000000, 0.000000000000000000, 2.109170134115681738E-16 ) ) ;
#5186 = EDGE_CURVE ( 'NONE', #8742, #280, #32, .T. ) ;
#5187 = VERTEX_POINT ( 'NONE', #9897 ) ;
#5188 = DIRECTION ( 'NONE',  ( 0.9803806606322130746, -0.000000000000000000, 0.1971135719790633178 ) ) ;
#5189 = EDGE_LOOP ( 'NONE', ( #3129, #4429, #9148, #991 ) ) ;
#5190 = DIRECTION ( 'NONE',  ( -0.000000000000000000, 1.000000000000000000, -0.000000000000000000 ) ) ;
#5191 = DIRECTION ( 'NONE',  ( 0.000000000000000000, -1.000000000000000000, 0.000000000000000000 ) ) ;
#5192 = LINE ( 'NONE', #3695, #292 ) ;
#5193 = CARTESIAN_POINT ( 'NONE',  ( -597.4999999998082103, -3.174999999999999822, -276.5963023023022629 ) ) ;
#5194 = EDGE_LOOP ( 'NONE', ( #7256, #4309, #1696, #9826 ) ) ;
#5195 = AXIS2_PLACEMENT_3D ( 'NONE', #5028, #4177, #9699 ) ;
#5196 = VECTOR ( 'NONE', #994, 1000.000000000000000 ) ;
#5198 = DIRECTION ( 'NONE',  ( 0.000000000000000000, -1.000000000000000000, 0.000000000000000000 ) ) ;
#5197 = CIRCLE ( 'NONE', #1687, 3.000000000000002665 ) ;
#5199 = ORIENTED_EDGE ( 'NONE', *, *, #9033, .F. ) ;
#5200 = DIRECTION ( 'NONE',  ( 0.000000000000000000, 0.000000000000000000, 1.000000000000000000 ) ) ;
#5201 = ORIENTED_EDGE ( 'NONE', *, *, #5998, .F. ) ;
#5202 = CARTESIAN_POINT ( 'NONE',  ( 347.9999999999997726, -3.174999999999999822, -369.5963023023020355 ) ) ;
#5203 = FACE_OUTER_BOUND ( 'NONE', #5638, .T. ) ;
#5204 = CIRCLE ( 'NONE', #6005, 2.749999999999974687 ) ;
#5205 = EDGE_CURVE ( 'NONE', #8117, #8054, #9843, .T. ) ;
#5206 = DIRECTION ( 'NONE',  ( 0.000000000000000000, 0.000000000000000000, 1.000000000000000000 ) ) ;
#5207 = EDGE_CURVE ( 'NONE', #1330, #8031, #6228, .T. ) ;
#5208 = DIRECTION ( 'NONE',  ( 1.000000000000000000, 0.000000000000000000, -0.000000000000000000 ) ) ;
#5209 = AXIS2_PLACEMENT_3D ( 'NONE', #5749, #8815, #5044 ) ;
#5210 = VERTEX_POINT ( 'NONE', #2966 ) ;
#5211 = DIRECTION ( 'NONE',  ( 0.000000000000000000, 1.000000000000000000, 0.000000000000000000 ) ) ;
#5212 = EDGE_LOOP ( 'NONE', ( #4852, #1683, #9678, #3325 ) ) ;
#5213 = ORIENTED_EDGE ( 'NONE', *, *, #3867, .F. ) ;
#5214 = DIRECTION ( 'NONE',  ( 0.000000000000000000, 0.000000000000000000, 1.000000000000000000 ) ) ;
#5215 = VECTOR ( 'NONE', #6239, 1000.000000000000000 ) ;
#5216 = EDGE_LOOP ( 'NONE', ( #3911, #5018, #7713, #7284 ) ) ;
#5217 = EDGE_CURVE ( 'NONE', #2457, #4946, #6171, .T. ) ;
#5218 = CYLINDRICAL_SURFACE ( 'NONE', #2655, 3.000000000000002665 ) ;
#5219 = EDGE_CURVE ( 'NONE', #8887, #4290, #4498, .T. ) ;
#5220 = VECTOR ( 'NONE', #2334, 1000.000000000000227 ) ;
#5221 = LINE ( 'NONE', #3569, #197 ) ;
#5222 = ORIENTED_EDGE ( 'NONE', *, *, #1578, .T. ) ;
#5223 = AXIS2_PLACEMENT_3D ( 'NONE', #8329, #9139, #4667 ) ;
#5224 = CARTESIAN_POINT ( 'NONE',  ( 577.4999999998080966, -3.174999999999999822, 171.4036976976977087 ) ) ;
#5225 = DIRECTION ( 'NONE',  ( 0.000000000000000000, 0.000000000000000000, 1.000000000000000000 ) ) ;
#5226 = LINE ( 'NONE', #3826, #8633 ) ;
#5227 = CIRCLE ( 'NONE', #1551, 3.000000000000002665 ) ;
#5228 = VERTEX_POINT ( 'NONE', #914 ) ;
#5229 = CIRCLE ( 'NONE', #6675, 3.000000000000002665 ) ;
#5230 = ORIENTED_EDGE ( 'NONE', *, *, #4620, .F. ) ;
#5231 = CARTESIAN_POINT ( 'NONE',  ( -552.4999999998080966, 0.000000000000000000, -374.9753774975062584 ) ) ;
#5232 = DIRECTION ( 'NONE',  ( -0.000000000000000000, -0.000000000000000000, 1.000000000000000000 ) ) ;
#5233 = ADVANCED_FACE ( 'NONE', ( #3770 ), #9294, .F. ) ;
#5234 = CARTESIAN_POINT ( 'NONE',  ( 594.4999999998082103, 0.000000000000000000, 89.90369769769773711 ) ) ;
#5235 = DIRECTION ( 'NONE',  ( -1.000000000000000000, 0.000000000000000000, 0.000000000000000000 ) ) ;
#5236 = CIRCLE ( 'NONE', #1233, 3.000000000000002665 ) ;
#5237 = DIRECTION ( 'NONE',  ( -0.000000000000000000, -0.000000000000000000, -1.000000000000000000 ) ) ;
#5238 = ORIENTED_EDGE ( 'NONE', *, *, #9579, .F. ) ;
#5239 = VECTOR ( 'NONE', #3249, 1000.000000000000000 ) ;
#5240 = DIRECTION ( 'NONE',  ( 0.000000000000000000, 0.000000000000000000, 1.000000000000000000 ) ) ;
#5241 = VERTEX_POINT ( 'NONE', #1666 ) ;
#5242 = DIRECTION ( 'NONE',  ( 0.000000000000000000, 0.000000000000000000, 1.000000000000000000 ) ) ;
#5243 = CYLINDRICAL_SURFACE ( 'NONE', #649, 3.000000000000002665 ) ;
#5244 = EDGE_CURVE ( 'NONE', #4510, #1667, #9645, .T. ) ;
#5245 = LINE ( 'NONE', #593, #7473 ) ;
#5246 = CARTESIAN_POINT ( 'NONE',  ( -66.00000000000001421, 0.000000000000000000, -471.5963023023023197 ) ) ;
#5247 = EDGE_LOOP ( 'NONE', ( #9589, #2760, #3141, #5316 ) ) ;
#5248 = VECTOR ( 'NONE', #7259, 1000.000000000000000 ) ;
#5249 = AXIS2_PLACEMENT_3D ( 'NONE', #2856, #4353, #2619 ) ;
#5250 = EDGE_CURVE ( 'NONE', #7194, #4648, #6377, .T. ) ;
#5251 = DIRECTION ( 'NONE',  ( 0.000000000000000000, -1.000000000000000000, 0.000000000000000000 ) ) ;
#5252 = ORIENTED_EDGE ( 'NONE', *, *, #1673, .T. ) ;
#5253 = EDGE_CURVE ( 'NONE', #5149, #7629, #8729, .T. ) ;
#5254 = CARTESIAN_POINT ( 'NONE',  ( 169.4999999999999147, 0.000000000000000000, -417.0963023023022060 ) ) ;
#5255 = EDGE_LOOP ( 'NONE', ( #4366, #4110, #6166, #4276 ) ) ;
#5256 = DIRECTION ( 'NONE',  ( -0.000000000000000000, 1.000000000000000000, -0.000000000000000000 ) ) ;
#5257 = CARTESIAN_POINT ( 'NONE',  ( 93.99999999999990052, 0.000000000000000000, -433.0963023023023766 ) ) ;
#5258 = AXIS2_PLACEMENT_3D ( 'NONE', #1998, #5058, #5619 ) ;
#5259 = CARTESIAN_POINT ( 'NONE',  ( 514.4999999998079829, 0.000000000000000000, 171.4036976976978224 ) ) ;
#5260 = FACE_OUTER_BOUND ( 'NONE', #4684, .T. ) ;
#5261 = ORIENTED_EDGE ( 'NONE', *, *, #8177, .T. ) ;
#5262 = CYLINDRICAL_SURFACE ( 'NONE', #1442, 2.749999999999974687 ) ;
#5263 = ORIENTED_EDGE ( 'NONE', *, *, #1419, .F. ) ;
#5264 = EDGE_CURVE ( 'NONE', #8721, #7830, #1766, .T. ) ;
#5265 = VERTEX_POINT ( 'NONE', #6426 ) ;
#5266 = CARTESIAN_POINT ( 'NONE',  ( 594.4999999998080966, -3.174999999999999822, -276.5963023023024334 ) ) ;
#5267 = EDGE_CURVE ( 'NONE', #7069, #7066, #9536, .T. ) ;
#5268 = VECTOR ( 'NONE', #3119, 1000.000000000000000 ) ;
#5269 = VECTOR ( 'NONE', #5476, 1000.000000000000000 ) ;
#5270 = ORIENTED_EDGE ( 'NONE', *, *, #1983, .F. ) ;
#5271 = AXIS2_PLACEMENT_3D ( 'NONE', #6054, #3954, #8519 ) ;
#5272 = CARTESIAN_POINT ( 'NONE',  ( -597.4999999998082103, -3.174999999999999822, 151.4036976976976518 ) ) ;
#5273 = ORIENTED_EDGE ( 'NONE', *, *, #7728, .T. ) ;
#5274 = CARTESIAN_POINT ( 'NONE',  ( -594.4999999998082103, 0.000000000000000000, 89.90369769769773711 ) ) ;
#5275 = AXIS2_PLACEMENT_3D ( 'NONE', #3117, #6925, #75 ) ;
#5276 = DIRECTION ( 'NONE',  ( 0.000000000000000000, 0.000000000000000000, 1.000000000000000000 ) ) ;
#5277 = CIRCLE ( 'NONE', #9451, 3.000000000000002665 ) ;
#5278 = VERTEX_POINT ( 'NONE', #1813 ) ;
#5279 = DIRECTION ( 'NONE',  ( 0.000000000000000000, -1.000000000000000000, 0.000000000000000000 ) ) ;
#5280 = AXIS2_PLACEMENT_3D ( 'NONE', #4546, #7602, #752 ) ;
#5281 = DIRECTION ( 'NONE',  ( 0.000000000000000000, 0.000000000000000000, 1.000000000000000000 ) ) ;
#5282 = EDGE_CURVE ( 'NONE', #8816, #8397, #4966, .T. ) ;
#5283 = DIRECTION ( 'NONE',  ( -0.000000000000000000, 1.000000000000000000, 0.000000000000000000 ) ) ;
#5284 = EDGE_LOOP ( 'NONE', ( #6750, #8307, #360, #2385 ) ) ;
#5285 = ORIENTED_EDGE ( 'NONE', *, *, #5034, .T. ) ;
#5286 = DIRECTION ( 'NONE',  ( 0.000000000000000000, 0.000000000000000000, 1.000000000000000000 ) ) ;
#5287 = CYLINDRICAL_SURFACE ( 'NONE', #7373, 3.000000000000002665 ) ;
#5288 = CARTESIAN_POINT ( 'NONE',  ( -348.0000000000000000, 0.000000000000000000, -369.5963023023023197 ) ) ;
#5289 = CARTESIAN_POINT ( 'NONE',  ( -269.8702442853110597, -3.174999999999999822, -454.1670661073827091 ) ) ;
#5290 = CIRCLE ( 'NONE', #1135, 10.00000000000000888 ) ;
#5291 = EDGE_CURVE ( 'NONE', #478, #2061, #4866, .T. ) ;
#5292 = DIRECTION ( 'NONE',  ( 0.000000000000000000, 0.000000000000000000, 1.000000000000000000 ) ) ;
#5293 = AXIS2_PLACEMENT_3D ( 'NONE', #4888, #6994, #6252 ) ;
#5294 = ORIENTED_EDGE ( 'NONE', *, *, #6731, .F. ) ;
#5295 = AXIS2_PLACEMENT_3D ( 'NONE', #165, #7950, #7764 ) ;
#5296 = ORIENTED_EDGE ( 'NONE', *, *, #3286, .F. ) ;
#5297 = DIRECTION ( 'NONE',  ( -0.000000000000000000, 1.000000000000000000, -0.000000000000000000 ) ) ;
#5298 = DIRECTION ( 'NONE',  ( 0.000000000000000000, -1.000000000000000000, 0.000000000000000000 ) ) ;
#5299 = CARTESIAN_POINT ( 'NONE',  ( -348.0000000000000000, 0.000000000000000000, 106.4036976976978366 ) ) ;
#5300 = ORIENTED_EDGE ( 'NONE', *, *, #4487, .F. ) ;
#5301 = AXIS2_PLACEMENT_3D ( 'NONE', #7671, #719, #5276 ) ;
#5302 = CARTESIAN_POINT ( 'NONE',  ( 577.4999999998079829, 0.000000000000000000, -73.09630230230185077 ) ) ;
#5303 = EDGE_CURVE ( 'NONE', #7193, #8445, #178, .T. ) ;
#5304 = ORIENTED_EDGE ( 'NONE', *, *, #6637, .T. ) ;
#5305 = DIRECTION ( 'NONE',  ( -0.000000000000000000, -0.000000000000000000, 1.000000000000000000 ) ) ;
#5306 = EDGE_LOOP ( 'NONE', ( #2426, #3313, #8957, #6631 ) ) ;
#5307 = AXIS2_PLACEMENT_3D ( 'NONE', #1815, #7925, #5671 ) ;
#5308 = FACE_OUTER_BOUND ( 'NONE', #7517, .T. ) ;
#5309 = DIRECTION ( 'NONE',  ( 0.9803806606322131856, 0.000000000000000000, -0.1971135719790628738 ) ) ;
#5310 = DIRECTION ( 'NONE',  ( -0.000000000000000000, 1.000000000000000000, 0.000000000000000000 ) ) ;
#5311 = DIRECTION ( 'NONE',  ( 0.9803806606322125194, 0.000000000000000000, 0.1971135719790659824 ) ) ;
#5312 = ORIENTED_EDGE ( 'NONE', *, *, #6331, .F. ) ;
#5313 = AXIS2_PLACEMENT_3D ( 'NONE', #3465, #7374, #3563 ) ;
#5314 = CARTESIAN_POINT ( 'NONE',  ( -348.0000000000000000, 6.825000000000000178, -369.5963023023023197 ) ) ;
#5315 = ORIENTED_EDGE ( 'NONE', *, *, #9514, .F. ) ;
#5316 = ORIENTED_EDGE ( 'NONE', *, *, #8537, .F. ) ;
#5317 = CARTESIAN_POINT ( 'NONE',  ( 285.9999999999997726, -3.174999999999999822, 168.4036976976977087 ) ) ;
#5318 = EDGE_CURVE ( 'NONE', #6206, #4062, #2465, .T. ) ;
#5319 = ORIENTED_EDGE ( 'NONE', *, *, #3093, .F. ) ;
#5320 = LINE ( 'NONE', #9183, #7355 ) ;
#5321 = EDGE_LOOP ( 'NONE', ( #7753, #3639, #5903, #8174 ) ) ;
#5322 = PLANE ( 'NONE',  #3456 ) ;
#5323 = EDGE_CURVE ( 'NONE', #666, #2073, #3215, .T. ) ;
#5324 = DIRECTION ( 'NONE',  ( 0.000000000000000000, -1.000000000000000000, 0.000000000000000000 ) ) ;
#5325 = VERTEX_POINT ( 'NONE', #7079 ) ;
#5326 = CARTESIAN_POINT ( 'NONE',  ( 522.4999999998082103, -3.174999999999999822, 168.4036976976977087 ) ) ;
#5327 = FACE_BOUND ( 'NONE', #6725, .T. ) ;
#5328 = AXIS2_PLACEMENT_3D ( 'NONE', #2744, #8764, #4853 ) ;
#5329 = CARTESIAN_POINT ( 'NONE',  ( 285.9999999999997726, 0.000000000000000000, 132.9036976976976803 ) ) ;
#5330 = EDGE_CURVE ( 'NONE', #8490, #5972, #6087, .T. ) ;
#5331 = VERTEX_POINT ( 'NONE', #5574 ) ;
#5332 = ORIENTED_EDGE ( 'NONE', *, *, #2395, .F. ) ;
#5333 = CARTESIAN_POINT ( 'NONE',  ( 555.9999999998080966, -3.174999999999999822, -279.5963023023024334 ) ) ;
#5334 = LINE ( 'NONE', #8391, #4280 ) ;
#5335 = ADVANCED_FACE ( 'NONE', ( #1016 ), #3317, .T. ) ;
#5336 = VECTOR ( 'NONE', #5190, 1000.000000000000000 ) ;
#5337 = EDGE_CURVE ( 'NONE', #1885, #9543, #2658, .T. ) ;
#5338 = CARTESIAN_POINT ( 'NONE',  ( 264.8334738013186325, 0.000000000000000000, -418.9693255109810366 ) ) ;
#5339 = DIRECTION ( 'NONE',  ( 0.000000000000000000, 0.000000000000000000, -1.000000000000000000 ) ) ;
#5340 = CARTESIAN_POINT ( 'NONE',  ( 522.4999999998082103, 0.000000000000000000, 168.4036976976977087 ) ) ;
#5341 = EDGE_LOOP ( 'NONE', ( #2845, #8526, #856, #395 ) ) ;
#5342 = VERTEX_POINT ( 'NONE', #1719 ) ;
#5343 = ADVANCED_FACE ( 'NONE', ( #7976 ), #4066, .T. ) ;
#5344 = VERTEX_POINT ( 'NONE', #9441 ) ;
#5345 = DIRECTION ( 'NONE',  ( 0.000000000000000000, 0.000000000000000000, 1.000000000000000000 ) ) ;
#5346 = CARTESIAN_POINT ( 'NONE',  ( 558.9999999998080966, 0.000000000000000000, 114.9036976976977371 ) ) ;
#5347 = LINE ( 'NONE', #7806, #5366 ) ;
#5348 = CARTESIAN_POINT ( 'NONE',  ( 277.7132895703686017, 0.000000000000000000, -452.5901575315502328 ) ) ;
#5349 = ORIENTED_EDGE ( 'NONE', *, *, #4541, .T. ) ;
#5350 = CYLINDRICAL_SURFACE ( 'NONE', #6471, 3.000000000000002665 ) ;
#5351 = ORIENTED_EDGE ( 'NONE', *, *, #4571, .T. ) ;
#5352 = DIRECTION ( 'NONE',  ( 0.000000000000000000, 0.000000000000000000, -1.000000000000000000 ) ) ;
#5353 = ORIENTED_EDGE ( 'NONE', *, *, #3439, .T. ) ;
#5354 = FACE_OUTER_BOUND ( 'NONE', #6821, .T. ) ;
#5355 = CARTESIAN_POINT ( 'NONE',  ( -402.0000000000000000, -3.174999999999999822, 109.1536976976978082 ) ) ;
#5356 = CARTESIAN_POINT ( 'NONE',  ( -254.9999999999996589, -3.174999999999999822, 171.4036976976977655 ) ) ;
#5357 = DIRECTION ( 'NONE',  ( -0.000000000000000000, 1.000000000000000000, -0.000000000000000000 ) ) ;
#5358 = ADVANCED_FACE ( 'NONE', ( #5719 ), #6473, .F. ) ;
#5359 = ORIENTED_EDGE ( 'NONE', *, *, #5668, .F. ) ;
#5360 = PLANE ( 'NONE',  #9786 ) ;
#5361 = ORIENTED_EDGE ( 'NONE', *, *, #681, .T. ) ;
#5362 = ORIENTED_EDGE ( 'NONE', *, *, #1365, .F. ) ;
#5363 = EDGE_CURVE ( 'NONE', #4327, #9022, #7829, .T. ) ;
#5364 = CARTESIAN_POINT ( 'NONE',  ( 567.4999999998078692, -3.174999999999999822, 141.4036976976982203 ) ) ;
#5365 = ORIENTED_EDGE ( 'NONE', *, *, #4150, .T. ) ;
#5366 = VECTOR ( 'NONE', #3194, 1000.000000000000227 ) ;
#5367 = CARTESIAN_POINT ( 'NONE',  ( 556.0419601082581949, -1.587499999999999467, -310.0963023023024334 ) ) ;
#5368 = EDGE_LOOP ( 'NONE', ( #4994, #2835, #5816, #6729 ) ) ;
#5369 = CIRCLE ( 'NONE', #4558, 3.000000000000002665 ) ;
#5370 = CARTESIAN_POINT ( 'NONE',  ( -577.4999999998082103, 6.825000000000000178, -121.5963023023022345 ) ) ;
#5371 = DIRECTION ( 'NONE',  ( -0.1971135719790632623, 0.000000000000000000, 0.9803806606322131856 ) ) ;
#5372 = DIRECTION ( 'NONE',  ( -0.9803806606322125194, 0.000000000000000000, -0.1971135719790659824 ) ) ;
#5373 = ORIENTED_EDGE ( 'NONE', *, *, #4960, .F. ) ;
#5374 = DIRECTION ( 'NONE',  ( -0.000000000000000000, 1.000000000000000000, -0.000000000000000000 ) ) ;
#5375 = AXIS2_PLACEMENT_3D ( 'NONE', #9327, #1841, #6357 ) ;
#5376 = DIRECTION ( 'NONE',  ( 0.000000000000000000, 1.000000000000000000, 0.000000000000000000 ) ) ;
#5377 = DIRECTION ( 'NONE',  ( 0.000000000000000000, 0.000000000000000000, 1.000000000000000000 ) ) ;
#5378 = ORIENTED_EDGE ( 'NONE', *, *, #7921, .T. ) ;
#5379 = ADVANCED_FACE ( 'NONE', ( #1060 ), #4116, .T. ) ;
#5380 = VECTOR ( 'NONE', #5779, 1000.000000000000000 ) ;
#5381 = FACE_OUTER_BOUND ( 'NONE', #4041, .T. ) ;
#5382 = CARTESIAN_POINT ( 'NONE',  ( -587.4999999998082103, -3.174999999999999822, -347.3768998705955369 ) ) ;
#5383 = DIRECTION ( 'NONE',  ( -0.000000000000000000, 1.000000000000000000, -0.000000000000000000 ) ) ;
#5384 = DIRECTION ( 'NONE',  ( -0.000000000000000000, -1.000000000000000000, -0.000000000000000000 ) ) ;
#5385 = DIRECTION ( 'NONE',  ( 0.000000000000000000, -1.000000000000000000, 0.000000000000000000 ) ) ;
#5386 = EDGE_CURVE ( 'NONE', #3576, #1773, #2805, .T. ) ;
#5387 = ADVANCED_FACE ( 'NONE', ( #7415 ), #9687, .T. ) ;
#5388 = ORIENTED_EDGE ( 'NONE', *, *, #8440, .T. ) ;
#5389 = ORIENTED_EDGE ( 'NONE', *, *, #146, .T. ) ;
#5390 = ORIENTED_EDGE ( 'NONE', *, *, #5965, .F. ) ;
#5391 = CARTESIAN_POINT ( 'NONE',  ( -240.3239572855133304, -3.174999999999999822, -423.8971648104575252 ) ) ;
#5392 = LINE ( 'NONE', #6797, #2074 ) ;
#5393 = VECTOR ( 'NONE', #2044, 1000.000000000000000 ) ;
#5394 = LINE ( 'NONE', #8454, #7762 ) ;
#5395 = DIRECTION ( 'NONE',  ( 0.000000000000000000, 1.000000000000000000, 0.000000000000000000 ) ) ;
#5396 = AXIS2_PLACEMENT_3D ( 'NONE', #1293, #7402, #545 ) ;
#5397 = ORIENTED_EDGE ( 'NONE', *, *, #7597, .T. ) ;
#5398 = ADVANCED_FACE ( 'NONE', ( #2104 ), #4307, .T. ) ;
#5399 = ORIENTED_EDGE ( 'NONE', *, *, #6611, .T. ) ;
#5400 = DIRECTION ( 'NONE',  ( 0.000000000000000000, 0.000000000000000000, 1.000000000000000000 ) ) ;
#5401 = ORIENTED_EDGE ( 'NONE', *, *, #8680, .T. ) ;
#5402 = DIRECTION ( 'NONE',  ( 0.000000000000000000, 0.000000000000000000, -1.000000000000000000 ) ) ;
#5403 = CARTESIAN_POINT ( 'NONE',  ( -597.4999999998082103, -3.174999999999999822, -312.5963023023023197 ) ) ;
#5404 = DIRECTION ( 'NONE',  ( -0.000000000000000000, -1.000000000000000000, -0.000000000000000000 ) ) ;
#5405 = CARTESIAN_POINT ( 'NONE',  ( 191.0092538959338242, 0.000000000000000000, -432.2822724184622984 ) ) ;
#5406 = ORIENTED_EDGE ( 'NONE', *, *, #5219, .T. ) ;
#5407 = AXIS2_PLACEMENT_3D ( 'NONE', #3357, #6421, #407 ) ;
#5408 = VECTOR ( 'NONE', #980, 1000.000000000000000 ) ;
#5409 = ORIENTED_EDGE ( 'NONE', *, *, #2309, .F. ) ;
#5410 = DIRECTION ( 'NONE',  ( -0.000000000000000000, 1.000000000000000000, -0.000000000000000000 ) ) ;
#5411 = ORIENTED_EDGE ( 'NONE', *, *, #7010, .F. ) ;
#5412 = EDGE_CURVE ( 'NONE', #7943, #4580, #5012, .T. ) ;
#5413 = EDGE_LOOP ( 'NONE', ( #7281, #9686, #3035, #1191 ) ) ;
#5414 = CARTESIAN_POINT ( 'NONE',  ( -63.00000000000001421, 0.000000000000000000, -471.5963023023023197 ) ) ;
#5415 = ORIENTED_EDGE ( 'NONE', *, *, #6306, .F. ) ;
#5416 = CARTESIAN_POINT ( 'NONE',  ( 597.4999999998080966, -3.174999999999999822, -276.5963023023024334 ) ) ;
#5417 = ORIENTED_EDGE ( 'NONE', *, *, #7848, .F. ) ;
#5418 = LINE ( 'NONE', #7720, #732 ) ;
#5419 = CARTESIAN_POINT ( 'NONE',  ( 262.9999999999997158, 0.000000000000000000, 168.4036976976977371 ) ) ;
#5420 = CARTESIAN_POINT ( 'NONE',  ( -490.4422290952782078, -3.174999999999999822, -373.6088350285746174 ) ) ;
#5421 = VERTEX_POINT ( 'NONE', #2858 ) ;
#5422 = CIRCLE ( 'NONE', #7018, 14.99999999999995737 ) ;
#5423 = CARTESIAN_POINT ( 'NONE',  ( 488.4814677740140496, 0.000000000000000000, -374.0030621725328501 ) ) ;
#5424 = PLANE ( 'NONE',  #1116 ) ;
#5425 = DIRECTION ( 'NONE',  ( 0.000000000000000000, 0.000000000000000000, -1.000000000000000000 ) ) ;
#5426 = ADVANCED_FACE ( 'NONE', ( #3605 ), #1207, .F. ) ;
#5427 = VERTEX_POINT ( 'NONE', #5861 ) ;
#5428 = DIRECTION ( 'NONE',  ( -5.551115123125777653E-14, 0.000000000000000000, 1.000000000000000000 ) ) ;
#5429 = AXIS2_PLACEMENT_3D ( 'NONE', #8684, #1816, #3874 ) ;
#5430 = DIRECTION ( 'NONE',  ( 0.000000000000000000, 0.000000000000000000, 1.000000000000000000 ) ) ;
#5431 = DIRECTION ( 'NONE',  ( 0.000000000000000000, -1.000000000000000000, 0.000000000000000000 ) ) ;
#5432 = AXIS2_PLACEMENT_3D ( 'NONE', #9387, #5665, #2566 ) ;
#5433 = DIRECTION ( 'NONE',  ( 0.000000000000000000, 0.000000000000000000, 1.000000000000000000 ) ) ;
#5434 = DIRECTION ( 'NONE',  ( 0.000000000000000000, -1.000000000000000000, 0.000000000000000000 ) ) ;
#5435 = EDGE_LOOP ( 'NONE', ( #1295, #5319, #2635, #4823 ) ) ;
#5436 = CARTESIAN_POINT ( 'NONE',  ( -265.9999999999997726, 0.000000000000000000, 171.4036976976977655 ) ) ;
#5437 = CYLINDRICAL_SURFACE ( 'NONE', #2959, 2.749999999999974687 ) ;
#5438 = EDGE_CURVE ( 'NONE', #1824, #7068, #9621, .T. ) ;
#5439 = VECTOR ( 'NONE', #4200, 1000.000000000000000 ) ;
#5440 = EDGE_CURVE ( 'NONE', #1720, #9456, #2415, .T. ) ;
#5441 = ORIENTED_EDGE ( 'NONE', *, *, #1603, .F. ) ;
#5442 = ORIENTED_EDGE ( 'NONE', *, *, #1270, .T. ) ;
#5443 = ORIENTED_EDGE ( 'NONE', *, *, #375, .F. ) ;
#5444 = DIRECTION ( 'NONE',  ( 0.000000000000000000, -1.000000000000000000, 0.000000000000000000 ) ) ;
#5445 = DIRECTION ( 'NONE',  ( 0.000000000000000000, 0.000000000000000000, 1.000000000000000000 ) ) ;
#5446 = CARTESIAN_POINT ( 'NONE',  ( -264.7405943225547844, -1.587499999999999467, -415.9707636219374081 ) ) ;
#5447 = ORIENTED_EDGE ( 'NONE', *, *, #7300, .F. ) ;
#5448 = AXIS2_PLACEMENT_3D ( 'NONE', #1088, #7900, #1036 ) ;
#5449 = AXIS2_PLACEMENT_3D ( 'NONE', #7124, #8585, #272 ) ;
#5450 = VERTEX_POINT ( 'NONE', #5111 ) ;
#5451 = EDGE_CURVE ( 'NONE', #5241, #2213, #4210, .T. ) ;
#5452 = FACE_OUTER_BOUND ( 'NONE', #7404, .T. ) ;
#5453 = EDGE_LOOP ( 'NONE', ( #903, #5674, #1745, #123 ) ) ;
#5454 = FACE_OUTER_BOUND ( 'NONE', #1134, .T. ) ;
#5455 = DIRECTION ( 'NONE',  ( 0.000000000000000000, 0.000000000000000000, -1.000000000000000000 ) ) ;
#5456 = CARTESIAN_POINT ( 'NONE',  ( -277.7132895703687723, -3.174999999999999822, -452.5901575315501759 ) ) ;
#5457 = LINE ( 'NONE', #3956, #3008 ) ;
#5458 = ORIENTED_EDGE ( 'NONE', *, *, #3744, .F. ) ;
#5459 = AXIS2_PLACEMENT_3D ( 'NONE', #5486, #9359, #6937 ) ;
#5460 = ORIENTED_EDGE ( 'NONE', *, *, #4840, .T. ) ;
#5461 = EDGE_CURVE ( 'NONE', #1308, #5278, #2055, .T. ) ;
#5462 = EDGE_CURVE ( 'NONE', #2568, #9302, #6524, .T. ) ;
#5463 = DIRECTION ( 'NONE',  ( 0.000000000000000000, -1.000000000000000000, 0.000000000000000000 ) ) ;
#5464 = ORIENTED_EDGE ( 'NONE', *, *, #6370, .F. ) ;
#5465 = ORIENTED_EDGE ( 'NONE', *, *, #4065, .F. ) ;
#5466 = DIRECTION ( 'NONE',  ( 2.109170134115681985E-16, 0.000000000000000000, 1.000000000000000000 ) ) ;
#5467 = AXIS2_PLACEMENT_3D ( 'NONE', #8991, #4319, #8132 ) ;
#5468 = ORIENTED_EDGE ( 'NONE', *, *, #8769, .T. ) ;
#5469 = DIRECTION ( 'NONE',  ( 0.000000000000000000, 0.000000000000000000, -1.000000000000000000 ) ) ;
#5470 = ORIENTED_EDGE ( 'NONE', *, *, #1631, .F. ) ;
#5471 = PLANE ( 'NONE',  #3603 ) ;
#5472 = DIRECTION ( 'NONE',  ( -0.000000000000000000, 1.000000000000000000, -0.000000000000000000 ) ) ;
#5473 = DIRECTION ( 'NONE',  ( 0.000000000000000000, 0.000000000000000000, -1.000000000000000000 ) ) ;
#5474 = EDGE_LOOP ( 'NONE', ( #7420, #6260, #3096, #3513 ) ) ;
#5475 = EDGE_CURVE ( 'NONE', #7810, #352, #5290, .T. ) ;
#5476 = DIRECTION ( 'NONE',  ( -0.000000000000000000, -1.000000000000000000, -0.000000000000000000 ) ) ;
#5477 = CARTESIAN_POINT ( 'NONE',  ( 597.4999999998080966, -3.174999999999999822, -374.9753774975062584 ) ) ;
#5478 = DIRECTION ( 'NONE',  ( 0.000000000000000000, 1.000000000000000000, -0.000000000000000000 ) ) ;
#5479 = ORIENTED_EDGE ( 'NONE', *, *, #349, .T. ) ;
#5480 = CARTESIAN_POINT ( 'NONE',  ( 490.4422290952782646, -3.174999999999999822, -373.6088350285747310 ) ) ;
#5481 = DIRECTION ( 'NONE',  ( 0.000000000000000000, 0.000000000000000000, 1.000000000000000000 ) ) ;
#5482 = CARTESIAN_POINT ( 'NONE',  ( -485.9999999998082103, 0.000000000000000000, 132.9036976976976518 ) ) ;
#5483 = DIRECTION ( 'NONE',  ( 0.000000000000000000, 0.000000000000000000, 1.000000000000000000 ) ) ;
#5484 = DIRECTION ( 'NONE',  ( 0.000000000000000000, 0.000000000000000000, 1.000000000000000000 ) ) ;
#5485 = EDGE_CURVE ( 'NONE', #5450, #9420, #7264, .T. ) ;
#5486 = CARTESIAN_POINT ( 'NONE',  ( 558.9999999998080966, -3.174999999999999822, 115.9036976976977371 ) ) ;
#5487 = VECTOR ( 'NONE', #8667, 1000.000000000000000 ) ;
#5488 = CARTESIAN_POINT ( 'NONE',  ( -558.9999999998083240, 0.000000000000000000, -284.5963023023023197 ) ) ;
#5489 = ORIENTED_EDGE ( 'NONE', *, *, #2395, .T. ) ;
#5490 = ORIENTED_EDGE ( 'NONE', *, *, #8829, .F. ) ;
#5491 = CARTESIAN_POINT ( 'NONE',  ( 239.4784438057122884, -3.174999999999999822, -460.2775868387337255 ) ) ;
#5492 = DIRECTION ( 'NONE',  ( -0.000000000000000000, 1.000000000000000000, 0.000000000000000000 ) ) ;
#5493 = FACE_OUTER_BOUND ( 'NONE', #7118, .T. ) ;
#5494 = CARTESIAN_POINT ( 'NONE',  ( -493.3833710771748429, -3.174999999999999822, -373.0174943126374387 ) ) ;
#5495 = ORIENTED_EDGE ( 'NONE', *, *, #1210, .F. ) ;
#5496 = EDGE_CURVE ( 'NONE', #6064, #1756, #5770, .T. ) ;
#5497 = ORIENTED_EDGE ( 'NONE', *, *, #6122, .T. ) ;
#5498 = CARTESIAN_POINT ( 'NONE',  ( 495.4789995792704076, 0.000000000000000000, -408.8065756249764036 ) ) ;
#5499 = EDGE_LOOP ( 'NONE', ( #3538, #8112, #5294, #5720 ) ) ;
#5500 = DIRECTION ( 'NONE',  ( 0.000000000000000000, 0.000000000000000000, -1.000000000000000000 ) ) ;
#5501 = DIRECTION ( 'NONE',  ( 0.000000000000000000, -1.000000000000000000, -0.000000000000000000 ) ) ;
#5502 = DIRECTION ( 'NONE',  ( -0.000000000000000000, 1.000000000000000000, -0.000000000000000000 ) ) ;
#5503 = CARTESIAN_POINT ( 'NONE',  ( -278.3046302863059509, 0.000000000000000000, -455.5312995134468679 ) ) ;
#5504 = ORIENTED_EDGE ( 'NONE', *, *, #4763, .T. ) ;
#5505 = CIRCLE ( 'NONE', #7583, 3.000000000000002665 ) ;
#5506 = ORIENTED_EDGE ( 'NONE', *, *, #5718, .F. ) ;
#5507 = EDGE_LOOP ( 'NONE', ( #3197, #9068, #2194, #682 ) ) ;
#5508 = VERTEX_POINT ( 'NONE', #3658 ) ;
#5509 = CYLINDRICAL_SURFACE ( 'NONE', #7485, 14.99999999999995737 ) ;
#5510 = EDGE_LOOP ( 'NONE', ( #6271, #2126, #4438, #9617 ) ) ;
#5511 = ADVANCED_FACE ( 'NONE', ( #6671 ), #8981, .F. ) ;
#5512 = VERTEX_POINT ( 'NONE', #4258 ) ;
#5513 = ADVANCED_FACE ( 'NONE', ( #7318 ), #3512, .F. ) ;
#5514 = LINE ( 'NONE', #5370, #1356 ) ;
#5515 = FACE_OUTER_BOUND ( 'NONE', #8509, .T. ) ;
#5516 = DIRECTION ( 'NONE',  ( 0.000000000000000000, 0.000000000000000000, -1.000000000000000000 ) ) ;
#5517 = ORIENTED_EDGE ( 'NONE', *, *, #3427, .F. ) ;
#5518 = DIRECTION ( 'NONE',  ( 0.000000000000000000, -1.000000000000000000, 0.000000000000000000 ) ) ;
#5519 = CIRCLE ( 'NONE', #4721, 3.000000000000002665 ) ;
#5520 = VECTOR ( 'NONE', #7529, 1000.000000000000000 ) ;
#5521 = DIRECTION ( 'NONE',  ( -0.000000000000000000, 1.000000000000000000, -0.000000000000000000 ) ) ;
#5522 = AXIS2_PLACEMENT_3D ( 'NONE', #6547, #3294, #7149 ) ;
#5523 = CARTESIAN_POINT ( 'NONE',  ( 594.4999999998082103, 0.000000000000000000, 109.9036976976977513 ) ) ;
#5524 = EDGE_CURVE ( 'NONE', #5113, #8059, #8878, .T. ) ;
#5525 = VECTOR ( 'NONE', #9828, 1000.000000000000000 ) ;
#5526 = EDGE_CURVE ( 'NONE', #1973, #2359, #7370, .T. ) ;
#5527 = ORIENTED_EDGE ( 'NONE', *, *, #4060, .F. ) ;
#5528 = CARTESIAN_POINT ( 'NONE',  ( -594.4999999998082103, 0.000000000000000000, -279.5963023023023197 ) ) ;
#5529 = FACE_OUTER_BOUND ( 'NONE', #1902, .T. ) ;
#5530 = CARTESIAN_POINT ( 'NONE',  ( 285.9999999999997726, -3.174999999999999822, 132.9036976976976803 ) ) ;
#5531 = VECTOR ( 'NONE', #2781, 1000.000000000000000 ) ;
#5532 = DIRECTION ( 'NONE',  ( -0.000000000000000000, 1.000000000000000000, 0.000000000000000000 ) ) ;
#5533 = DIRECTION ( 'NONE',  ( 0.1971135719790626795, 0.000000000000000000, -0.9803806606322131856 ) ) ;
#5534 = CIRCLE ( 'NONE', #4407, 14.99999999999995737 ) ;
#5535 = CARTESIAN_POINT ( 'NONE',  ( 552.4999999998077556, 6.825000000000000178, 161.4036976976976803 ) ) ;
#5536 = CARTESIAN_POINT ( 'NONE',  ( 558.9999999998080966, -3.174999999999999822, -284.5963023023024334 ) ) ;
#5537 = EDGE_CURVE ( 'NONE', #4106, #3441, #3371, .T. ) ;
#5538 = CARTESIAN_POINT ( 'NONE',  ( 594.4999999998080966, -3.174999999999999822, -287.5963023023024334 ) ) ;
#5539 = ADVANCED_FACE ( 'NONE', ( #11 ), #5262, .F. ) ;
#5540 = AXIS2_PLACEMENT_3D ( 'NONE', #8341, #4525, #7581 ) ;
#5541 = ORIENTED_EDGE ( 'NONE', *, *, #2746, .F. ) ;
#5542 = CIRCLE ( 'NONE', #2169, 3.000000000000002665 ) ;
#5543 = EDGE_CURVE ( 'NONE', #4354, #8750, #8498, .T. ) ;
#5544 = ORIENTED_EDGE ( 'NONE', *, *, #988, .T. ) ;
#5545 = CARTESIAN_POINT ( 'NONE',  ( -237.2899358248529040, -1.587499999999999467, -421.4899436373511321 ) ) ;
#5546 = LINE ( 'NONE', #4044, #495 ) ;
#5547 = CARTESIAN_POINT ( 'NONE',  ( 503.3220448643281770, -3.174999999999999822, -407.2296670491439272 ) ) ;
#5548 = FACE_OUTER_BOUND ( 'NONE', #9871, .T. ) ;
#5549 = ORIENTED_EDGE ( 'NONE', *, *, #7300, .T. ) ;
#5550 = AXIS2_PLACEMENT_3D ( 'NONE', #4887, #1136, #341 ) ;
#5551 = VECTOR ( 'NONE', #4547, 1000.000000000000000 ) ;
#5552 = EDGE_LOOP ( 'NONE', ( #1121, #858, #418, #312 ) ) ;
#5553 = EDGE_CURVE ( 'NONE', #8248, #7115, #9309, .T. ) ;
#5554 = VECTOR ( 'NONE', #5706, 1000.000000000000000 ) ;
#5555 = CARTESIAN_POINT ( 'NONE',  ( 493.3833710771748997, -3.174999999999999822, -373.0174943126375524 ) ) ;
#5556 = ORIENTED_EDGE ( 'NONE', *, *, #6895, .T. ) ;
#5557 = VECTOR ( 'NONE', #9819, 1000.000000000000000 ) ;
#5558 = CARTESIAN_POINT ( 'NONE',  ( -597.4999999998082103, 0.000000000000000000, -312.5963023023023197 ) ) ;
#5559 = DIRECTION ( 'NONE',  ( 0.000000000000000000, 0.000000000000000000, 1.000000000000000000 ) ) ;
#5560 = DIRECTION ( 'NONE',  ( 0.000000000000000000, -1.000000000000000000, 0.000000000000000000 ) ) ;
#5561 = DIRECTION ( 'NONE',  ( -1.000000000000000000, 0.000000000000000000, 7.209240419646269740E-17 ) ) ;
#5562 = ORIENTED_EDGE ( 'NONE', *, *, #9248, .T. ) ;
#5563 = ORIENTED_EDGE ( 'NONE', *, *, #7138, .F. ) ;
#5564 = EDGE_CURVE ( 'NONE', #448, #8432, #8468, .T. ) ;
#5565 = VECTOR ( 'NONE', #582, 1000.000000000000000 ) ;
#5566 = ORIENTED_EDGE ( 'NONE', *, *, #588, .F. ) ;
#5567 = CARTESIAN_POINT ( 'NONE',  ( 475.3811960363100866, 0.000000000000000000, -415.8474038505472095 ) ) ;
#5568 = EDGE_CURVE ( 'NONE', #7338, #8041, #6216, .T. ) ;
#5569 = ORIENTED_EDGE ( 'NONE', *, *, #223, .F. ) ;
#5570 = DIRECTION ( 'NONE',  ( 0.000000000000000000, 0.000000000000000000, 1.000000000000000000 ) ) ;
#5571 = CARTESIAN_POINT ( 'NONE',  ( -597.4999999998082103, -3.174999999999999822, 120.9036976976977371 ) ) ;
#5572 = CIRCLE ( 'NONE', #6694, 10.00000000000000888 ) ;
#5573 = ADVANCED_FACE ( 'NONE', ( #9129 ), #3057, .F. ) ;
#5574 = CARTESIAN_POINT ( 'NONE',  ( -493.3833710771748429, 0.000000000000000000, -373.0174943126374387 ) ) ;
#5575 = ORIENTED_EDGE ( 'NONE', *, *, #4803, .F. ) ;
#5576 = EDGE_CURVE ( 'NONE', #8449, #7989, #9835, .T. ) ;
#5577 = LINE ( 'NONE', #9538, #3396 ) ;
#5578 = LINE ( 'NONE', #8636, #6717 ) ;
#5579 = CIRCLE ( 'NONE', #4774, 3.000000000000002665 ) ;
#5580 = CARTESIAN_POINT ( 'NONE',  ( 485.9999999998082103, 0.000000000000000000, 171.4036976976978224 ) ) ;
#5581 = ORIENTED_EDGE ( 'NONE', *, *, #3243, .F. ) ;
#5582 = CARTESIAN_POINT ( 'NONE',  ( -163.5746922328639528, -3.174999999999999822, -474.5963023023023197 ) ) ;
#5583 = CARTESIAN_POINT ( 'NONE',  ( -514.4999999998082103, -3.174999999999999822, 132.9036976976976803 ) ) ;
#5584 = LINE ( 'NONE', #7933, #9901 ) ;
#5585 = AXIS2_PLACEMENT_3D ( 'NONE', #6528, #8734, #7225 ) ;
#5586 = DIRECTION ( 'NONE',  ( -0.000000000000000000, -0.000000000000000000, 1.000000000000000000 ) ) ;
#5587 = ORIENTED_EDGE ( 'NONE', *, *, #5282, .F. ) ;
#5588 = LINE ( 'NONE', #4879, #8573 ) ;
#5589 = EDGE_CURVE ( 'NONE', #2547, #209, #6158, .T. ) ;
#5590 = CARTESIAN_POINT ( 'NONE',  ( -278.3046302863059509, -3.174999999999999822, -455.5312995134468679 ) ) ;
#5591 = PLANE ( 'NONE',  #3102 ) ;
#5592 = CIRCLE ( 'NONE', #8302, 3.000000000000002665 ) ;
#5593 = VERTEX_POINT ( 'NONE', #710 ) ;
#5594 = ORIENTED_EDGE ( 'NONE', *, *, #6331, .T. ) ;
#5595 = AXIS2_PLACEMENT_3D ( 'NONE', #5257, #3151, #6152 ) ;
#5596 = LINE ( 'NONE', #992, #5064 ) ;
#5597 = CARTESIAN_POINT ( 'NONE',  ( 577.4999999998079829, 6.825000000000000178, -67.59630230230179393 ) ) ;
#5598 = ADVANCED_FACE ( 'NONE', ( #2299 ), #6112, .F. ) ;
#5599 = DIRECTION ( 'NONE',  ( 0.000000000000000000, 0.000000000000000000, 1.000000000000000000 ) ) ;
#5600 = DIRECTION ( 'NONE',  ( -0.000000000000000000, 1.000000000000000000, 0.000000000000000000 ) ) ;
#5601 = EDGE_LOOP ( 'NONE', ( #1198, #5315, #3703, #2593 ) ) ;
#5602 = CIRCLE ( 'NONE', #2231, 2.749999999999974687 ) ;
#5603 = ORIENTED_EDGE ( 'NONE', *, *, #9552, .F. ) ;
#5604 = DIRECTION ( 'NONE',  ( 0.000000000000000000, 0.000000000000000000, 1.000000000000000000 ) ) ;
#5605 = ORIENTED_EDGE ( 'NONE', *, *, #3820, .F. ) ;
#5606 = CARTESIAN_POINT ( 'NONE',  ( -250.2626310726667214, 0.000000000000000000, -461.1093375469639568 ) ) ;
#5607 = PLANE ( 'NONE',  #9777 ) ;
#5608 = VECTOR ( 'NONE', #9758, 1000.000000000000000 ) ;
#5609 = DIRECTION ( 'NONE',  ( 0.000000000000000000, -1.000000000000000000, 0.000000000000000000 ) ) ;
#5610 = DIRECTION ( 'NONE',  ( 0.000000000000000000, 0.000000000000000000, -1.000000000000000000 ) ) ;
#5611 = ORIENTED_EDGE ( 'NONE', *, *, #1570, .F. ) ;
#5612 = VERTEX_POINT ( 'NONE', #1605 ) ;
#5613 = AXIS2_PLACEMENT_3D ( 'NONE', #7220, #368, #4912 ) ;
#5614 = ADVANCED_FACE ( 'NONE', ( #3158 ), #5360, .F. ) ;
#5615 = ORIENTED_EDGE ( 'NONE', *, *, #7214, .T. ) ;
#5616 = DIRECTION ( 'NONE',  ( 0.1971135719790623186, 0.000000000000000000, 0.9803806606322131856 ) ) ;
#5617 = ORIENTED_EDGE ( 'NONE', *, *, #6472, .T. ) ;
#5618 = AXIS2_PLACEMENT_3D ( 'NONE', #1936, #4143, #3539 ) ;
#5619 = DIRECTION ( 'NONE',  ( -0.1971135719790600149, 0.000000000000000000, 0.9803806606322137407 ) ) ;
#5620 = LINE ( 'NONE', #5571, #325 ) ;
#5621 = DIRECTION ( 'NONE',  ( 0.9803806606322130746, 0.000000000000000000, -0.1971135719790633456 ) ) ;
#5622 = ORIENTED_EDGE ( 'NONE', *, *, #4386, .T. ) ;
#5623 = CARTESIAN_POINT ( 'NONE',  ( 577.4999999998079829, 0.000000000000000000, -70.34630230230182235 ) ) ;
#5624 = EDGE_CURVE ( 'NONE', #1002, #2239, #757, .T. ) ;
#5626 = CARTESIAN_POINT ( 'NONE',  ( 267.7746157832152676, -3.174999999999999822, -418.3779847950438580 ) ) ;
#5625 = VECTOR ( 'NONE', #5372, 1000.000000000000114 ) ;
#5627 = FACE_OUTER_BOUND ( 'NONE', #8983, .T. ) ;
#5628 = ORIENTED_EDGE ( 'NONE', *, *, #1672, .T. ) ;
#5629 = CARTESIAN_POINT ( 'NONE',  ( 235.4220539823522245, 0.000000000000000000, -424.8827326703530503 ) ) ;
#5630 = CARTESIAN_POINT ( 'NONE',  ( -250.2626310726667214, -3.174999999999999822, -458.1093375469639568 ) ) ;
#5631 = DIRECTION ( 'NONE',  ( -0.000000000000000000, 1.000000000000000000, -0.000000000000000000 ) ) ;
#5632 = CARTESIAN_POINT ( 'NONE',  ( 490.4422290952782646, 0.000000000000000000, -370.6088350285747310 ) ) ;
#5633 = ORIENTED_EDGE ( 'NONE', *, *, #4403, .T. ) ;
#5634 = CARTESIAN_POINT ( 'NONE',  ( -556.0419601082584222, 0.000000000000000000, -310.0963023023023197 ) ) ;
#5635 = AXIS2_PLACEMENT_3D ( 'NONE', #6476, #1118, #4214 ) ;
#5636 = LINE ( 'NONE', #6295, #1912 ) ;
#5637 = DIRECTION ( 'NONE',  ( 1.000000000000000000, 0.000000000000000000, 0.000000000000000000 ) ) ;
#5638 = EDGE_LOOP ( 'NONE', ( #9273, #87, #2384, #583 ) ) ;
#5639 = EDGE_CURVE ( 'NONE', #2648, #207, #8653, .T. ) ;
#5640 = ORIENTED_EDGE ( 'NONE', *, *, #2500, .T. ) ;
#5641 = EDGE_CURVE ( 'NONE', #634, #9372, #3003, .T. ) ;
#5642 = DIRECTION ( 'NONE',  ( 0.000000000000000000, -1.000000000000000000, 0.000000000000000000 ) ) ;
#5643 = DIRECTION ( 'NONE',  ( 0.000000000000000000, -1.000000000000000000, 0.000000000000000000 ) ) ;
#5644 = DIRECTION ( 'NONE',  ( 0.000000000000000000, -1.000000000000000000, 0.000000000000000000 ) ) ;
#5645 = CARTESIAN_POINT ( 'NONE',  ( -488.9999999998082103, -3.174999999999999822, 132.9036976976976803 ) ) ;
#5646 = ORIENTED_EDGE ( 'NONE', *, *, #4188, .F. ) ;
#5647 = DIRECTION ( 'NONE',  ( -3.700743415417185102E-14, 0.000000000000000000, 1.000000000000000000 ) ) ;
#5648 = AXIS2_PLACEMENT_3D ( 'NONE', #1448, #9024, #5857 ) ;
#5649 = ORIENTED_EDGE ( 'NONE', *, *, #7161, .F. ) ;
#5650 = CARTESIAN_POINT ( 'NONE',  ( 264.8334738013186325, 0.000000000000000000, -418.9693255109810366 ) ) ;
#5651 = ORIENTED_EDGE ( 'NONE', *, *, #8537, .T. ) ;
#5652 = DIRECTION ( 'NONE',  ( 0.000000000000000000, -1.000000000000000000, 0.000000000000000000 ) ) ;
#5653 = PLANE ( 'NONE',  #6075 ) ;
#5654 = LINE ( 'NONE', #1845, #4914 ) ;
#5655 = CARTESIAN_POINT ( 'NONE',  ( -597.4999999998082103, 0.000000000000000000, 84.90369769769773711 ) ) ;
#5656 = EDGE_LOOP ( 'NONE', ( #5696, #513, #6459, #6061 ) ) ;
#5657 = ORIENTED_EDGE ( 'NONE', *, *, #7248, .T. ) ;
#5658 = EDGE_CURVE ( 'NONE', #3041, #8651, #5125, .T. ) ;
#5659 = EDGE_CURVE ( 'NONE', #5265, #2045, #4550, .T. ) ;
#5660 = DIRECTION ( 'NONE',  ( 1.000000000000000000, 0.000000000000000000, -1.696813561850769255E-16 ) ) ;
#5661 = VERTEX_POINT ( 'NONE', #806 ) ;
#5662 = EDGE_CURVE ( 'NONE', #1773, #6942, #6911, .T. ) ;
#5664 = EDGE_CURVE ( 'NONE', #7890, #9554, #340, .T. ) ;
#5663 = LINE ( 'NONE', #8118, #152 ) ;
#5665 = DIRECTION ( 'NONE',  ( 0.000000000000000000, -1.000000000000000000, 0.000000000000000000 ) ) ;
#5666 = VECTOR ( 'NONE', #4591, 1000.000000000000000 ) ;
#5667 = EDGE_CURVE ( 'NONE', #4196, #1645, #7057, .T. ) ;
#5668 = EDGE_CURVE ( 'NONE', #6069, #2187, #3393, .T. ) ;
#5669 = CARTESIAN_POINT ( 'NONE',  ( 401.9999999999998295, 6.825000000000000178, -366.8463023023020355 ) ) ;
#5670 = ORIENTED_EDGE ( 'NONE', *, *, #514, .T. ) ;
#5671 = DIRECTION ( 'NONE',  ( 0.000000000000000000, 0.000000000000000000, -1.000000000000000000 ) ) ;
#5672 = DIRECTION ( 'NONE',  ( 0.000000000000000000, -1.000000000000000000, 0.000000000000000000 ) ) ;
#5673 = PLANE ( 'NONE',  #5585 ) ;
#5674 = ORIENTED_EDGE ( 'NONE', *, *, #5282, .T. ) ;
#5675 = CARTESIAN_POINT ( 'NONE',  ( -594.4999999998082103, 0.000000000000000000, -284.5963023023023197 ) ) ;
#5676 = DIRECTION ( 'NONE',  ( -0.000000000000000000, 1.000000000000000000, -0.000000000000000000 ) ) ;
#5677 = PLANE ( 'NONE',  #9586 ) ;
#5678 = CARTESIAN_POINT ( 'NONE',  ( -482.9999999998082671, -3.174999999999999822, 168.4036976976977655 ) ) ;
#5679 = ORIENTED_EDGE ( 'NONE', *, *, #2207, .T. ) ;
#5680 = AXIS2_PLACEMENT_3D ( 'NONE', #7999, #5644, #2630 ) ;
#5681 = VECTOR ( 'NONE', #9910, 1000.000000000000000 ) ;
#5682 = CARTESIAN_POINT ( 'NONE',  ( -577.4999999998082103, -3.174999999999999822, -121.5963023023022345 ) ) ;
#5683 = CARTESIAN_POINT ( 'NONE',  ( -163.5746922328639528, 0.000000000000000000, -474.5963023023023197 ) ) ;
#5684 = ADVANCED_FACE ( 'NONE', ( #1235 ), #4893, .T. ) ;
#5685 = ORIENTED_EDGE ( 'NONE', *, *, #2885, .F. ) ;
#5686 = VECTOR ( 'NONE', #8238, 1000.000000000000000 ) ;
#5687 = ORIENTED_EDGE ( 'NONE', *, *, #271, .F. ) ;
#5688 = VECTOR ( 'NONE', #2039, 1000.000000000000000 ) ;
#5689 = CARTESIAN_POINT ( 'NONE',  ( -262.9999999999997158, 0.000000000000000000, 132.9036976976976803 ) ) ;
#5690 = DIRECTION ( 'NONE',  ( 0.000000000000000000, 0.000000000000000000, 1.000000000000000000 ) ) ;
#5691 = DIRECTION ( 'NONE',  ( -0.000000000000000000, 1.000000000000000000, -0.000000000000000000 ) ) ;
#5692 = CYLINDRICAL_SURFACE ( 'NONE', #7965, 3.000000000000002665 ) ;
#5693 = EDGE_CURVE ( 'NONE', #7830, #8692, #4175, .T. ) ;
#5694 = ORIENTED_EDGE ( 'NONE', *, *, #6665, .T. ) ;
#5695 = CARTESIAN_POINT ( 'NONE',  ( 347.9999999999997726, 0.000000000000000000, -369.5963023023020355 ) ) ;
#5696 = ORIENTED_EDGE ( 'NONE', *, *, #8510, .F. ) ;
#5697 = EDGE_CURVE ( 'NONE', #459, #6079, #9315, .T. ) ;
#5698 = VERTEX_POINT ( 'NONE', #8810 ) ;
#5699 = DIRECTION ( 'NONE',  ( -0.000000000000000000, 1.000000000000000000, -0.000000000000000000 ) ) ;
#5700 = ORIENTED_EDGE ( 'NONE', *, *, #5543, .T. ) ;
#5701 = EDGE_CURVE ( 'NONE', #2690, #3033, #6743, .T. ) ;
#5702 = DIRECTION ( 'NONE',  ( 0.000000000000000000, 0.000000000000000000, -1.000000000000000000 ) ) ;
#5703 = CARTESIAN_POINT ( 'NONE',  ( -240.0697845216496660, -3.174999999999999822, -463.2187288206303037 ) ) ;
#5704 = VECTOR ( 'NONE', #3728, 1000.000000000000000 ) ;
#5705 = CARTESIAN_POINT ( 'NONE',  ( 503.3220448643281770, -3.174999999999999822, -410.2296670491439272 ) ) ;
#5706 = DIRECTION ( 'NONE',  ( 0.000000000000000000, -1.000000000000000000, 0.000000000000000000 ) ) ;
#5707 = CIRCLE ( 'NONE', #9064, 2.750000000000030198 ) ;
#5708 = EDGE_LOOP ( 'NONE', ( #2441, #3877, #8512, #9097 ) ) ;
#5709 = ORIENTED_EDGE ( 'NONE', *, *, #309, .T. ) ;
#5710 = EDGE_CURVE ( 'NONE', #4905, #2191, #6452, .T. ) ;
#5711 = DIRECTION ( 'NONE',  ( 0.000000000000000000, 0.000000000000000000, 1.000000000000000000 ) ) ;
#5712 = EDGE_CURVE ( 'NONE', #2356, #2396, #2730, .T. ) ;
#5713 = CIRCLE ( 'NONE', #7466, 2.749999999999974687 ) ;
#5714 = ORIENTED_EDGE ( 'NONE', *, *, #4314, .F. ) ;
#5715 = DIRECTION ( 'NONE',  ( 0.000000000000000000, -0.000000000000000000, 1.000000000000000000 ) ) ;
#5716 = LINE ( 'NONE', #6322, #2715 ) ;
#5717 = AXIS2_PLACEMENT_3D ( 'NONE', #9522, #7962, #9575 ) ;
#5718 = EDGE_CURVE ( 'NONE', #155, #3132, #7345, .T. ) ;
#5719 = FACE_OUTER_BOUND ( 'NONE', #2974, .T. ) ;
#5720 = ORIENTED_EDGE ( 'NONE', *, *, #5793, .F. ) ;
#5721 = DIRECTION ( 'NONE',  ( 0.000000000000000000, 0.000000000000000000, -1.000000000000000000 ) ) ;
#5722 = CARTESIAN_POINT ( 'NONE',  ( 70.99999999999991473, 0.000000000000000000, -471.5963023023023766 ) ) ;
#5723 = CARTESIAN_POINT ( 'NONE',  ( 269.8702442853108323, 0.000000000000000000, -454.1670661073828796 ) ) ;
#5724 = VECTOR ( 'NONE', #9367, 1000.000000000000000 ) ;
#5725 = VERTEX_POINT ( 'NONE', #4190 ) ;
#5726 = DIRECTION ( 'NONE',  ( 0.000000000000000000, -1.000000000000000000, 0.000000000000000000 ) ) ;
#5727 = CARTESIAN_POINT ( 'NONE',  ( 577.4999999998079829, 6.825000000000000178, -124.3463023023018081 ) ) ;
#5728 = CARTESIAN_POINT ( 'NONE',  ( -472.4400540544135083, -3.174999999999999822, -413.4387445664843312 ) ) ;
#5729 = EDGE_LOOP ( 'NONE', ( #7914, #1214, #6654, #4695 ) ) ;
#5730 = VECTOR ( 'NONE', #6049, 1000.000000000000000 ) ;
#5731 = VECTOR ( 'NONE', #3928, 1000.000000000000000 ) ;
#5732 = DIRECTION ( 'NONE',  ( 0.000000000000000000, -1.000000000000000000, 0.000000000000000000 ) ) ;
#5733 = EDGE_CURVE ( 'NONE', #1699, #2877, #668, .T. ) ;
#5734 = FACE_OUTER_BOUND ( 'NONE', #1200, .T. ) ;
#5735 = ORIENTED_EDGE ( 'NONE', *, *, #2472, .T. ) ;
#5736 = AXIS2_PLACEMENT_3D ( 'NONE', #6374, #1160, #6570 ) ;
#5737 = ORIENTED_EDGE ( 'NONE', *, *, #2595, .F. ) ;
#5738 = CARTESIAN_POINT ( 'NONE',  ( -68.00000000000001421, 0.000000000000000000, -436.0963023023023766 ) ) ;
#5739 = DIRECTION ( 'NONE',  ( 0.000000000000000000, -1.000000000000000000, 0.000000000000000000 ) ) ;
#5740 = LINE ( 'NONE', #3342, #4878 ) ;
#5741 = LINE ( 'NONE', #4332, #7316 ) ;
#5742 = ORIENTED_EDGE ( 'NONE', *, *, #1052, .T. ) ;
#5743 = CARTESIAN_POINT ( 'NONE',  ( -556.0419601082584222, -1.587499999999999467, -282.0963023023023197 ) ) ;
#5744 = VERTEX_POINT ( 'NONE', #8524 ) ;
#5745 = VECTOR ( 'NONE', #7884, 1000.000000000000000 ) ;
#5746 = CIRCLE ( 'NONE', #1422, 3.000000000000002665 ) ;
#5747 = EDGE_CURVE ( 'NONE', #4107, #306, #3959, .T. ) ;
#5748 = ORIENTED_EDGE ( 'NONE', *, *, #2407, .F. ) ;
#5749 = CARTESIAN_POINT ( 'NONE',  ( 260.9999999999997158, 0.000000000000000000, 132.9036976976976803 ) ) ;
#5750 = ORIENTED_EDGE ( 'NONE', *, *, #3510, .F. ) ;
#5752 = EDGE_CURVE ( 'NONE', #1158, #8469, #6501, .T. ) ;
#5751 = CARTESIAN_POINT ( 'NONE',  ( -516.4999999998082103, 0.000000000000000000, 132.9036976976976803 ) ) ;
#5753 = DIRECTION ( 'NONE',  ( -0.000000000000000000, 1.000000000000000000, -0.000000000000000000 ) ) ;
#5754 = CIRCLE ( 'NONE', #7035, 3.000000000000002665 ) ;
#5755 = VECTOR ( 'NONE', #4686, 1000.000000000000000 ) ;
#5757 = CARTESIAN_POINT ( 'NONE',  ( 467.5381507512523171, 0.000000000000000000, -414.4243124263797426 ) ) ;
#5756 = AXIS2_PLACEMENT_3D ( 'NONE', #715, #3766, #3009 ) ;
#5758 = CARTESIAN_POINT ( 'NONE',  ( 62.99999999999991473, -3.174999999999999822, -474.5963023023023766 ) ) ;
#5759 = ORIENTED_EDGE ( 'NONE', *, *, #5524, .T. ) ;
#5760 = VECTOR ( 'NONE', #1303, 1000.000000000000114 ) ;
#5761 = ORIENTED_EDGE ( 'NONE', *, *, #1416, .F. ) ;
#5762 = LINE ( 'NONE', #2561, #7171 ) ;
#5763 = EDGE_CURVE ( 'NONE', #6683, #2920, #9616, .T. ) ;
#5764 = VERTEX_POINT ( 'NONE', #8756 ) ;
#5765 = VECTOR ( 'NONE', #7253, 1000.000000000000000 ) ;
#5766 = CARTESIAN_POINT ( 'NONE',  ( -519.4999999998082103, -3.174999999999999822, 168.4036976976977655 ) ) ;
#5767 = LINE ( 'NONE', #1396, #3200 ) ;
#5768 = EDGE_CURVE ( 'NONE', #9554, #1147, #1620, .T. ) ;
#5769 = EDGE_CURVE ( 'NONE', #6697, #7200, #1452, .T. ) ;
#5770 = CIRCLE ( 'NONE', #7367, 3.000000000000002665 ) ;
#5771 = CARTESIAN_POINT ( 'NONE',  ( -558.9999999998083240, -3.174999999999999822, -310.5963023023023197 ) ) ;
#5772 = VERTEX_POINT ( 'NONE', #1186 ) ;
#5773 = ORIENTED_EDGE ( 'NONE', *, *, #2096, .T. ) ;
#5774 = VECTOR ( 'NONE', #8702, 1000.000000000000000 ) ;
#5775 = CARTESIAN_POINT ( 'NONE',  ( 597.4999999998082103, 0.000000000000000000, 120.9036976976977655 ) ) ;
#5776 = DIRECTION ( 'NONE',  ( 0.000000000000000000, -1.000000000000000000, 0.000000000000000000 ) ) ;
#5777 = EDGE_CURVE ( 'NONE', #3354, #468, #5798, .T. ) ;
#5778 = ORIENTED_EDGE ( 'NONE', *, *, #7368, .T. ) ;
#5779 = DIRECTION ( 'NONE',  ( -0.000000000000000000, 1.000000000000000000, -0.000000000000000000 ) ) ;
#5780 = DIRECTION ( 'NONE',  ( 0.000000000000000000, 0.000000000000000000, 1.000000000000000000 ) ) ;
#5781 = DIRECTION ( 'NONE',  ( 0.000000000000000000, 0.000000000000000000, 1.000000000000000000 ) ) ;
#5782 = ORIENTED_EDGE ( 'NONE', *, *, #5264, .T. ) ;
#5783 = AXIS2_PLACEMENT_3D ( 'NONE', #4365, #1359, #2159 ) ;
#5784 = LINE ( 'NONE', #4321, #3609 ) ;
#5785 = DIRECTION ( 'NONE',  ( 0.000000000000000000, 0.000000000000000000, 1.000000000000000000 ) ) ;
#5786 = CYLINDRICAL_SURFACE ( 'NONE', #5024, 3.000000000000002665 ) ;
#5787 = VECTOR ( 'NONE', #240, 1000.000000000000000 ) ;
#5788 = VERTEX_POINT ( 'NONE', #4285 ) ;
#5789 = VECTOR ( 'NONE', #3226, 1000.000000000000000 ) ;
#5790 = ORIENTED_EDGE ( 'NONE', *, *, #3201, .F. ) ;
#5791 = CARTESIAN_POINT ( 'NONE',  ( -577.4999999998082103, -3.174999999999999822, -374.9753774975062584 ) ) ;
#5792 = DIRECTION ( 'NONE',  ( 0.000000000000000000, -1.000000000000000000, 0.000000000000000000 ) ) ;
#5793 = EDGE_CURVE ( 'NONE', #2204, #3714, #6581, .T. ) ;
#5794 = VECTOR ( 'NONE', #8421, 1000.000000000000000 ) ;
#5795 = DIRECTION ( 'NONE',  ( 0.000000000000000000, 0.000000000000000000, -1.000000000000000000 ) ) ;
#5796 = DIRECTION ( 'NONE',  ( -0.000000000000000000, 1.000000000000000000, -0.000000000000000000 ) ) ;
#5797 = ORIENTED_EDGE ( 'NONE', *, *, #126, .T. ) ;
#5798 = LINE ( 'NONE', #7013, #350 ) ;
#5799 = ORIENTED_EDGE ( 'NONE', *, *, #3254, .F. ) ;
#5800 = ORIENTED_EDGE ( 'NONE', *, *, #351, .T. ) ;
#5801 = DIRECTION ( 'NONE',  ( -0.000000000000000000, 1.000000000000000000, -0.000000000000000000 ) ) ;
#5802 = ORIENTED_EDGE ( 'NONE', *, *, #9458, .F. ) ;
#5803 = DIRECTION ( 'NONE',  ( -0.000000000000000000, -1.000000000000000000, -0.000000000000000000 ) ) ;
#5804 = FACE_OUTER_BOUND ( 'NONE', #467, .T. ) ;
#5805 = ADVANCED_FACE ( 'NONE', ( #6270 ), #9337, .F. ) ;
#5806 = CARTESIAN_POINT ( 'NONE',  ( -163.5746922328639528, -3.174999999999999822, -474.5963023023023197 ) ) ;
#5807 = LINE ( 'NONE', #4437, #5393 ) ;
#5808 = ORIENTED_EDGE ( 'NONE', *, *, #349, .F. ) ;
#5809 = ORIENTED_EDGE ( 'NONE', *, *, #5841, .F. ) ;
#5810 = AXIS2_PLACEMENT_3D ( 'NONE', #2294, #7756, #3051 ) ;
#5811 = CARTESIAN_POINT ( 'NONE',  ( 285.9999999999997726, 0.000000000000000000, 168.4036976976977371 ) ) ;
#5812 = ORIENTED_EDGE ( 'NONE', *, *, #9436, .F. ) ;
#5813 = FACE_OUTER_BOUND ( 'NONE', #7641, .T. ) ;
#5814 = CYLINDRICAL_SURFACE ( 'NONE', #7995, 2.749999999999974687 ) ;
#5815 = VECTOR ( 'NONE', #9204, 1000.000000000000000 ) ;
#5816 = ORIENTED_EDGE ( 'NONE', *, *, #1615, .F. ) ;
#5817 = DIRECTION ( 'NONE',  ( -0.9803806606322131856, 0.000000000000000000, 0.1971135719790630958 ) ) ;
#5818 = ORIENTED_EDGE ( 'NONE', *, *, #5667, .T. ) ;
#5819 = VERTEX_POINT ( 'NONE', #7543 ) ;
#5820 = CARTESIAN_POINT ( 'NONE',  ( 464.8511815332194601, -3.174999999999999822, -375.6940891321441995 ) ) ;
#5821 = DIRECTION ( 'NONE',  ( 0.9803806606322130746, 0.000000000000000000, 0.1971135719790632346 ) ) ;
#5822 = ORIENTED_EDGE ( 'NONE', *, *, #9491, .F. ) ;
#5823 = CARTESIAN_POINT ( 'NONE',  ( -567.4999999998082103, 0.000000000000000000, 156.4036976976977655 ) ) ;
#5824 = CARTESIAN_POINT ( 'NONE',  ( 347.9999999999997726, -3.174999999999999822, -372.3463023023020355 ) ) ;
#5825 = ORIENTED_EDGE ( 'NONE', *, *, #4317, .F. ) ;
#5826 = VECTOR ( 'NONE', #2022, 1000.000000000000000 ) ;
#5827 = DIRECTION ( 'NONE',  ( 0.000000000000000000, 1.000000000000000000, 0.000000000000000000 ) ) ;
#5828 = CARTESIAN_POINT ( 'NONE',  ( -465.4425222491568093, -3.174999999999999822, -378.6352311140407210 ) ) ;
#5829 = ADVANCED_FACE ( 'NONE', ( #635 ), #4478, .F. ) ;
#5830 = CARTESIAN_POINT ( 'NONE',  ( -581.4422714393892875, -3.174999999999999822, -394.5829907101505114 ) ) ;
#5831 = ORIENTED_EDGE ( 'NONE', *, *, #2063, .F. ) ;
#5832 = EDGE_LOOP ( 'NONE', ( #9091, #2473, #6278, #6520 ) ) ;
#5833 = DIRECTION ( 'NONE',  ( 0.000000000000000000, 0.000000000000000000, 1.000000000000000000 ) ) ;
#5834 = CARTESIAN_POINT ( 'NONE',  ( 542.5486554916996056, 0.000000000000000000, -362.4253983016485563 ) ) ;
#5835 = CARTESIAN_POINT ( 'NONE',  ( -153.5995066845798078, 0.000000000000000000, -474.5963023023023197 ) ) ;
#5836 = CARTESIAN_POINT ( 'NONE',  ( -597.4999999998082103, -3.174999999999999822, -347.3768998705955369 ) ) ;
#5837 = ADVANCED_FACE ( 'NONE', ( #8243 ), #733, .F. ) ;
#5838 = ORIENTED_EDGE ( 'NONE', *, *, #8780, .T. ) ;
#5839 = CARTESIAN_POINT ( 'NONE',  ( 202.9974066286778793, -3.174999999999999822, -470.6724344287448503 ) ) ;
#5840 = VERTEX_POINT ( 'NONE', #8197 ) ;
#5841 = EDGE_CURVE ( 'NONE', #2187, #5241, #1378, .T. ) ;
#5842 = CIRCLE ( 'NONE', #7128, 3.000000000000002665 ) ;
#5843 = ORIENTED_EDGE ( 'NONE', *, *, #7285, .F. ) ;
#5844 = LINE ( 'NONE', #8910, #5688 ) ;
#5845 = ORIENTED_EDGE ( 'NONE', *, *, #3709, .F. ) ;
#5846 = DIRECTION ( 'NONE',  ( -0.000000000000000000, 1.000000000000000000, -0.000000000000000000 ) ) ;
#5847 = CARTESIAN_POINT ( 'NONE',  ( -577.4999999998082103, 0.000000000000000000, 141.4036976976977371 ) ) ;
#5848 = DIRECTION ( 'NONE',  ( 0.000000000000000000, -1.000000000000000000, 0.000000000000000000 ) ) ;
#5849 = DIRECTION ( 'NONE',  ( 0.000000000000000000, -1.000000000000000000, 0.000000000000000000 ) ) ;
#5850 = ORIENTED_EDGE ( 'NONE', *, *, #2874, .T. ) ;
#5851 = AXIS2_PLACEMENT_3D ( 'NONE', #4050, #3299, #5604 ) ;
#5852 = ORIENTED_EDGE ( 'NONE', *, *, #7968, .F. ) ;
#5853 = DIRECTION ( 'NONE',  ( 0.000000000000000000, 0.000000000000000000, 1.000000000000000000 ) ) ;
#5854 = EDGE_CURVE ( 'NONE', #3660, #1986, #6038, .T. ) ;
#5855 = ORIENTED_EDGE ( 'NONE', *, *, #977, .T. ) ;
#5856 = CIRCLE ( 'NONE', #743, 3.000000000000002665 ) ;
#5857 = DIRECTION ( 'NONE',  ( 0.000000000000000000, 0.000000000000000000, -1.000000000000000000 ) ) ;
#5858 = DIRECTION ( 'NONE',  ( 1.000000000000000000, 0.000000000000000000, 0.000000000000000000 ) ) ;
#5859 = CARTESIAN_POINT ( 'NONE',  ( -557.5485770882340830, 0.000000000000000000, -362.3768998705955937 ) ) ;
#5860 = VERTEX_POINT ( 'NONE', #4530 ) ;
#5861 = CARTESIAN_POINT ( 'NONE',  ( -552.4999999998080966, -3.174999999999999822, 156.4036976976978792 ) ) ;
#5862 = ORIENTED_EDGE ( 'NONE', *, *, #1478, .T. ) ;
#5863 = VERTEX_POINT ( 'NONE', #687 ) ;
#5864 = ADVANCED_FACE ( 'NONE', ( #2832 ), #3786, .F. ) ;
#5865 = CIRCLE ( 'NONE', #8430, 3.000000000000002665 ) ;
#5866 = AXIS2_PLACEMENT_3D ( 'NONE', #8057, #5001, #4900 ) ;
#5867 = DIRECTION ( 'NONE',  ( -0.000000000000000000, 1.000000000000000000, -0.000000000000000000 ) ) ;
#5868 = DIRECTION ( 'NONE',  ( -0.000000000000000000, 1.000000000000000000, -0.000000000000000000 ) ) ;
#5869 = ORIENTED_EDGE ( 'NONE', *, *, #8794, .T. ) ;
#5870 = DIRECTION ( 'NONE',  ( -0.000000000000000000, -1.000000000000000000, -0.000000000000000000 ) ) ;
#5871 = CIRCLE ( 'NONE', #7954, 3.000000000000002665 ) ;
#5872 = AXIS2_PLACEMENT_3D ( 'NONE', #8967, #2793, #4488 ) ;
#5873 = ADVANCED_FACE ( 'NONE', ( #5891 ), #5935, .F. ) ;
#5874 = FACE_OUTER_BOUND ( 'NONE', #3491, .T. ) ;
#5875 = ORIENTED_EDGE ( 'NONE', *, *, #6170, .T. ) ;
#5876 = DIRECTION ( 'NONE',  ( -0.000000000000000000, 1.000000000000000000, -0.000000000000000000 ) ) ;
#5877 = DIRECTION ( 'NONE',  ( -0.000000000000000000, -1.000000000000000000, -0.000000000000000000 ) ) ;
#5878 = AXIS2_PLACEMENT_3D ( 'NONE', #6600, #4529, #6135 ) ;
#5879 = CYLINDRICAL_SURFACE ( 'NONE', #4071, 2.749999999999974687 ) ;
#5880 = EDGE_CURVE ( 'NONE', #3633, #2587, #2784, .T. ) ;
#5881 = ORIENTED_EDGE ( 'NONE', *, *, #3528, .T. ) ;
#5882 = ORIENTED_EDGE ( 'NONE', *, *, #4386, .F. ) ;
#5883 = CARTESIAN_POINT ( 'NONE',  ( -558.9999999998083240, 0.000000000000000000, 84.90369769769773711 ) ) ;
#5884 = CIRCLE ( 'NONE', #3645, 2.749999999999974687 ) ;
#5885 = LINE ( 'NONE', #2076, #2571 ) ;
#5886 = AXIS2_PLACEMENT_3D ( 'NONE', #1125, #2350, #5311 ) ;
#5887 = EDGE_CURVE ( 'NONE', #619, #4582, #3634, .T. ) ;
#5888 = DIRECTION ( 'NONE',  ( 0.000000000000000000, -1.000000000000000000, 0.000000000000000000 ) ) ;
#5889 = CARTESIAN_POINT ( 'NONE',  ( 102.9999999999999147, 0.000000000000000000, -471.5963023023023766 ) ) ;
#5890 = VERTEX_POINT ( 'NONE', #7492 ) ;
#5891 = FACE_OUTER_BOUND ( 'NONE', #2280, .T. ) ;
#5892 = ORIENTED_EDGE ( 'NONE', *, *, #1615, .T. ) ;
#5893 = ORIENTED_EDGE ( 'NONE', *, *, #4167, .F. ) ;
#5894 = EDGE_CURVE ( 'NONE', #2787, #4582, #3688, .T. ) ;
#5895 = CARTESIAN_POINT ( 'NONE',  ( -542.6512624207499584, -3.174999999999999822, -394.1603608065973958 ) ) ;
#5896 = VERTEX_POINT ( 'NONE', #6748 ) ;
#5897 = CARTESIAN_POINT ( 'NONE',  ( -348.0000000000000000, 6.825000000000000178, 106.4036976976978366 ) ) ;
#5898 = CARTESIAN_POINT ( 'NONE',  ( 347.9999999999997726, -3.174999999999999822, -369.5963023023020355 ) ) ;
#5899 = DIRECTION ( 'NONE',  ( -0.000000000000000000, -0.000000000000000000, 1.000000000000000000 ) ) ;
#5900 = DIRECTION ( 'NONE',  ( 0.000000000000000000, 0.000000000000000000, 1.000000000000000000 ) ) ;
#5901 = EDGE_CURVE ( 'NONE', #8269, #9077, #9811, .T. ) ;
#5902 = ORIENTED_EDGE ( 'NONE', *, *, #6704, .F. ) ;
#5903 = ORIENTED_EDGE ( 'NONE', *, *, #7456, .F. ) ;
#5904 = DIRECTION ( 'NONE',  ( -1.000000000000000000, -0.000000000000000000, -0.000000000000000000 ) ) ;
#5905 = ORIENTED_EDGE ( 'NONE', *, *, #8591, .F. ) ;
#5906 = VECTOR ( 'NONE', #8881, 1000.000000000000000 ) ;
#5907 = AXIS2_PLACEMENT_3D ( 'NONE', #4962, #2654, #6468 ) ;
#5908 = DIRECTION ( 'NONE',  ( 0.000000000000000000, 0.000000000000000000, -1.000000000000000000 ) ) ;
#5909 = LINE ( 'NONE', #8977, #173 ) ;
#5910 = VECTOR ( 'NONE', #2906, 1000.000000000000000 ) ;
#5911 = LINE ( 'NONE', #8167, #7819 ) ;
#5912 = EDGE_CURVE ( 'NONE', #725, #5772, #5983, .T. ) ;
#5913 = ORIENTED_EDGE ( 'NONE', *, *, #7540, .F. ) ;
#5914 = DIRECTION ( 'NONE',  ( -0.000000000000000000, 1.000000000000000000, -0.000000000000000000 ) ) ;
#5915 = ORIENTED_EDGE ( 'NONE', *, *, #4317, .T. ) ;
#5916 = VERTEX_POINT ( 'NONE', #2175 ) ;
#5917 = DIRECTION ( 'NONE',  ( -1.000000000000000000, 0.000000000000000000, 7.209240419646269740E-17 ) ) ;
#5918 = AXIS2_PLACEMENT_3D ( 'NONE', #1751, #8715, #1701 ) ;
#5919 = DIRECTION ( 'NONE',  ( 0.000000000000000000, 0.000000000000000000, 1.000000000000000000 ) ) ;
#5920 = ORIENTED_EDGE ( 'NONE', *, *, #9625, .F. ) ;
#5921 = DIRECTION ( 'NONE',  ( -0.000000000000000000, 1.000000000000000000, -0.000000000000000000 ) ) ;
#5922 = ADVANCED_FACE ( 'NONE', ( #1428 ), #5088, .F. ) ;
#5923 = CARTESIAN_POINT ( 'NONE',  ( 153.5995066845797510, 0.000000000000000000, -464.5963023023023766 ) ) ;
#5924 = ORIENTED_EDGE ( 'NONE', *, *, #8103, .T. ) ;
#5925 = LINE ( 'NONE', #5224, #7028 ) ;
#5926 = CYLINDRICAL_SURFACE ( 'NONE', #4460, 3.000000000000002665 ) ;
#5927 = DIRECTION ( 'NONE',  ( 0.9803806606322130746, 0.000000000000000000, -0.1971135719790633456 ) ) ;
#5928 = EDGE_LOOP ( 'NONE', ( #2710, #5759, #2831, #3412 ) ) ;
#5929 = ORIENTED_EDGE ( 'NONE', *, *, #7597, .F. ) ;
#5930 = CARTESIAN_POINT ( 'NONE',  ( -91.00000000000001421, 0.000000000000000000, -471.5963023023023197 ) ) ;
#5931 = DIRECTION ( 'NONE',  ( 0.000000000000000000, 0.000000000000000000, -1.000000000000000000 ) ) ;
#5932 = LINE ( 'NONE', #8290, #5686 ) ;
#5933 = LINE ( 'NONE', #2030, #6037 ) ;
#5934 = VERTEX_POINT ( 'NONE', #4334 ) ;
#5935 = CYLINDRICAL_SURFACE ( 'NONE', #26, 3.000000000000002665 ) ;
#5936 = AXIS2_PLACEMENT_3D ( 'NONE', #1731, #4035, #7889 ) ;
#5937 = EDGE_CURVE ( 'NONE', #6615, #8280, #3533, .T. ) ;
#5938 = EDGE_CURVE ( 'NONE', #798, #3687, #9106, .T. ) ;
#5939 = ORIENTED_EDGE ( 'NONE', *, *, #4724, .F. ) ;
#5940 = DIRECTION ( 'NONE',  ( -0.000000000000000000, 1.000000000000000000, -0.000000000000000000 ) ) ;
#5941 = ORIENTED_EDGE ( 'NONE', *, *, #6895, .F. ) ;
#5942 = CYLINDRICAL_SURFACE ( 'NONE', #230, 2.749999999999974687 ) ;
#5943 = DIRECTION ( 'NONE',  ( 0.000000000000000000, 0.000000000000000000, -1.000000000000000000 ) ) ;
#5944 = PLANE ( 'NONE',  #1555 ) ;
#5945 = CARTESIAN_POINT ( 'NONE',  ( -577.4999999998082103, 6.825000000000000178, -67.59630230230223447 ) ) ;
#5946 = CIRCLE ( 'NONE', #2913, 2.749999999999974687 ) ;
#5947 = VERTEX_POINT ( 'NONE', #6647 ) ;
#5948 = CARTESIAN_POINT ( 'NONE',  ( 275.3634883044091453, -3.174999999999999822, -456.1226402293841033 ) ) ;
#5949 = EDGE_CURVE ( 'NONE', #3813, #8397, #6092, .T. ) ;
#5950 = CARTESIAN_POINT ( 'NONE',  ( 503.3220448643281770, 0.000000000000000000, -410.2296670491439272 ) ) ;
#5951 = EDGE_CURVE ( 'NONE', #669, #8477, #6259, .T. ) ;
#5952 = ORIENTED_EDGE ( 'NONE', *, *, #3283, .T. ) ;
#5953 = ORIENTED_EDGE ( 'NONE', *, *, #188, .T. ) ;
#5954 = CARTESIAN_POINT ( 'NONE',  ( -348.0000000000000000, 0.000000000000000000, -372.3463023023023197 ) ) ;
#5955 = CARTESIAN_POINT ( 'NONE',  ( 250.2626310726666077, 0.000000000000000000, -458.1093375469640137 ) ) ;
#5956 = CARTESIAN_POINT ( 'NONE',  ( -490.4422290952782078, 0.000000000000000000, -373.6088350285746174 ) ) ;
#5957 = DIRECTION ( 'NONE',  ( -3.700743415417185102E-14, 0.000000000000000000, 1.000000000000000000 ) ) ;
#5958 = EDGE_LOOP ( 'NONE', ( #1693, #5285, #5611, #3979 ) ) ;
#5959 = ADVANCED_FACE ( 'NONE', ( #8602 ), #9157, .F. ) ;
#5960 = CARTESIAN_POINT ( 'NONE',  ( -221.4321775711113389, 0.000000000000000000, -456.7658529379522179 ) ) ;
#5961 = ORIENTED_EDGE ( 'NONE', *, *, #7214, .F. ) ;
#5962 = EDGE_CURVE ( 'NONE', #5141, #3272, #8395, .T. ) ;
#5963 = ORIENTED_EDGE ( 'NONE', *, *, #1984, .T. ) ;
#5964 = CARTESIAN_POINT ( 'NONE',  ( -262.9999999999997158, -3.174999999999999822, 129.9036976976976803 ) ) ;
#5965 = EDGE_CURVE ( 'NONE', #5772, #3698, #3055, .T. ) ;
#5966 = ADVANCED_FACE ( 'NONE', ( #7635 ), #3987, .T. ) ;
#5967 = EDGE_CURVE ( 'NONE', #1434, #2342, #2433, .T. ) ;
#5968 = AXIS2_PLACEMENT_3D ( 'NONE', #7813, #6263, #5500 ) ;
#5969 = VERTEX_POINT ( 'NONE', #5436 ) ;
#5970 = DIRECTION ( 'NONE',  ( -0.000000000000000000, 1.000000000000000000, 0.000000000000000000 ) ) ;
#5971 = DIRECTION ( 'NONE',  ( 1.000000000000000000, -0.000000000000000000, -0.000000000000000000 ) ) ;
#5972 = VERTEX_POINT ( 'NONE', #4685 ) ;
#5973 = LINE ( 'NONE', #5026, #8895 ) ;
#5974 = CARTESIAN_POINT ( 'NONE',  ( -594.4999999998082103, 0.000000000000000000, -287.5963023023023197 ) ) ;
#5975 = LINE ( 'NONE', #1417, #4787 ) ;
#5976 = ORIENTED_EDGE ( 'NONE', *, *, #446, .T. ) ;
#5977 = ORIENTED_EDGE ( 'NONE', *, *, #4840, .F. ) ;
#5978 = DIRECTION ( 'NONE',  ( -0.1971135719790623186, 0.000000000000000000, 0.9803806606322131856 ) ) ;
#5979 = LINE ( 'NONE', #3077, #4815 ) ;
#5980 = VECTOR ( 'NONE', #291, 1000.000000000000000 ) ;
#5981 = CARTESIAN_POINT ( 'NONE',  ( 577.4999999998080966, -3.174999999999999822, 171.4036976976977087 ) ) ;
#5982 = DIRECTION ( 'NONE',  ( 1.000000000000000000, 0.000000000000000000, 0.000000000000000000 ) ) ;
#5983 = LINE ( 'NONE', #9052, #9631 ) ;
#5984 = ADVANCED_FACE ( 'NONE', ( #84 ), #7737, .F. ) ;
#5985 = ORIENTED_EDGE ( 'NONE', *, *, #4793, .F. ) ;
#5986 = CARTESIAN_POINT ( 'NONE',  ( 202.9974066286778793, -3.174999999999999822, -470.6724344287448503 ) ) ;
#5987 = ORIENTED_EDGE ( 'NONE', *, *, #28, .T. ) ;
#5988 = CARTESIAN_POINT ( 'NONE',  ( 290.9999999999997726, -3.174999999999999822, 171.4036976976978508 ) ) ;
#5989 = EDGE_CURVE ( 'NONE', #3514, #5184, #3081, .T. ) ;
#5990 = CARTESIAN_POINT ( 'NONE',  ( 65.99999999999990052, -3.174999999999999822, -436.0963023023023766 ) ) ;
#5991 = DIRECTION ( 'NONE',  ( 0.000000000000000000, -1.000000000000000000, 0.000000000000000000 ) ) ;
#5992 = ADVANCED_FACE ( 'NONE', ( #1526 ), #9310, .T. ) ;
#5993 = ORIENTED_EDGE ( 'NONE', *, *, #5537, .F. ) ;
#5994 = CIRCLE ( 'NONE', #7273, 3.000000000000002665 ) ;
#5995 = AXIS2_PLACEMENT_3D ( 'NONE', #4889, #5691, #1833 ) ;
#5997 = LINE ( 'NONE', #9065, #4131 ) ;
#5996 = AXIS2_PLACEMENT_3D ( 'NONE', #9122, #656, #9169 ) ;
#5998 = EDGE_CURVE ( 'NONE', #7407, #9043, #7130, .T. ) ;
#5999 = ORIENTED_EDGE ( 'NONE', *, *, #9167, .T. ) ;
#6000 = AXIS2_PLACEMENT_3D ( 'NONE', #5100, #4347, #597 ) ;
#6001 = CARTESIAN_POINT ( 'NONE',  ( -542.5895976062402042, 0.000000000000000000, -375.0882514037211877 ) ) ;
#6002 = ORIENTED_EDGE ( 'NONE', *, *, #7879, .T. ) ;
#6003 = DIRECTION ( 'NONE',  ( 0.000000000000000000, 0.000000000000000000, 1.000000000000000000 ) ) ;
#6004 = CARTESIAN_POINT ( 'NONE',  ( 102.9999999999999147, -3.174999999999999822, -471.5963023023023766 ) ) ;
#6005 = AXIS2_PLACEMENT_3D ( 'NONE', #5288, #5383, #8547 ) ;
#6006 = CARTESIAN_POINT ( 'NONE',  ( -163.5995066845798362, 6.825000000000000178, -450.0775332806431379 ) ) ;
#6007 = CARTESIAN_POINT ( 'NONE',  ( 514.4999999998079829, -3.174999999999999822, 171.4036976976978224 ) ) ;
#6008 = VECTOR ( 'NONE', #976, 1000.000000000000000 ) ;
#6009 = ORIENTED_EDGE ( 'NONE', *, *, #5894, .T. ) ;
#6010 = EDGE_CURVE ( 'NONE', #40, #6453, #194, .T. ) ;
#6011 = CARTESIAN_POINT ( 'NONE',  ( 597.4999999998080966, 0.000000000000000000, -374.9753774975062584 ) ) ;
#6012 = ORIENTED_EDGE ( 'NONE', *, *, #8780, .F. ) ;
#6013 = EDGE_LOOP ( 'NONE', ( #8962, #4174, #6491, #3155 ) ) ;
#6014 = ADVANCED_FACE ( 'NONE', ( #3131 ), #4577, .F. ) ;
#6015 = LINE ( 'NONE', #9890, #3071 ) ;
#6016 = CIRCLE ( 'NONE', #2661, 2.750000000000030198 ) ;
#6017 = AXIS2_PLACEMENT_3D ( 'NONE', #5069, #7471, #9693 ) ;
#6018 = LINE ( 'NONE', #6067, #2071 ) ;
#6019 = ORIENTED_EDGE ( 'NONE', *, *, #9467, .T. ) ;
#6020 = DIRECTION ( 'NONE',  ( -0.000000000000000000, -1.000000000000000000, -0.000000000000000000 ) ) ;
#6021 = EDGE_CURVE ( 'NONE', #6105, #5508, #7277, .T. ) ;
#6022 = CIRCLE ( 'NONE', #3311, 3.000000000000002665 ) ;
#6023 = DIRECTION ( 'NONE',  ( 0.000000000000000000, 0.000000000000000000, 1.000000000000000000 ) ) ;
#6024 = ORIENTED_EDGE ( 'NONE', *, *, #3585, .F. ) ;
#6025 = CARTESIAN_POINT ( 'NONE',  ( -254.9999999999996589, -3.174999999999999822, 168.4036976976977655 ) ) ;
#6026 = CARTESIAN_POINT ( 'NONE',  ( 93.99999999999985789, 0.000000000000000000, -374.9753774975062584 ) ) ;
#6027 = CARTESIAN_POINT ( 'NONE',  ( 594.4999999998082103, -3.174999999999999822, 92.90369769769773711 ) ) ;
#6028 = CIRCLE ( 'NONE', #9728, 3.000000000000002665 ) ;
#6029 = EDGE_LOOP ( 'NONE', ( #8569, #6904, #4813, #1402 ) ) ;
#6030 = CIRCLE ( 'NONE', #2345, 3.000000000000002665 ) ;
#6031 = ORIENTED_EDGE ( 'NONE', *, *, #8150, .F. ) ;
#6032 = FACE_OUTER_BOUND ( 'NONE', #6808, .T. ) ;
#6033 = CARTESIAN_POINT ( 'NONE',  ( 542.4999999998076419, -3.174999999999999822, 171.4036976976977087 ) ) ;
#6034 = CARTESIAN_POINT ( 'NONE',  ( 511.4999999998079829, -3.174999999999999822, 168.4036976976977087 ) ) ;
#6035 = CARTESIAN_POINT ( 'NONE',  ( -264.8334738013187462, 0.000000000000000000, -418.9693255109809797 ) ) ;
#6036 = EDGE_CURVE ( 'NONE', #2539, #8269, #6987, .T. ) ;
#6037 = VECTOR ( 'NONE', #9708, 1000.000000000000000 ) ;
#6038 = LINE ( 'NONE', #4379, #1929 ) ;
#6039 = EDGE_LOOP ( 'NONE', ( #3582, #9132, #3161, #7203 ) ) ;
#6040 = VECTOR ( 'NONE', #8494, 1000.000000000000000 ) ;
#6041 = EDGE_LOOP ( 'NONE', ( #3014, #9031, #1952, #8318, #3503, #5952, #9314, #9632, #3134, #1916, #8024, #4154, #9328, #7575, #8144, #2717, #1656, #7344, #7627, #8662, #3958, #3986, #6317, #6566, #89, #3436, #4370, #7399, #4984, #6445, #4452, #4913, #451, #9642, #5831, #6639, #3742, #2304, #2676, #1076, #7470, #6702, #8851, #4835, #4400, #1108, #4992, #9670, #8233, #8389, #1652, #4458, #505, #5633, #4554, #1456, #4306, #8159, #7221, #9208, #975, #2302, #9325, #5506, #1140, #3588, #4799, #6535, #2729, #4883, #3763, #3717, #7661, #4338, #9620, #1541, #4705, #2210, #7055, #1048, #2105, #6080, #6627, #2291, #8947, #1755, #6670, #2298, #4308, #5397, #6765, #7774, #7966, #6844, #1350, #5030, #5060, #6542, #4544, #1870, #6836, #9904, #5079, #5850, #8846, #8151, #3677, #2768, #7568, #9692, #760, #1228, #6595, #7369, #2677, #1290, #1564, #5304, #8320, #5406, #5939, #765, #6224, #8184, #7553, #6881, #7032, #2808, #3692, #164, #8834, #2142, #4789, #110, #9725, #7657, #4595, #8448, #6404, #1623, #8772, #3562, #301, #2985, #4892, #1369, #934, #8671, #9844, #832, #5411, #7545, #2361, #267, #4051, #3872, #8438, #1501, #7620, #1602, #8578, #5657, #3651, #3212, #2796, #602, #5143, #12, #6663, #4776, #4204, #1582, #3802, #4142, #5007, #1309, #5594, #4699, #4739, #4169, #179, #3474, #7956, #4867, #5362, #5442, #2778, #9178, #8325, #2079, #16, #4117, #9609, #8146, #3701, #9168, #5238, #428, #3005, #714, #1000, #8153, #8049, #6433, #5099, #5902, #62, #8098, #3467, #3938, #7157, #9590, #954, #6515, #2034, #9462, #4362, #8906, #1128, #2386, #9370, #5628, #4758, #9155, #9666, #9472, #3482, #9677, #1185, #2558, #338, #6678, #1797, #9875, #8718, #3135, #1617, #1993, #989, #7684, #3434, #2398, #8730, #7097, #6218, #2581, #3288, #2306, #8229, #5987, #9841, #9378, #8572, #6780 ) ) ;
#6042 = CARTESIAN_POINT ( 'NONE',  ( 265.9999999999997158, -3.174999999999999822, 171.4036976976977371 ) ) ;
#6043 = CYLINDRICAL_SURFACE ( 'NONE', #655, 3.000000000000002665 ) ;
#6044 = CARTESIAN_POINT ( 'NONE',  ( -66.00000000000001421, 0.000000000000000000, -436.0963023023023766 ) ) ;
#6045 = DIRECTION ( 'NONE',  ( -0.000000000000000000, 1.000000000000000000, -0.000000000000000000 ) ) ;
#6046 = EDGE_LOOP ( 'NONE', ( #1412, #1807, #1252, #9291 ) ) ;
#6047 = EDGE_CURVE ( 'NONE', #8692, #2270, #9199, .T. ) ;
#6048 = VECTOR ( 'NONE', #754, 1000.000000000000000 ) ;
#6049 = DIRECTION ( 'NONE',  ( -0.000000000000000000, 1.000000000000000000, -0.000000000000000000 ) ) ;
#6050 = ORIENTED_EDGE ( 'NONE', *, *, #8889, .F. ) ;
#6051 = DIRECTION ( 'NONE',  ( 0.000000000000000000, 0.000000000000000000, 1.000000000000000000 ) ) ;
#6052 = EDGE_LOOP ( 'NONE', ( #5913, #2957, #4025, #4454 ) ) ;
#6053 = CARTESIAN_POINT ( 'NONE',  ( -594.4999999998082103, -3.174999999999999822, 117.9036976976977371 ) ) ;
#6054 = CARTESIAN_POINT ( 'NONE',  ( -277.7132895703687723, 0.000000000000000000, -452.5901575315501759 ) ) ;
#6055 = DIRECTION ( 'NONE',  ( 0.000000000000000000, 0.000000000000000000, 1.000000000000000000 ) ) ;
#6056 = CARTESIAN_POINT ( 'NONE',  ( 290.9999999999998295, 0.000000000000000000, 168.4036976976977655 ) ) ;
#6057 = ORIENTED_EDGE ( 'NONE', *, *, #2393, .T. ) ;
#6058 = DIRECTION ( 'NONE',  ( 0.000000000000000000, 0.000000000000000000, 1.000000000000000000 ) ) ;
#6059 = VERTEX_POINT ( 'NONE', #3185 ) ;
#6060 = ADVANCED_FACE ( 'NONE', ( #138 ), #6245, .F. ) ;
#6061 = ORIENTED_EDGE ( 'NONE', *, *, #1022, .T. ) ;
#6062 = DIRECTION ( 'NONE',  ( -1.000000000000000000, 0.000000000000000000, 0.000000000000000000 ) ) ;
#6063 = AXIS2_PLACEMENT_3D ( 'NONE', #431, #2118, #7991 ) ;
#6064 = VERTEX_POINT ( 'NONE', #5634 ) ;
#6065 = EDGE_CURVE ( 'NONE', #9108, #315, #1029, .T. ) ;
#6066 = CIRCLE ( 'NONE', #7349, 3.000000000000002665 ) ;
#6067 = CARTESIAN_POINT ( 'NONE',  ( -594.4999999998082103, 0.000000000000000000, 84.90369769769773711 ) ) ;
#6068 = EDGE_CURVE ( 'NONE', #9437, #3567, #5588, .T. ) ;
#6069 = VERTEX_POINT ( 'NONE', #9457 ) ;
#6070 = DIRECTION ( 'NONE',  ( -1.000000000000000000, 0.000000000000000000, 7.209240419646269740E-17 ) ) ;
#6071 = DIRECTION ( 'NONE',  ( -0.000000000000000000, -1.000000000000000000, -0.000000000000000000 ) ) ;
#6072 = AXIS2_PLACEMENT_3D ( 'NONE', #2208, #3817, #5469 ) ;
#6073 = ORIENTED_EDGE ( 'NONE', *, *, #4467, .F. ) ;
#6074 = CYLINDRICAL_SURFACE ( 'NONE', #9003, 3.000000000000002665 ) ;
#6075 = AXIS2_PLACEMENT_3D ( 'NONE', #4100, #8564, #7160 ) ;
#6076 = FACE_BOUND ( 'NONE', #3659, .T. ) ;
#6077 = EDGE_CURVE ( 'NONE', #8198, #6277, #1079, .T. ) ;
#6078 = CARTESIAN_POINT ( 'NONE',  ( -597.4999999998082103, -3.174999999999999822, 141.4036976976977940 ) ) ;
#6079 = VERTEX_POINT ( 'NONE', #7936 ) ;
#6080 = ORIENTED_EDGE ( 'NONE', *, *, #573, .F. ) ;
#6081 = CIRCLE ( 'NONE', #5448, 2.750000000000030198 ) ;
#6082 = CARTESIAN_POINT ( 'NONE',  ( 262.8727124800541333, -3.174999999999999822, -419.3635526549392125 ) ) ;
#6083 = LINE ( 'NONE', #7582, #1095 ) ;
#6084 = CARTESIAN_POINT ( 'NONE',  ( -250.2626310726667214, -3.174999999999999822, -458.1093375469639568 ) ) ;
#6085 = CARTESIAN_POINT ( 'NONE',  ( 482.9999999998082103, -3.174999999999999822, 171.4036976976977087 ) ) ;
#6086 = VERTEX_POINT ( 'NONE', #7188 ) ;
#6087 = CIRCLE ( 'NONE', #5613, 3.000000000000002665 ) ;
#6088 = CARTESIAN_POINT ( 'NONE',  ( -517.4999999998082103, 0.000000000000000000, 132.9036976976976803 ) ) ;
#6089 = VECTOR ( 'NONE', #5180, 1000.000000000000000 ) ;
#6090 = EDGE_LOOP ( 'NONE', ( #1206, #6368, #8358, #7015 ) ) ;
#6091 = ORIENTED_EDGE ( 'NONE', *, *, #522, .T. ) ;
#6092 = CIRCLE ( 'NONE', #8019, 2.749999999999974687 ) ;
#6093 = EDGE_CURVE ( 'NONE', #6582, #3105, #4239, .T. ) ;
#6094 = EDGE_LOOP ( 'NONE', ( #1409, #6024 ) ) ;
#6095 = CARTESIAN_POINT ( 'NONE',  ( -597.4999999998082103, 0.000000000000000000, -337.3768998705954800 ) ) ;
#6096 = CARTESIAN_POINT ( 'NONE',  ( -587.4999999998082103, 6.825000000000000178, 131.4036976976977655 ) ) ;
#6097 = EDGE_CURVE ( 'NONE', #9098, #7463, #3130, .T. ) ;
#6098 = DIRECTION ( 'NONE',  ( -7.209240419646269740E-17, 0.000000000000000000, -1.000000000000000000 ) ) ;
#6099 = CYLINDRICAL_SURFACE ( 'NONE', #1873, 3.250000000000030642 ) ;
#6100 = ORIENTED_EDGE ( 'NONE', *, *, #5119, .F. ) ;
#6101 = AXIS2_PLACEMENT_3D ( 'NONE', #7722, #23, #6971 ) ;
#6102 = DIRECTION ( 'NONE',  ( 0.000000000000000000, 0.000000000000000000, -1.000000000000000000 ) ) ;
#6103 = VERTEX_POINT ( 'NONE', #3284 ) ;
#6104 = DIRECTION ( 'NONE',  ( -0.000000000000000000, 1.000000000000000000, -0.000000000000000000 ) ) ;
#6105 = VERTEX_POINT ( 'NONE', #1781 ) ;
#6106 = DIRECTION ( 'NONE',  ( -0.9803806606322134076, 0.000000000000000000, 0.1971135719790620688 ) ) ;
#6107 = CYLINDRICAL_SURFACE ( 'NONE', #7359, 10.00000000000000888 ) ;
#6108 = DIRECTION ( 'NONE',  ( -1.000000000000000000, 0.000000000000000000, 0.000000000000000000 ) ) ;
#6109 = LINE ( 'NONE', #6154, #6356 ) ;
#6110 = ORIENTED_EDGE ( 'NONE', *, *, #5752, .F. ) ;
#6111 = CIRCLE ( 'NONE', #5635, 14.99999999999998579 ) ;
#6112 = CYLINDRICAL_SURFACE ( 'NONE', #3045, 2.749999999999974687 ) ;
#6113 = ORIENTED_EDGE ( 'NONE', *, *, #4622, .F. ) ;
#6114 = VERTEX_POINT ( 'NONE', #6340 ) ;
#6115 = CARTESIAN_POINT ( 'NONE',  ( -262.9999999999997158, 0.000000000000000000, 168.4036976976977655 ) ) ;
#6116 = EDGE_CURVE ( 'NONE', #5325, #2812, #4836, .T. ) ;
#6117 = ORIENTED_EDGE ( 'NONE', *, *, #3667, .T. ) ;
#6118 = DIRECTION ( 'NONE',  ( -0.000000000000000000, -1.000000000000000000, 0.000000000000000000 ) ) ;
#6119 = ORIENTED_EDGE ( 'NONE', *, *, #7479, .F. ) ;
#6120 = CARTESIAN_POINT ( 'NONE',  ( 401.9999999999994884, -3.174999999999999822, 106.4036976976980640 ) ) ;
#6121 = CARTESIAN_POINT ( 'NONE',  ( 557.5485770882340830, -3.174999999999999822, -362.3768998705954800 ) ) ;
#6122 = EDGE_CURVE ( 'NONE', #565, #5210, #2462, .T. ) ;
#6123 = DIRECTION ( 'NONE',  ( -0.000000000000000000, 1.000000000000000000, -0.000000000000000000 ) ) ;
#6124 = ORIENTED_EDGE ( 'NONE', *, *, #6403, .F. ) ;
#6125 = DIRECTION ( 'NONE',  ( -0.1971135719790632623, 0.000000000000000000, 0.9803806606322131856 ) ) ;
#6126 = PLANE ( 'NONE',  #169 ) ;
#6127 = AXIS2_PLACEMENT_3D ( 'NONE', #2854, #2800, #2905 ) ;
#6128 = DIRECTION ( 'NONE',  ( 0.000000000000000000, -1.000000000000000000, 0.000000000000000000 ) ) ;
#6129 = VERTEX_POINT ( 'NONE', #175 ) ;
#6130 = EDGE_LOOP ( 'NONE', ( #2453, #1447, #6269, #5993 ) ) ;
#6131 = DIRECTION ( 'NONE',  ( 0.000000000000000000, -1.000000000000000000, 0.000000000000000000 ) ) ;
#6132 = FACE_OUTER_BOUND ( 'NONE', #5255, .T. ) ;
#6133 = AXIS2_PLACEMENT_3D ( 'NONE', #1044, #1798, #7907 ) ;
#6134 = DIRECTION ( 'NONE',  ( 0.000000000000000000, 0.000000000000000000, -1.000000000000000000 ) ) ;
#6135 = DIRECTION ( 'NONE',  ( 0.000000000000000000, 0.000000000000000000, 1.000000000000000000 ) ) ;
#6136 = CARTESIAN_POINT ( 'NONE',  ( 597.4999999998082103, -3.174999999999999822, -347.3768998705953663 ) ) ;
#6137 = EDGE_CURVE ( 'NONE', #4532, #8303, #4666, .T. ) ;
#6138 = VERTEX_POINT ( 'NONE', #1560 ) ;
#6139 = VERTEX_POINT ( 'NONE', #2513 ) ;
#6140 = ORIENTED_EDGE ( 'NONE', *, *, #9321, .F. ) ;
#6141 = CARTESIAN_POINT ( 'NONE',  ( 487.8901270580765868, -3.174999999999999822, -371.0619201906362150 ) ) ;
#6142 = SURFACE_STYLE_FILL_AREA ( #645 ) ;
#6143 = EDGE_CURVE ( 'NONE', #459, #648, #5514, .T. ) ;
#6144 = CARTESIAN_POINT ( 'NONE',  ( -285.9999999999997726, -3.174999999999999822, 168.4036976976977655 ) ) ;
#6145 = CARTESIAN_POINT ( 'NONE',  ( 260.4999999999997158, -3.174999999999999822, 129.9456578061478922 ) ) ;
#6146 = ORIENTED_EDGE ( 'NONE', *, *, #7117, .F. ) ;
#6147 = LINE ( 'NONE', #9211, #8224 ) ;
#6148 = ORIENTED_EDGE ( 'NONE', *, *, #3337, .T. ) ;
#6149 = FACE_OUTER_BOUND ( 'NONE', #9341, .T. ) ;
#6150 = ORIENTED_EDGE ( 'NONE', *, *, #1427, .F. ) ;
#6151 = CARTESIAN_POINT ( 'NONE',  ( -103.0000000000000284, -3.174999999999999822, -471.5963023023023197 ) ) ;
#6152 = DIRECTION ( 'NONE',  ( 0.000000000000000000, 0.000000000000000000, 1.000000000000000000 ) ) ;
#6153 = DIRECTION ( 'NONE',  ( 0.000000000000000000, 1.000000000000000000, 0.000000000000000000 ) ) ;
#6154 = CARTESIAN_POINT ( 'NONE',  ( 597.4999999998079829, -3.174999999999999822, 84.90369769769773711 ) ) ;
#6155 = VERTEX_POINT ( 'NONE', #7875 ) ;
#6156 = AXIS2_PLACEMENT_3D ( 'NONE', #837, #9163, #3893 ) ;
#6157 = ORIENTED_EDGE ( 'NONE', *, *, #38, .F. ) ;
#6158 = LINE ( 'NONE', #6816, #4965 ) ;
#6159 = EDGE_LOOP ( 'NONE', ( #8673, #8100, #4986, #7439 ) ) ;
#6160 = EDGE_CURVE ( 'NONE', #1988, #9179, #3291, .T. ) ;
#6161 = VERTEX_POINT ( 'NONE', #9386 ) ;
#6162 = CARTESIAN_POINT ( 'NONE',  ( -402.0000000000000000, 0.000000000000000000, -372.3463023023023197 ) ) ;
#6163 = VERTEX_POINT ( 'NONE', #8478 ) ;
#6164 = VECTOR ( 'NONE', #134, 1000.000000000000000 ) ;
#6165 = FACE_OUTER_BOUND ( 'NONE', #4252, .T. ) ;
#6166 = ORIENTED_EDGE ( 'NONE', *, *, #9839, .F. ) ;
#6167 = VECTOR ( 'NONE', #4631, 1000.000000000000227 ) ;
#6168 = LINE ( 'NONE', #3112, #264 ) ;
#6169 = CARTESIAN_POINT ( 'NONE',  ( -348.0000000000000000, -3.174999999999999822, 109.1536976976978082 ) ) ;
#6170 = EDGE_CURVE ( 'NONE', #2073, #666, #6487, .T. ) ;
#6171 = LINE ( 'NONE', #9238, #1301 ) ;
#6172 = VERTEX_POINT ( 'NONE', #1013 ) ;
#6173 = DIRECTION ( 'NONE',  ( 1.000000000000000000, -0.000000000000000000, 0.000000000000000000 ) ) ;
#6174 = ADVANCED_FACE ( 'NONE', ( #964 ), #7121, .T. ) ;
#6175 = AXIS2_PLACEMENT_3D ( 'NONE', #6653, #8201, #7250 ) ;
#6176 = DIRECTION ( 'NONE',  ( -0.000000000000000000, 1.000000000000000000, -0.000000000000000000 ) ) ;
#6177 = CARTESIAN_POINT ( 'NONE',  ( 68.49999999999991473, -3.174999999999999822, -433.1382624107525885 ) ) ;
#6178 = ORIENTED_EDGE ( 'NONE', *, *, #1787, .T. ) ;
#6179 = EDGE_CURVE ( 'NONE', #5450, #9886, #5369, .T. ) ;
#6180 = LINE ( 'NONE', #921, #9862 ) ;
#6181 = CIRCLE ( 'NONE', #9553, 3.000000000000002665 ) ;
#6182 = AXIS2_PLACEMENT_3D ( 'NONE', #5823, #474, #2865 ) ;
#6183 = LINE ( 'NONE', #1475, #7457 ) ;
#6184 = DIRECTION ( 'NONE',  ( 1.000000000000000000, 0.000000000000000000, 0.000000000000000000 ) ) ;
#6185 = LINE ( 'NONE', #730, #3601 ) ;
#6186 = CYLINDRICAL_SURFACE ( 'NONE', #2713, 3.000000000000002665 ) ;
#6187 = ORIENTED_EDGE ( 'NONE', *, *, #972, .T. ) ;
#6188 = CARTESIAN_POINT ( 'NONE',  ( 67.99999999999991473, 0.000000000000000000, -436.0963023023023766 ) ) ;
#6189 = DIRECTION ( 'NONE',  ( -0.000000000000000000, 1.000000000000000000, -0.000000000000000000 ) ) ;
#6190 = EDGE_CURVE ( 'NONE', #2013, #3029, #8735, .T. ) ;
#6191 = AXIS2_PLACEMENT_3D ( 'NONE', #9652, #8265, #1397 ) ;
#6192 = VERTEX_POINT ( 'NONE', #68 ) ;
#6193 = ORIENTED_EDGE ( 'NONE', *, *, #2203, .F. ) ;
#6194 = EDGE_CURVE ( 'NONE', #1383, #7187, #6168, .T. ) ;
#6195 = EDGE_LOOP ( 'NONE', ( #4203, #287, #9338, #3861 ) ) ;
#6196 = EDGE_CURVE ( 'NONE', #7260, #3272, #221, .T. ) ;
#6197 = CARTESIAN_POINT ( 'NONE',  ( 269.8702442853108323, -3.174999999999999822, -454.1670661073827659 ) ) ;
#6198 = DIRECTION ( 'NONE',  ( 0.000000000000000000, 0.000000000000000000, 1.000000000000000000 ) ) ;
#6199 = PLANE ( 'NONE',  #6156 ) ;
#6200 = DIRECTION ( 'NONE',  ( -0.000000000000000000, 1.000000000000000000, -0.000000000000000000 ) ) ;
#6201 = VECTOR ( 'NONE', #310, 1000.000000000000000 ) ;
#6202 = VERTEX_POINT ( 'NONE', #9236 ) ;
#6203 = AXIS2_PLACEMENT_3D ( 'NONE', #8143, #1184, #8239 ) ;
#6204 = ORIENTED_EDGE ( 'NONE', *, *, #4672, .T. ) ;
#6205 = DIRECTION ( 'NONE',  ( 0.000000000000000000, 0.000000000000000000, 1.000000000000000000 ) ) ;
#6206 = VERTEX_POINT ( 'NONE', #9343 ) ;
#6207 = CARTESIAN_POINT ( 'NONE',  ( 597.4999999998082103, -3.174999999999999822, 109.9036976976977513 ) ) ;
#6208 = CARTESIAN_POINT ( 'NONE',  ( -594.4999999998082103, 0.000000000000000000, -304.5963023023022629 ) ) ;
#6209 = ADVANCED_FACE ( 'NONE', ( #7827 ), #4766, .F. ) ;
#6210 = CARTESIAN_POINT ( 'NONE',  ( -348.0000000000000000, -3.174999999999999822, 106.4036976976978366 ) ) ;
#6211 = LINE ( 'NONE', #9221, #6048 ) ;
#6212 = ORIENTED_EDGE ( 'NONE', *, *, #140, .F. ) ;
#6213 = AXIS2_PLACEMENT_3D ( 'NONE', #6517, #7916, #6466 ) ;
#6214 = CIRCLE ( 'NONE', #2371, 3.000000000000002665 ) ;
#6215 = ORIENTED_EDGE ( 'NONE', *, *, #1159, .T. ) ;
#6216 = LINE ( 'NONE', #3104, #3686 ) ;
#6217 = ORIENTED_EDGE ( 'NONE', *, *, #5363, .F. ) ;
#6218 = ORIENTED_EDGE ( 'NONE', *, *, #4871, .T. ) ;
#6219 = CIRCLE ( 'NONE', #617, 3.000000000000002665 ) ;
#6220 = FACE_OUTER_BOUND ( 'NONE', #8988, .T. ) ;
#6221 = VERTEX_POINT ( 'NONE', #119 ) ;
#6222 = CIRCLE ( 'NONE', #2695, 3.000000000000002665 ) ;
#6223 = DIRECTION ( 'NONE',  ( -0.000000000000000000, 1.000000000000000000, -0.000000000000000000 ) ) ;
#6224 = ORIENTED_EDGE ( 'NONE', *, *, #8177, .F. ) ;
#6226 = EDGE_CURVE ( 'NONE', #207, #8742, #5418, .T. ) ;
#6225 = DIRECTION ( 'NONE',  ( 0.000000000000000000, 0.000000000000000000, 1.000000000000000000 ) ) ;
#6227 = DIRECTION ( 'NONE',  ( 0.000000000000000000, 0.000000000000000000, 1.000000000000000000 ) ) ;
#6228 = LINE ( 'NONE', #767, #6589 ) ;
#6229 = VERTEX_POINT ( 'NONE', #814 ) ;
#6230 = VECTOR ( 'NONE', #9394, 1000.000000000000000 ) ;
#6231 = FACE_OUTER_BOUND ( 'NONE', #8551, .T. ) ;
#6232 = DIRECTION ( 'NONE',  ( 0.000000000000000000, -1.000000000000000000, 0.000000000000000000 ) ) ;
#6233 = DIRECTION ( 'NONE',  ( 0.000000000000000000, 0.000000000000000000, -1.000000000000000000 ) ) ;
#6234 = ORIENTED_EDGE ( 'NONE', *, *, #8513, .F. ) ;
#6235 = CARTESIAN_POINT ( 'NONE',  ( 597.4999999998080966, 0.000000000000000000, -374.9753774975062584 ) ) ;
#6236 = EDGE_CURVE ( 'NONE', #1332, #725, #1053, .T. ) ;
#6237 = VECTOR ( 'NONE', #1681, 1000.000000000000000 ) ;
#6238 =( GEOMETRIC_REPRESENTATION_CONTEXT ( 3 ) GLOBAL_UNCERTAINTY_ASSIGNED_CONTEXT ( ( #2962 ) ) GLOBAL_UNIT_ASSIGNED_CONTEXT ( ( #7019, #3966, #2512 ) ) REPRESENTATION_CONTEXT ( 'NONE', 'WORKASPACE' ) );
#6239 = DIRECTION ( 'NONE',  ( 0.000000000000000000, -1.000000000000000000, 0.000000000000000000 ) ) ;
#6240 = DIRECTION ( 'NONE',  ( 0.000000000000000000, 0.000000000000000000, 1.000000000000000000 ) ) ;
#6241 = CIRCLE ( 'NONE', #9602, 3.000000000000002665 ) ;
#6242 = DIRECTION ( 'NONE',  ( 0.000000000000000000, 0.000000000000000000, 1.000000000000000000 ) ) ;
#6243 = DIRECTION ( 'NONE',  ( 0.000000000000000000, 0.000000000000000000, 1.000000000000000000 ) ) ;
#6244 = VERTEX_POINT ( 'NONE', #9292 ) ;
#6245 = CYLINDRICAL_SURFACE ( 'NONE', #7443, 3.000000000000002665 ) ;
#6246 = CARTESIAN_POINT ( 'NONE',  ( -103.0000000000000284, -3.174999999999999822, -474.5963023023023197 ) ) ;
#6247 = VECTOR ( 'NONE', #7559, 1000.000000000000000 ) ;
#6248 = EDGE_LOOP ( 'NONE', ( #381, #4658, #3462, #3816 ) ) ;
#6249 = ORIENTED_EDGE ( 'NONE', *, *, #5027, .F. ) ;
#6250 = VECTOR ( 'NONE', #2708, 1000.000000000000000 ) ;
#6251 = DIRECTION ( 'NONE',  ( 0.000000000000000000, 1.000000000000000000, 0.000000000000000000 ) ) ;
#6252 = DIRECTION ( 'NONE',  ( 0.9803806606322130746, 0.000000000000000000, -0.1971135719790633456 ) ) ;
#6253 = DIRECTION ( 'NONE',  ( 0.000000000000000000, 0.000000000000000000, 1.000000000000000000 ) ) ;
#6254 = CARTESIAN_POINT ( 'NONE',  ( -495.4789995792705213, 0.000000000000000000, -408.8065756249762899 ) ) ;
#6255 = VERTEX_POINT ( 'NONE', #2416 ) ;
#6256 = AXIS2_PLACEMENT_3D ( 'NONE', #1832, #6447, #6302 ) ;
#6257 = ADVANCED_FACE ( 'NONE', ( #6321 ), #5471, .F. ) ;
#6258 = EDGE_CURVE ( 'NONE', #4346, #7890, #3224, .T. ) ;
#6259 = CIRCLE ( 'NONE', #5459, 3.000000000000002665 ) ;
#6260 = ORIENTED_EDGE ( 'NONE', *, *, #3254, .T. ) ;
#6261 = DIRECTION ( 'NONE',  ( -0.000000000000000000, 1.000000000000000000, -0.000000000000000000 ) ) ;
#6262 = ORIENTED_EDGE ( 'NONE', *, *, #7010, .T. ) ;
#6263 = DIRECTION ( 'NONE',  ( -0.000000000000000000, -1.000000000000000000, -0.000000000000000000 ) ) ;
#6264 = LINE ( 'NONE', #1004, #4961 ) ;
#6265 = DIRECTION ( 'NONE',  ( -0.000000000000000000, -1.000000000000000000, -0.000000000000000000 ) ) ;
#6266 = CARTESIAN_POINT ( 'NONE',  ( -402.0000000000000000, 0.000000000000000000, 106.4036976976978366 ) ) ;
#6267 = ORIENTED_EDGE ( 'NONE', *, *, #7368, .F. ) ;
#6268 = AXIS2_PLACEMENT_3D ( 'NONE', #5420, #3871, #8331 ) ;
#6269 = ORIENTED_EDGE ( 'NONE', *, *, #9196, .F. ) ;
#6270 = FACE_OUTER_BOUND ( 'NONE', #493, .T. ) ;
#6271 = ORIENTED_EDGE ( 'NONE', *, *, #2874, .F. ) ;
#6272 = ADVANCED_FACE ( 'NONE', ( #6149 ), #8410, .F. ) ;
#6273 = VERTEX_POINT ( 'NONE', #6853 ) ;
#6274 = EDGE_CURVE ( 'NONE', #3307, #2457, #6960, .T. ) ;
#6275 = DIRECTION ( 'NONE',  ( 0.000000000000000000, 0.000000000000000000, -1.000000000000000000 ) ) ;
#6276 = CIRCLE ( 'NONE', #8025, 3.000000000000002665 ) ;
#6277 = VERTEX_POINT ( 'NONE', #3803 ) ;
#6278 = ORIENTED_EDGE ( 'NONE', *, *, #3865, .F. ) ;
#6279 = CARTESIAN_POINT ( 'NONE',  ( -597.4999999998082103, 0.000000000000000000, 112.9036976976977371 ) ) ;
#6280 = LINE ( 'NONE', #5419, #9070 ) ;
#6281 = DIRECTION ( 'NONE',  ( 0.000000000000000000, -1.000000000000000000, 0.000000000000000000 ) ) ;
#6282 = EDGE_LOOP ( 'NONE', ( #7293, #5605, #5802, #9442 ) ) ;
#6283 = DIRECTION ( 'NONE',  ( -0.000000000000000000, 1.000000000000000000, -0.000000000000000000 ) ) ;
#6284 = FACE_OUTER_BOUND ( 'NONE', #7125, .T. ) ;
#6285 = EDGE_CURVE ( 'NONE', #665, #9368, #9535, .T. ) ;
#6286 = DIRECTION ( 'NONE',  ( -0.000000000000000000, 1.000000000000000000, -0.000000000000000000 ) ) ;
#6287 = ORIENTED_EDGE ( 'NONE', *, *, #1170, .T. ) ;
#6288 = CARTESIAN_POINT ( 'NONE',  ( -597.4999999998082103, -3.174999999999999822, -304.5963023023022629 ) ) ;
#6289 = CARTESIAN_POINT ( 'NONE',  ( 237.3828153036166384, -3.174999999999999822, -424.4885055263948175 ) ) ;
#6290 = CARTESIAN_POINT ( 'NONE',  ( -503.3220448643284044, -3.174999999999999822, -407.2296670491438135 ) ) ;
#6291 = LINE ( 'NONE', #3930, #4884 ) ;
#6292 = CYLINDRICAL_SURFACE ( 'NONE', #6405, 15.00000000000001421 ) ;
#6293 = DIRECTION ( 'NONE',  ( -0.000000000000000000, 1.000000000000000000, -0.000000000000000000 ) ) ;
#6294 = CIRCLE ( 'NONE', #6927, 10.00000000000000888 ) ;
#6295 = CARTESIAN_POINT ( 'NONE',  ( 465.1883494852928038, -3.174999999999999822, -417.9567951242135564 ) ) ;
#6296 = EDGE_CURVE ( 'NONE', #5003, #6752, #5197, .T. ) ;
#6297 = ORIENTED_EDGE ( 'NONE', *, *, #8471, .F. ) ;
#6298 = ORIENTED_EDGE ( 'NONE', *, *, #5291, .T. ) ;
#6299 = VECTOR ( 'NONE', #8298, 1000.000000000000000 ) ;
#6300 = EDGE_CURVE ( 'NONE', #8059, #7299, #3095, .T. ) ;
#6301 = LINE ( 'NONE', #5689, #4746 ) ;
#6302 = DIRECTION ( 'NONE',  ( 0.1971135719790618190, 0.000000000000000000, -0.9803806606322132966 ) ) ;
#6303 = CARTESIAN_POINT ( 'NONE',  ( -594.4999999998082103, 0.000000000000000000, 112.9036976976977371 ) ) ;
#6304 = FACE_OUTER_BOUND ( 'NONE', #7708, .T. ) ;
#6305 = ORIENTED_EDGE ( 'NONE', *, *, #3867, .T. ) ;
#6306 = EDGE_CURVE ( 'NONE', #5074, #7600, #882, .T. ) ;
#6307 = VERTEX_POINT ( 'NONE', #3851 ) ;
#6308 = EDGE_CURVE ( 'NONE', #2563, #9640, #4444, .T. ) ;
#6309 = CARTESIAN_POINT ( 'NONE',  ( 250.2626310726666077, 0.000000000000000000, -458.1093375469640137 ) ) ;
#6310 = EDGE_LOOP ( 'NONE', ( #386, #1355, #4277, #3422 ) ) ;
#6312 = EDGE_CURVE ( 'NONE', #7688, #7247, #4543, .T. ) ;
#6311 = LINE ( 'NONE', #9275, #382 ) ;
#6313 = LINE ( 'NONE', #3350, #1920 ) ;
#6314 = DIRECTION ( 'NONE',  ( -0.1971135719790599872, 0.000000000000000000, 0.9803806606322136297 ) ) ;
#6315 = DIRECTION ( 'NONE',  ( 0.000000000000000000, -1.000000000000000000, 0.000000000000000000 ) ) ;
#6316 = ORIENTED_EDGE ( 'NONE', *, *, #5207, .F. ) ;
#6317 = ORIENTED_EDGE ( 'NONE', *, *, #3961, .T. ) ;
#6318 = VERTEX_POINT ( 'NONE', #52 ) ;
#6319 = DIRECTION ( 'NONE',  ( -0.000000000000000000, -1.000000000000000000, -0.000000000000000000 ) ) ;
#6320 = ORIENTED_EDGE ( 'NONE', *, *, #5496, .F. ) ;
#6321 = FACE_OUTER_BOUND ( 'NONE', #2102, .T. ) ;
#6322 = CARTESIAN_POINT ( 'NONE',  ( 247.3214890907699726, 0.000000000000000000, -458.7006782629012491 ) ) ;
#6323 = EDGE_CURVE ( 'NONE', #2701, #9008, #3440, .T. ) ;
#6324 = DIRECTION ( 'NONE',  ( 0.000000000000000000, -1.000000000000000000, 0.000000000000000000 ) ) ;
#6325 = EDGE_LOOP ( 'NONE', ( #3799, #4135, #6502, #5976 ) ) ;
#6326 = CYLINDRICAL_SURFACE ( 'NONE', #5307, 10.00000000000000888 ) ;
#6327 = DIRECTION ( 'NONE',  ( 0.1971135719790633178, -0.000000000000000000, 0.9803806606322130746 ) ) ;
#6328 = AXIS2_PLACEMENT_3D ( 'NONE', #1090, #438, #1933 ) ;
#6329 = CARTESIAN_POINT ( 'NONE',  ( 267.5204430193513758, -3.174999999999999822, -457.6995488052166365 ) ) ;
#6330 = AXIS2_PLACEMENT_3D ( 'NONE', #6188, #782, #7846 ) ;
#6331 = EDGE_CURVE ( 'NONE', #1462, #2239, #4727, .T. ) ;
#6332 = ORIENTED_EDGE ( 'NONE', *, *, #5693, .F. ) ;
#6333 = CARTESIAN_POINT ( 'NONE',  ( -597.4999999998082103, 0.000000000000000000, 109.9036976976977229 ) ) ;
#6334 = FACE_OUTER_BOUND ( 'NONE', #7245, .T. ) ;
#6335 = CARTESIAN_POINT ( 'NONE',  ( -163.5746922328639528, -3.174999999999999822, -474.5963023023023197 ) ) ;
#6336 = CARTESIAN_POINT ( 'NONE',  ( -235.4220539823522813, 0.000000000000000000, -424.8827326703528797 ) ) ;
#6337 = DIRECTION ( 'NONE',  ( -0.000000000000000000, -1.000000000000000000, -0.000000000000000000 ) ) ;
#6338 = ORIENTED_EDGE ( 'NONE', *, *, #9848, .F. ) ;
#6339 = AXIS2_PLACEMENT_3D ( 'NONE', #6410, #154, #2548 ) ;
#6340 = CARTESIAN_POINT ( 'NONE',  ( 99.99999999999991473, 0.000000000000000000, -471.5963023023023766 ) ) ;
#6341 = DIRECTION ( 'NONE',  ( 0.000000000000000000, 0.000000000000000000, 1.000000000000000000 ) ) ;
#6342 = DIRECTION ( 'NONE',  ( -0.000000000000000000, 1.000000000000000000, -0.000000000000000000 ) ) ;
#6343 = AXIS2_PLACEMENT_3D ( 'NONE', #6436, #1072, #1821 ) ;
#6344 = EDGE_LOOP ( 'NONE', ( #4593, #7912, #9130, #517 ) ) ;
#6345 = VECTOR ( 'NONE', #7886, 1000.000000000000000 ) ;
#6346 = ORIENTED_EDGE ( 'NONE', *, *, #7343, .F. ) ;
#6347 = CARTESIAN_POINT ( 'NONE',  ( 558.9999999998080966, 0.000000000000000000, -282.5963023023024334 ) ) ;
#6348 = DIRECTION ( 'NONE',  ( 0.9803806606322130746, 0.000000000000000000, 0.1971135719790632346 ) ) ;
#6349 = EDGE_CURVE ( 'NONE', #3029, #3010, #3702, .T. ) ;
#6350 = CARTESIAN_POINT ( 'NONE',  ( 519.4999999998082103, 0.000000000000000000, 129.9036976976976803 ) ) ;
#6351 = CARTESIAN_POINT ( 'NONE',  ( -594.4999999998082103, -3.174999999999999822, -304.5963023023022629 ) ) ;
#6352 = ORIENTED_EDGE ( 'NONE', *, *, #3664, .T. ) ;
#6353 = CIRCLE ( 'NONE', #7618, 3.000000000000002665 ) ;
#6354 = VECTOR ( 'NONE', #6153, 1000.000000000000000 ) ;
#6355 = EDGE_LOOP ( 'NONE', ( #9680, #1767, #9142, #3689 ) ) ;
#6356 = VECTOR ( 'NONE', #3902, 1000.000000000000000 ) ;
#6357 = DIRECTION ( 'NONE',  ( 0.000000000000000000, 0.000000000000000000, 1.000000000000000000 ) ) ;
#6358 = ORIENTED_EDGE ( 'NONE', *, *, #5951, .F. ) ;
#6359 = AXIS2_PLACEMENT_3D ( 'NONE', #3740, #7591, #739 ) ;
#6360 = CARTESIAN_POINT ( 'NONE',  ( -577.4999999998082103, 0.000000000000000000, -70.34630230230226289 ) ) ;
#6361 = DIRECTION ( 'NONE',  ( 0.000000000000000000, 0.000000000000000000, -1.000000000000000000 ) ) ;
#6362 = EDGE_CURVE ( 'NONE', #9790, #8449, #8308, .T. ) ;
#6363 = DIRECTION ( 'NONE',  ( 0.000000000000000000, -1.000000000000000000, 0.000000000000000000 ) ) ;
#6364 = DIRECTION ( 'NONE',  ( 0.000000000000000000, 0.000000000000000000, 1.000000000000000000 ) ) ;
#6365 = EDGE_LOOP ( 'NONE', ( #1802, #3074, #7377, #8070 ) ) ;
#6366 = ORIENTED_EDGE ( 'NONE', *, *, #3811, .F. ) ;
#6367 = CIRCLE ( 'NONE', #5878, 3.000000000000002665 ) ;
#6368 = ORIENTED_EDGE ( 'NONE', *, *, #701, .F. ) ;
#6369 = CYLINDRICAL_SURFACE ( 'NONE', #771, 3.000000000000002665 ) ;
#6370 = EDGE_CURVE ( 'NONE', #8409, #9077, #2292, .T. ) ;
#6371 = ORIENTED_EDGE ( 'NONE', *, *, #6499, .T. ) ;
#6372 = APPLICATION_PROTOCOL_DEFINITION ( 'draft international standard', 'automotive_design', 1998, #8797 ) ;
#6373 = VECTOR ( 'NONE', #5251, 1000.000000000000000 ) ;
#6374 = CARTESIAN_POINT ( 'NONE',  ( -594.4999999998082103, -3.174999999999999822, 92.90369769769773711 ) ) ;
#6375 = CARTESIAN_POINT ( 'NONE',  ( 475.3811960363100866, 0.000000000000000000, -412.8474038505472095 ) ) ;
#6376 = AXIS2_PLACEMENT_3D ( 'NONE', #1499, #4548, #8465 ) ;
#6377 = LINE ( 'NONE', #1908, #2750 ) ;
#6378 = ORIENTED_EDGE ( 'NONE', *, *, #5962, .F. ) ;
#6379 = CARTESIAN_POINT ( 'NONE',  ( -490.3493496165143597, -1.587499999999999467, -370.6102731395310457 ) ) ;
#6380 = CARTESIAN_POINT ( 'NONE',  ( -178.5995066845798362, -3.174999999999999822, -450.0775332806430811 ) ) ;
#6381 = EDGE_CURVE ( 'NONE', #952, #1548, #2948, .T. ) ;
#6382 = EDGE_CURVE ( 'NONE', #4969, #3545, #2486, .T. ) ;
#6383 = DIRECTION ( 'NONE',  ( 0.000000000000000000, 0.000000000000000000, 1.000000000000000000 ) ) ;
#6384 = ORIENTED_EDGE ( 'NONE', *, *, #877, .F. ) ;
#6385 = PLANE ( 'NONE',  #8423 ) ;
#6386 = CARTESIAN_POINT ( 'NONE',  ( 558.9999999998079829, 0.000000000000000000, 112.9036976976977513 ) ) ;
#6387 = CARTESIAN_POINT ( 'NONE',  ( -464.8511815332196306, -3.174999999999999822, -375.6940891321440859 ) ) ;
#6388 = AXIS2_PLACEMENT_3D ( 'NONE', #317, #3362, #7261 ) ;
#6389 = DIRECTION ( 'NONE',  ( 0.000000000000000000, 0.000000000000000000, -1.000000000000000000 ) ) ;
#6390 = ORIENTED_EDGE ( 'NONE', *, *, #7744, .T. ) ;
#6391 = DIRECTION ( 'NONE',  ( 0.000000000000000000, 0.000000000000000000, 1.000000000000000000 ) ) ;
#6392 = CARTESIAN_POINT ( 'NONE',  ( -402.0000000000000000, 6.825000000000000178, -369.5963023023023197 ) ) ;
#6393 = DIRECTION ( 'NONE',  ( -0.000000000000000000, 1.000000000000000000, -0.000000000000000000 ) ) ;
#6394 = VECTOR ( 'NONE', #4772, 1000.000000000000000 ) ;
#6395 = ORIENTED_EDGE ( 'NONE', *, *, #5938, .T. ) ;
#6396 = EDGE_LOOP ( 'NONE', ( #99, #491 ) ) ;
#6397 = VECTOR ( 'NONE', #8832, 1000.000000000000000 ) ;
#6398 = LINE ( 'NONE', #3292, #7789 ) ;
#6399 = LINE ( 'NONE', #1741, #5774 ) ;
#6400 = EDGE_CURVE ( 'NONE', #9022, #7881, #3768, .T. ) ;
#6401 = LINE ( 'NONE', #391, #9534 ) ;
#6402 = LINE ( 'NONE', #940, #2365 ) ;
#6403 = EDGE_CURVE ( 'NONE', #9038, #725, #1446, .T. ) ;
#6404 = ORIENTED_EDGE ( 'NONE', *, *, #8518, .T. ) ;
#6405 = AXIS2_PLACEMENT_3D ( 'NONE', #7042, #6337, #9403 ) ;
#6406 = VECTOR ( 'NONE', #3793, 1000.000000000000000 ) ;
#6407 = EDGE_CURVE ( 'NONE', #811, #7069, #4565, .T. ) ;
#6408 = EDGE_CURVE ( 'NONE', #3046, #6827, #8416, .T. ) ;
#6409 = ORIENTED_EDGE ( 'NONE', *, *, #7539, .T. ) ;
#6410 = CARTESIAN_POINT ( 'NONE',  ( -266.9291023034143677, 0.000000000000000000, -454.7584068233198877 ) ) ;
#6411 = ORIENTED_EDGE ( 'NONE', *, *, #1500, .F. ) ;
#6412 = ADVANCED_FACE ( 'NONE', ( #208 ), #8664, .T. ) ;
#6413 = FACE_OUTER_BOUND ( 'NONE', #8698, .T. ) ;
#6414 = CARTESIAN_POINT ( 'NONE',  ( 401.9999999999998295, 6.825000000000000178, -369.5963023023019787 ) ) ;
#6415 = AXIS2_PLACEMENT_3D ( 'NONE', #8141, #4988, #1279 ) ;
#6416 = CARTESIAN_POINT ( 'NONE',  ( 67.99999999999991473, 0.000000000000000000, -436.0963023023023766 ) ) ;
#6417 = CARTESIAN_POINT ( 'NONE',  ( 490.4422290952782646, -3.174999999999999822, -370.6088350285747310 ) ) ;
#6418 = ORIENTED_EDGE ( 'NONE', *, *, #3664, .F. ) ;
#6419 = AXIS2_PLACEMENT_3D ( 'NONE', #3712, #4657, #1502 ) ;
#6420 = EDGE_LOOP ( 'NONE', ( #1179, #5013 ) ) ;
#6421 = DIRECTION ( 'NONE',  ( 0.000000000000000000, -1.000000000000000000, 0.000000000000000000 ) ) ;
#6422 = VERTEX_POINT ( 'NONE', #6458 ) ;
#6423 = AXIS2_PLACEMENT_3D ( 'NONE', #1884, #8858, #902 ) ;
#6424 = LINE ( 'NONE', #8020, #5098 ) ;
#6425 = DIRECTION ( 'NONE',  ( 0.000000000000000000, 0.000000000000000000, 1.000000000000000000 ) ) ;
#6426 = CARTESIAN_POINT ( 'NONE',  ( 68.49999999999991473, 0.000000000000000000, -433.1382624107525885 ) ) ;
#6427 = ORIENTED_EDGE ( 'NONE', *, *, #7741, .T. ) ;
#6428 = CARTESIAN_POINT ( 'NONE',  ( 542.4999999998076419, -3.174999999999999822, 161.4036976976976803 ) ) ;
#6429 = EDGE_CURVE ( 'NONE', #5344, #946, #2012, .T. ) ;
#6431 = LINE ( 'NONE', #5820, #3829 ) ;
#6430 = VECTOR ( 'NONE', #9694, 1000.000000000000000 ) ;
#6432 = LINE ( 'NONE', #6329, #5745 ) ;
#6433 = ORIENTED_EDGE ( 'NONE', *, *, #9195, .F. ) ;
#6434 = EDGE_CURVE ( 'NONE', #7066, #5698, #107, .T. ) ;
#6435 = DIRECTION ( 'NONE',  ( 0.000000000000000000, -1.000000000000000000, 0.000000000000000000 ) ) ;
#6436 = CARTESIAN_POINT ( 'NONE',  ( -260.9999999999997158, -3.174999999999999822, 132.9036976976976803 ) ) ;
#6437 = CARTESIAN_POINT ( 'NONE',  ( -558.9999999998083240, 0.000000000000000000, 89.90369769769773711 ) ) ;
#6438 = EDGE_CURVE ( 'NONE', #952, #2356, #2446, .T. ) ;
#6439 = LINE ( 'NONE', #5632, #9323 ) ;
#6440 = VERTEX_POINT ( 'NONE', #3203 ) ;
#6441 = CIRCLE ( 'NONE', #2111, 3.000000000000002665 ) ;
#6442 = DIRECTION ( 'NONE',  ( 0.1971135719790607366, -0.000000000000000000, 0.9803806606322135186 ) ) ;
#6443 = DIRECTION ( 'NONE',  ( 0.000000000000000000, 1.000000000000000000, 0.000000000000000000 ) ) ;
#6444 = ORIENTED_EDGE ( 'NONE', *, *, #9274, .F. ) ;
#6445 = ORIENTED_EDGE ( 'NONE', *, *, #1273, .T. ) ;
#6446 = DIRECTION ( 'NONE',  ( -0.000000000000000000, 1.000000000000000000, -0.000000000000000000 ) ) ;
#6447 = DIRECTION ( 'NONE',  ( 0.9803806606322134076, -0.000000000000000000, 0.1971135719790618468 ) ) ;
#6448 = ADVANCED_FACE ( 'NONE', ( #5452 ), #1646, .F. ) ;
#6449 = DIRECTION ( 'NONE',  ( 0.000000000000000000, 0.000000000000000000, -1.000000000000000000 ) ) ;
#6450 = CYLINDRICAL_SURFACE ( 'NONE', #6687, 3.000000000000002665 ) ;
#6451 = ORIENTED_EDGE ( 'NONE', *, *, #7482, .F. ) ;
#6452 = LINE ( 'NONE', #3213, #662 ) ;
#6453 = VERTEX_POINT ( 'NONE', #5555 ) ;
#6454 = EDGE_CURVE ( 'NONE', #7810, #7211, #8616, .T. ) ;
#6455 = VECTOR ( 'NONE', #156, 1000.000000000000000 ) ;
#6456 = EDGE_LOOP ( 'NONE', ( #3540, #9608, #1348, #8133 ) ) ;
#6457 = ADVANCED_FACE ( 'NONE', ( #4096 ), #1698, .F. ) ;
#6458 = CARTESIAN_POINT ( 'NONE',  ( 465.4425222491566387, -3.174999999999999822, -378.6352311140408347 ) ) ;
#6459 = ORIENTED_EDGE ( 'NONE', *, *, #9571, .T. ) ;
#6460 = LINE ( 'NONE', #7207, #5487 ) ;
#6461 = CARTESIAN_POINT ( 'NONE',  ( 462.5013802672600036, -3.174999999999999822, -379.2265718299780701 ) ) ;
#6462 = LINE ( 'NONE', #2693, #600 ) ;
#6463 = DIRECTION ( 'NONE',  ( 0.000000000000000000, 0.000000000000000000, -1.000000000000000000 ) ) ;
#6464 = VERTEX_POINT ( 'NONE', #8514 ) ;
#6465 = CARTESIAN_POINT ( 'NONE',  ( 221.4321775711112821, 0.000000000000000000, -456.7658529379522747 ) ) ;
#6466 = DIRECTION ( 'NONE',  ( 0.000000000000000000, 0.000000000000000000, 1.000000000000000000 ) ) ;
#6467 = ORIENTED_EDGE ( 'NONE', *, *, #6804, .F. ) ;
#6468 = DIRECTION ( 'NONE',  ( 1.000000000000000000, 0.000000000000000000, 0.000000000000000000 ) ) ;
#6469 = DIRECTION ( 'NONE',  ( 0.000000000000000000, -1.000000000000000000, 0.000000000000000000 ) ) ;
#6470 = CARTESIAN_POINT ( 'NONE',  ( 514.4999999998079829, -3.174999999999999822, 168.4036976976977087 ) ) ;
#6471 = AXIS2_PLACEMENT_3D ( 'NONE', #7648, #2537, #4040 ) ;
#6472 = EDGE_CURVE ( 'NONE', #2180, #5896, #7002, .T. ) ;
#6473 = PLANE ( 'NONE',  #5449 ) ;
#6474 = ORIENTED_EDGE ( 'NONE', *, *, #6137, .F. ) ;
#6475 = FACE_OUTER_BOUND ( 'NONE', #4841, .T. ) ;
#6476 = CARTESIAN_POINT ( 'NONE',  ( 567.4999999998077556, -3.174999999999999822, 156.4036976976982203 ) ) ;
#6477 = DIRECTION ( 'NONE',  ( 0.000000000000000000, 1.000000000000000000, 0.000000000000000000 ) ) ;
#6478 = EDGE_LOOP ( 'NONE', ( #4206, #2151, #6608, #961 ) ) ;
#6479 = CARTESIAN_POINT ( 'NONE',  ( 597.4999999998080966, 0.000000000000000000, -276.5963023023024334 ) ) ;
#6480 = EDGE_CURVE ( 'NONE', #8586, #8870, #1796, .T. ) ;
#6481 = DIRECTION ( 'NONE',  ( -1.000000000000000000, 0.000000000000000000, 7.209240419646269740E-17 ) ) ;
#6482 = EDGE_CURVE ( 'NONE', #7977, #3, #7452, .T. ) ;
#6483 = CIRCLE ( 'NONE', #6802, 3.250000000000030642 ) ;
#6484 = CARTESIAN_POINT ( 'NONE',  ( -94.00000000000001421, 0.000000000000000000, -433.0963023023023766 ) ) ;
#6485 = VERTEX_POINT ( 'NONE', #4801 ) ;
#6486 = CIRCLE ( 'NONE', #1685, 3.000000000000002665 ) ;
#6487 = CIRCLE ( 'NONE', #571, 2.749999999999974687 ) ;
#6488 = DIRECTION ( 'NONE',  ( 0.9803806606322130746, 0.000000000000000000, -0.1971135719790633456 ) ) ;
#6489 = DIRECTION ( 'NONE',  ( -0.1971135719790600149, 0.000000000000000000, 0.9803806606322137407 ) ) ;
#6490 = AXIS2_PLACEMENT_3D ( 'NONE', #6465, #4956, #8016 ) ;
#6491 = ORIENTED_EDGE ( 'NONE', *, *, #6704, .T. ) ;
#6492 = VECTOR ( 'NONE', #2881, 1000.000000000000000 ) ;
#6493 = ORIENTED_EDGE ( 'NONE', *, *, #6010, .F. ) ;
#6494 = AXIS2_PLACEMENT_3D ( 'NONE', #8491, #689, #5428 ) ;
#6495 = CARTESIAN_POINT ( 'NONE',  ( 290.9999999999997726, -3.174999999999999822, 132.9036976976977087 ) ) ;
#6496 = DIRECTION ( 'NONE',  ( 0.000000000000000000, -1.000000000000000000, 0.000000000000000000 ) ) ;
#6497 = FACE_OUTER_BOUND ( 'NONE', #577, .T. ) ;
#6498 = LINE ( 'NONE', #9560, #1726 ) ;
#6499 = EDGE_CURVE ( 'NONE', #2408, #2936, #7060, .T. ) ;
#6500 = VERTEX_POINT ( 'NONE', #7754 ) ;
#6501 = LINE ( 'NONE', #1093, #4020 ) ;
#6502 = ORIENTED_EDGE ( 'NONE', *, *, #9812, .F. ) ;
#6503 = AXIS2_PLACEMENT_3D ( 'NONE', #2211, #5921, #4459 ) ;
#6504 = EDGE_CURVE ( 'NONE', #7346, #6823, #3347, .T. ) ;
#6505 = ADVANCED_FACE ( 'NONE', ( #9425 ), #892, .F. ) ;
#6506 = ORIENTED_EDGE ( 'NONE', *, *, #414, .T. ) ;
#6507 = CYLINDRICAL_SURFACE ( 'NONE', #8245, 3.000000000000002665 ) ;
#6508 = VERTEX_POINT ( 'NONE', #8561 ) ;
#6509 = DIRECTION ( 'NONE',  ( 0.000000000000000000, 0.000000000000000000, 1.000000000000000000 ) ) ;
#6510 = FACE_OUTER_BOUND ( 'NONE', #1340, .T. ) ;
#6511 = VECTOR ( 'NONE', #4228, 1000.000000000000000 ) ;
#6512 = DIRECTION ( 'NONE',  ( 0.000000000000000000, 0.000000000000000000, 1.000000000000000000 ) ) ;
#6513 = CARTESIAN_POINT ( 'NONE',  ( -516.9999999998083240, 0.000000000000000000, 129.9456578061478922 ) ) ;
#6514 = AXIS2_PLACEMENT_3D ( 'NONE', #4716, #5472, #6870 ) ;
#6515 = ORIENTED_EDGE ( 'NONE', *, *, #7426, .T. ) ;
#6516 = ORIENTED_EDGE ( 'NONE', *, *, #8989, .T. ) ;
#6517 = CARTESIAN_POINT ( 'NONE',  ( 503.3220448643281770, 0.000000000000000000, -407.2296670491439272 ) ) ;
#6518 = CIRCLE ( 'NONE', #1718, 3.000000000000002665 ) ;
#6519 = CIRCLE ( 'NONE', #2186, 3.000000000000002665 ) ;
#6520 = ORIENTED_EDGE ( 'NONE', *, *, #472, .F. ) ;
#6521 = CARTESIAN_POINT ( 'NONE',  ( -262.8727124800543038, -3.174999999999999822, -419.3635526549390988 ) ) ;
#6522 = CARTESIAN_POINT ( 'NONE',  ( 262.2813717641168978, -3.174999999999999822, -416.4224106730425206 ) ) ;
#6523 = AXIS2_PLACEMENT_3D ( 'NONE', #9614, #1934, #2782 ) ;
#6524 = LINE ( 'NONE', #8833, #2574 ) ;
#6525 = ORIENTED_EDGE ( 'NONE', *, *, #2840, .T. ) ;
#6526 = ORIENTED_EDGE ( 'NONE', *, *, #2534, .F. ) ;
#6527 = DIRECTION ( 'NONE',  ( -0.000000000000000000, 1.000000000000000000, -0.000000000000000000 ) ) ;
#6528 = CARTESIAN_POINT ( 'NONE',  ( 597.4999999998079829, 0.000000000000000000, 84.90369769769773711 ) ) ;
#6529 = ADVANCED_FACE ( 'NONE', ( #7156 ), #9473, .F. ) ;
#6530 = VECTOR ( 'NONE', #8195, 1000.000000000000000 ) ;
#6531 = EDGE_LOOP ( 'NONE', ( #525, #3408, #6150, #6588 ) ) ;
#6532 = DIRECTION ( 'NONE',  ( 0.000000000000000000, 0.000000000000000000, 1.000000000000000000 ) ) ;
#6533 = LINE ( 'NONE', #6006, #5065 ) ;
#6534 = CARTESIAN_POINT ( 'NONE',  ( 70.99999999999991473, 0.000000000000000000, -474.5963023023023197 ) ) ;
#6535 = ORIENTED_EDGE ( 'NONE', *, *, #4217, .T. ) ;
#6536 = VECTOR ( 'NONE', #1156, 1000.000000000000000 ) ;
#6537 = VECTOR ( 'NONE', #3181, 1000.000000000000000 ) ;
#6538 = FACE_OUTER_BOUND ( 'NONE', #9756, .T. ) ;
#6539 = DIRECTION ( 'NONE',  ( 0.000000000000000000, 0.000000000000000000, 1.000000000000000000 ) ) ;
#6540 = DIRECTION ( 'NONE',  ( -1.000000000000000000, 0.000000000000000000, 7.209240419646269740E-17 ) ) ;
#6541 = ADVANCED_FACE ( 'NONE', ( #1097 ), #305, .T. ) ;
#6542 = ORIENTED_EDGE ( 'NONE', *, *, #4479, .T. ) ;
#6543 = AXIS2_PLACEMENT_3D ( 'NONE', #6667, #2143, #4396 ) ;
#6544 = ORIENTED_EDGE ( 'NONE', *, *, #2341, .F. ) ;
#6545 = DIRECTION ( 'NONE',  ( 0.000000000000000000, 0.000000000000000000, 1.000000000000000000 ) ) ;
#6546 = DIRECTION ( 'NONE',  ( 0.000000000000000000, 0.000000000000000000, 1.000000000000000000 ) ) ;
#6547 = CARTESIAN_POINT ( 'NONE',  ( 587.4999999998082103, -3.174999999999999822, 131.4036976976981634 ) ) ;
#6548 = DIRECTION ( 'NONE',  ( 0.000000000000000000, 0.000000000000000000, -1.000000000000000000 ) ) ;
#6549 = ORIENTED_EDGE ( 'NONE', *, *, #3811, .T. ) ;
#6550 = DIRECTION ( 'NONE',  ( 0.000000000000000000, 0.000000000000000000, 1.000000000000000000 ) ) ;
#6551 = ORIENTED_EDGE ( 'NONE', *, *, #7431, .T. ) ;
#6552 = VECTOR ( 'NONE', #6286, 1000.000000000000000 ) ;
#6553 = CIRCLE ( 'NONE', #2222, 3.000000000000002665 ) ;
#6554 = AXIS2_PLACEMENT_3D ( 'NONE', #6767, #5059, #2144 ) ;
#6555 = ORIENTED_EDGE ( 'NONE', *, *, #1458, .F. ) ;
#6556 = DIRECTION ( 'NONE',  ( 0.000000000000000000, 0.000000000000000000, -1.000000000000000000 ) ) ;
#6557 = ORIENTED_EDGE ( 'NONE', *, *, #3787, .T. ) ;
#6558 = DIRECTION ( 'NONE',  ( 0.000000000000000000, -1.000000000000000000, 0.000000000000000000 ) ) ;
#6559 = DIRECTION ( 'NONE',  ( 0.000000000000000000, 1.000000000000000000, 0.000000000000000000 ) ) ;
#6560 = VECTOR ( 'NONE', #4416, 1000.000000000000000 ) ;
#6562 = LINE ( 'NONE', #7961, #7153 ) ;
#6561 = AXIS2_PLACEMENT_3D ( 'NONE', #982, #9307, #5533 ) ;
#6563 = DIRECTION ( 'NONE',  ( 0.1971135719790661489, 0.000000000000000000, 0.9803806606322126305 ) ) ;
#6564 = VERTEX_POINT ( 'NONE', #3495 ) ;
#6565 = EDGE_CURVE ( 'NONE', #798, #3443, #6660, .T. ) ;
#6566 = ORIENTED_EDGE ( 'NONE', *, *, #7464, .F. ) ;
#6567 = CARTESIAN_POINT ( 'NONE',  ( -468.1294914671896095, 0.000000000000000000, -417.3654544082762641 ) ) ;
#6568 = ORIENTED_EDGE ( 'NONE', *, *, #4891, .F. ) ;
#6569 = CIRCLE ( 'NONE', #2240, 3.000000000000002665 ) ;
#6570 = DIRECTION ( 'NONE',  ( 0.000000000000000000, 0.000000000000000000, -1.000000000000000000 ) ) ;
#6571 = LINE ( 'NONE', #8166, #7195 ) ;
#6572 = VECTOR ( 'NONE', #6958, 1000.000000000000000 ) ;
#6573 = EDGE_LOOP ( 'NONE', ( #6659, #1527 ) ) ;
#6574 = ADVANCED_FACE ( 'NONE', ( #589 ), #9569, .T. ) ;
#6575 = CARTESIAN_POINT ( 'NONE',  ( -213.5995066845798362, 6.825000000000000178, -468.5407952640650251 ) ) ;
#6576 = VERTEX_POINT ( 'NONE', #1333 ) ;
#6577 = VERTEX_POINT ( 'NONE', #3544 ) ;
#6578 = AXIS2_PLACEMENT_3D ( 'NONE', #1137, #1976, #7242 ) ;
#6579 = DIRECTION ( 'NONE',  ( 0.000000000000000000, -1.000000000000000000, 0.000000000000000000 ) ) ;
#6580 = CARTESIAN_POINT ( 'NONE',  ( -577.4999999998082103, -3.174999999999999822, -70.34630230230226289 ) ) ;
#6581 = CIRCLE ( 'NONE', #7217, 10.00000000000000888 ) ;
#6582 = VERTEX_POINT ( 'NONE', #8104 ) ;
#6583 = DIRECTION ( 'NONE',  ( 1.000000000000000000, 0.000000000000000000, 0.000000000000000000 ) ) ;
#6584 = EDGE_CURVE ( 'NONE', #4380, #6318, #4197, .T. ) ;
#6585 = EDGE_CURVE ( 'NONE', #9333, #5450, #7298, .T. ) ;
#6586 = CARTESIAN_POINT ( 'NONE',  ( -266.9291023034143677, -3.174999999999999822, -454.7584068233198877 ) ) ;
#6587 = CARTESIAN_POINT ( 'NONE',  ( -402.0000000000000000, -3.174999999999999822, 103.6536976976978650 ) ) ;
#6588 = ORIENTED_EDGE ( 'NONE', *, *, #5146, .F. ) ;
#6589 = VECTOR ( 'NONE', #3067, 1000.000000000000000 ) ;
#6590 = EDGE_CURVE ( 'NONE', #7211, #6192, #5534, .T. ) ;
#6591 = LINE ( 'NONE', #4367, #3991 ) ;
#6592 = CARTESIAN_POINT ( 'NONE',  ( 169.4999999999999147, 0.000000000000000000, -413.8463023023022060 ) ) ;
#6593 = DIRECTION ( 'NONE',  ( -1.000000000000000000, 0.000000000000000000, 7.209240419646269740E-17 ) ) ;
#6594 = CIRCLE ( 'NONE', #4497, 3.000000000000002665 ) ;
#6595 = ORIENTED_EDGE ( 'NONE', *, *, #7070, .F. ) ;
#6596 = ORIENTED_EDGE ( 'NONE', *, *, #6915, .T. ) ;
#6597 = LINE ( 'NONE', #5231, #9063 ) ;
#6598 = CYLINDRICAL_SURFACE ( 'NONE', #7056, 3.000000000000002665 ) ;
#6599 = DIRECTION ( 'NONE',  ( 0.000000000000000000, -1.000000000000000000, 0.000000000000000000 ) ) ;
#6600 = CARTESIAN_POINT ( 'NONE',  ( -265.9999999999997158, 0.000000000000000000, 168.4036976976977655 ) ) ;
#6601 = EDGE_CURVE ( 'NONE', #5916, #7977, #8743, .T. ) ;
#6602 = ORIENTED_EDGE ( 'NONE', *, *, #6703, .F. ) ;
#6603 = CARTESIAN_POINT ( 'NONE',  ( -594.4999999998082103, 0.000000000000000000, 81.90369769769773711 ) ) ;
#6604 = ORIENTED_EDGE ( 'NONE', *, *, #9854, .T. ) ;
#6605 = ADVANCED_FACE ( 'NONE', ( #3587 ), #3442, .F. ) ;
#6606 = ORIENTED_EDGE ( 'NONE', *, *, #2807, .F. ) ;
#6607 = CARTESIAN_POINT ( 'NONE',  ( -482.9999999998082671, -3.174999999999999822, 171.4036976976977940 ) ) ;
#6608 = ORIENTED_EDGE ( 'NONE', *, *, #8584, .T. ) ;
#6609 = CARTESIAN_POINT ( 'NONE',  ( -264.8334738013187462, 0.000000000000000000, -415.9693255109809797 ) ) ;
#6610 = CARTESIAN_POINT ( 'NONE',  ( -97.00000000000001421, -3.174999999999999822, -433.0963023023023766 ) ) ;
#6611 = EDGE_CURVE ( 'NONE', #5969, #7881, #9671, .T. ) ;
#6612 = DIRECTION ( 'NONE',  ( -0.000000000000000000, -1.000000000000000000, -0.000000000000000000 ) ) ;
#6613 = CARTESIAN_POINT ( 'NONE',  ( -277.7132895703687723, -3.174999999999999822, -452.5901575315501759 ) ) ;
#6614 = ORIENTED_EDGE ( 'NONE', *, *, #8963, .F. ) ;
#6615 = VERTEX_POINT ( 'NONE', #5895 ) ;
#6616 = AXIS2_PLACEMENT_3D ( 'NONE', #6620, #2950, #7458 ) ;
#6617 = DIRECTION ( 'NONE',  ( 0.000000000000000000, -1.000000000000000000, 0.000000000000000000 ) ) ;
#6618 = EDGE_LOOP ( 'NONE', ( #4470, #5479, #65, #5799 ) ) ;
#6619 = EDGE_CURVE ( 'NONE', #2270, #7069, #7351, .T. ) ;
#6620 = CARTESIAN_POINT ( 'NONE',  ( 558.9999999998080966, 0.000000000000000000, 115.9036976976977371 ) ) ;
#6621 = CARTESIAN_POINT ( 'NONE',  ( -163.5746922328639528, -3.174999999999999822, -474.5963023023023197 ) ) ;
#6622 = CIRCLE ( 'NONE', #8377, 3.000000000000002665 ) ;
#6623 = DIRECTION ( 'NONE',  ( 0.000000000000000000, -1.000000000000000000, 0.000000000000000000 ) ) ;
#6624 = ORIENTED_EDGE ( 'NONE', *, *, #8919, .F. ) ;
#6625 = DIRECTION ( 'NONE',  ( -0.000000000000000000, -1.000000000000000000, -0.000000000000000000 ) ) ;
#6626 = ORIENTED_EDGE ( 'NONE', *, *, #3607, .T. ) ;
#6627 = ORIENTED_EDGE ( 'NONE', *, *, #3303, .T. ) ;
#6628 = CYLINDRICAL_SURFACE ( 'NONE', #9487, 3.000000000000002665 ) ;
#6629 = DIRECTION ( 'NONE',  ( 0.000000000000000000, -1.000000000000000000, 0.000000000000000000 ) ) ;
#6630 = EDGE_CURVE ( 'NONE', #7629, #7338, #540, .T. ) ;
#6631 = ORIENTED_EDGE ( 'NONE', *, *, #535, .F. ) ;
#6632 = CARTESIAN_POINT ( 'NONE',  ( -597.4999999998082103, -3.174999999999999822, 151.4036976976976518 ) ) ;
#6633 = LINE ( 'NONE', #672, #6430 ) ;
#6634 = ORIENTED_EDGE ( 'NONE', *, *, #5303, .T. ) ;
#6635 = CARTESIAN_POINT ( 'NONE',  ( -490.4422290952782078, 0.000000000000000000, -373.6088350285746174 ) ) ;
#6636 = CARTESIAN_POINT ( 'NONE',  ( -250.2626310726667214, -3.174999999999999822, -458.1093375469639568 ) ) ;
#6637 = EDGE_CURVE ( 'NONE', #711, #8303, #5844, .T. ) ;
#6638 = CARTESIAN_POINT ( 'NONE',  ( -487.9999999998082103, 0.000000000000000000, 132.9036976976976803 ) ) ;
#6639 = ORIENTED_EDGE ( 'NONE', *, *, #6590, .F. ) ;
#6640 = VERTEX_POINT ( 'NONE', #5091 ) ;
#6641 = DIRECTION ( 'NONE',  ( 0.000000000000000000, 0.000000000000000000, -1.000000000000000000 ) ) ;
#6642 = DIRECTION ( 'NONE',  ( 0.000000000000000000, 1.000000000000000000, -0.000000000000000000 ) ) ;
#6643 = CIRCLE ( 'NONE', #562, 3.000000000000002665 ) ;
#6644 = DIRECTION ( 'NONE',  ( 0.000000000000000000, -1.000000000000000000, 0.000000000000000000 ) ) ;
#6645 = DIRECTION ( 'NONE',  ( 0.000000000000000000, 1.000000000000000000, 0.000000000000000000 ) ) ;
#6646 = ORIENTED_EDGE ( 'NONE', *, *, #7490, .F. ) ;
#6647 = CARTESIAN_POINT ( 'NONE',  ( 211.6283709647890703, 0.000000000000000000, -458.7369886577429838 ) ) ;
#6648 = VERTEX_POINT ( 'NONE', #8152 ) ;
#6649 = CIRCLE ( 'NONE', #1204, 3.000000000000002665 ) ;
#6650 = AXIS2_PLACEMENT_3D ( 'NONE', #8693, #239, #6391 ) ;
#6651 = ORIENTED_EDGE ( 'NONE', *, *, #343, .F. ) ;
#6652 = EDGE_CURVE ( 'NONE', #5427, #3058, #399, .T. ) ;
#6653 = CARTESIAN_POINT ( 'NONE',  ( -577.4999999998082103, 6.825000000000000178, -70.34630230230226289 ) ) ;
#6654 = ORIENTED_EDGE ( 'NONE', *, *, #7180, .F. ) ;
#6655 = FACE_OUTER_BOUND ( 'NONE', #1507, .T. ) ;
#6656 = FACE_OUTER_BOUND ( 'NONE', #5368, .T. ) ;
#6657 = FACE_OUTER_BOUND ( 'NONE', #763, .T. ) ;
#6658 = DIRECTION ( 'NONE',  ( 0.000000000000000000, 0.000000000000000000, 1.000000000000000000 ) ) ;
#6659 = ORIENTED_EDGE ( 'NONE', *, *, #3187, .F. ) ;
#6660 = CIRCLE ( 'NONE', #2329, 3.000000000000002665 ) ;
#6661 = ORIENTED_EDGE ( 'NONE', *, *, #9312, .T. ) ;
#6662 = CARTESIAN_POINT ( 'NONE',  ( -69.00000000000001421, 0.000000000000000000, -436.0963023023023766 ) ) ;
#6663 = ORIENTED_EDGE ( 'NONE', *, *, #8710, .T. ) ;
#6664 = AXIS2_PLACEMENT_3D ( 'NONE', #9249, #1572, #683 ) ;
#6665 = EDGE_CURVE ( 'NONE', #2806, #3058, #8092, .T. ) ;
#6666 = CIRCLE ( 'NONE', #7295, 3.000000000000002665 ) ;
#6667 = CARTESIAN_POINT ( 'NONE',  ( -221.4321775711113389, -3.174999999999999822, -456.7658529379522179 ) ) ;
#6668 = FACE_OUTER_BOUND ( 'NONE', #9149, .T. ) ;
#6669 = DIRECTION ( 'NONE',  ( 0.000000000000000000, 0.000000000000000000, 1.000000000000000000 ) ) ;
#6670 = ORIENTED_EDGE ( 'NONE', *, *, #2174, .F. ) ;
#6671 = FACE_OUTER_BOUND ( 'NONE', #2003, .T. ) ;
#6672 = ORIENTED_EDGE ( 'NONE', *, *, #4803, .T. ) ;
#6673 = EDGE_CURVE ( 'NONE', #2344, #2112, #578, .T. ) ;
#6674 = EDGE_LOOP ( 'NONE', ( #5541, #4630, #8809, #4211 ) ) ;
#6675 = AXIS2_PLACEMENT_3D ( 'NONE', #4450, #2451, #8464 ) ;
#6676 = PLANE ( 'NONE',  #3552 ) ;
#6677 = DIRECTION ( 'NONE',  ( 0.000000000000000000, 0.000000000000000000, 1.000000000000000000 ) ) ;
#6678 = ORIENTED_EDGE ( 'NONE', *, *, #6021, .T. ) ;
#6679 = FACE_OUTER_BOUND ( 'NONE', #5413, .T. ) ;
#6680 = VECTOR ( 'NONE', #9430, 1000.000000000000000 ) ;
#6681 = CIRCLE ( 'NONE', #8405, 3.000000000000002665 ) ;
#6682 = CARTESIAN_POINT ( 'NONE',  ( 597.4999999998082103, -3.174999999999999822, 109.9036976976977513 ) ) ;
#6683 = VERTEX_POINT ( 'NONE', #7445 ) ;
#6684 = ADVANCED_FACE ( 'NONE', ( #2086 ), #6507, .F. ) ;
#6685 = CARTESIAN_POINT ( 'NONE',  ( -237.3828153036167237, -3.174999999999999822, -424.4885055263947038 ) ) ;
#6686 = DIRECTION ( 'NONE',  ( 0.000000000000000000, 0.000000000000000000, 1.000000000000000000 ) ) ;
#6687 = AXIS2_PLACEMENT_3D ( 'NONE', #9509, #4141, #7859 ) ;
#6688 = DIRECTION ( 'NONE',  ( -0.000000000000000000, -1.000000000000000000, -0.000000000000000000 ) ) ;
#6689 = VERTEX_POINT ( 'NONE', #450 ) ;
#6690 = ORIENTED_EDGE ( 'NONE', *, *, #3414, .T. ) ;
#6691 = DIRECTION ( 'NONE',  ( -1.000000000000000000, 0.000000000000000000, 0.000000000000000000 ) ) ;
#6692 = VECTOR ( 'NONE', #1299, 1000.000000000000000 ) ;
#6693 = FACE_OUTER_BOUND ( 'NONE', #5507, .T. ) ;
#6694 = AXIS2_PLACEMENT_3D ( 'NONE', #7681, #9002, #2880 ) ;
#6695 = CARTESIAN_POINT ( 'NONE',  ( -265.8138544619509389, 0.000000000000000000, -418.7722119390018634 ) ) ;
#6696 = CARTESIAN_POINT ( 'NONE',  ( 285.9999999999997726, 0.000000000000000000, 132.9036976976976803 ) ) ;
#6697 = VERTEX_POINT ( 'NONE', #2689 ) ;
#6698 = DIRECTION ( 'NONE',  ( 0.000000000000000000, 0.000000000000000000, 1.000000000000000000 ) ) ;
#6699 = EDGE_CURVE ( 'NONE', #9077, #5890, #3451, .T. ) ;
#6700 = ORIENTED_EDGE ( 'NONE', *, *, #9443, .T. ) ;
#6701 = DIRECTION ( 'NONE',  ( -0.000000000000000000, 1.000000000000000000, -0.000000000000000000 ) ) ;
#6702 = ORIENTED_EDGE ( 'NONE', *, *, #271, .T. ) ;
#6703 = EDGE_CURVE ( 'NONE', #9543, #6726, #9054, .T. ) ;
#6704 = EDGE_CURVE ( 'NONE', #8105, #4445, #7838, .T. ) ;
#6705 = DIRECTION ( 'NONE',  ( -0.000000000000000000, -0.000000000000000000, 1.000000000000000000 ) ) ;
#6706 = CARTESIAN_POINT ( 'NONE',  ( 488.4814677740138222, -3.174999999999999822, -374.0030621725328501 ) ) ;
#6707 = CARTESIAN_POINT ( 'NONE',  ( -534.6224504095174552, 0.000000000000000000, -403.9964997002882114 ) ) ;
#6708 = DIRECTION ( 'NONE',  ( -0.000000000000000000, -1.000000000000000000, -0.000000000000000000 ) ) ;
#6709 = VECTOR ( 'NONE', #1953, 1000.000000000000000 ) ;
#6710 = ORIENTED_EDGE ( 'NONE', *, *, #7335, .T. ) ;
#6711 = EDGE_CURVE ( 'NONE', #7114, #3007, #6180, .T. ) ;
#6712 = EDGE_CURVE ( 'NONE', #9456, #7801, #3773, .T. ) ;
#6713 = CARTESIAN_POINT ( 'NONE',  ( -100.0000000000000142, -3.174999999999999822, -436.0963023023023766 ) ) ;
#6714 = DIRECTION ( 'NONE',  ( 0.000000000000000000, -1.000000000000000000, 0.000000000000000000 ) ) ;
#6715 = VERTEX_POINT ( 'NONE', #3178 ) ;
#6716 = ORIENTED_EDGE ( 'NONE', *, *, #8819, .F. ) ;
#6717 = VECTOR ( 'NONE', #4826, 1000.000000000000000 ) ;
#6718 = VECTOR ( 'NONE', #6223, 1000.000000000000000 ) ;
#6719 = DIRECTION ( 'NONE',  ( 0.000000000000000000, 0.000000000000000000, 1.000000000000000000 ) ) ;
#6720 = DIRECTION ( 'NONE',  ( 0.000000000000000000, 0.000000000000000000, -1.000000000000000000 ) ) ;
#6721 = VECTOR ( 'NONE', #4964, 1000.000000000000000 ) ;
#6722 = DIRECTION ( 'NONE',  ( 0.000000000000000000, 0.000000000000000000, 1.000000000000000000 ) ) ;
#6723 = ORIENTED_EDGE ( 'NONE', *, *, #2331, .F. ) ;
#6724 = CARTESIAN_POINT ( 'NONE',  ( 347.9999999999994316, 6.825000000000000178, 103.6536976976980782 ) ) ;
#6725 = EDGE_LOOP ( 'NONE', ( #6849, #1601 ) ) ;
#6726 = VERTEX_POINT ( 'NONE', #1624 ) ;
#6727 = LINE ( 'NONE', #5964, #1312 ) ;
#6728 = VECTOR ( 'NONE', #6756, 1000.000000000000227 ) ;
#6729 = ORIENTED_EDGE ( 'NONE', *, *, #5072, .F. ) ;
#6730 = DIRECTION ( 'NONE',  ( 0.000000000000000000, -1.000000000000000000, 0.000000000000000000 ) ) ;
#6731 = EDGE_CURVE ( 'NONE', #3714, #1898, #2427, .T. ) ;
#6732 = CIRCLE ( 'NONE', #2411, 3.000000000000002665 ) ;
#6733 = PLANE ( 'NONE',  #7697 ) ;
#6734 = ORIENTED_EDGE ( 'NONE', *, *, #3649, .T. ) ;
#6735 = CARTESIAN_POINT ( 'NONE',  ( -594.4999999998082103, -3.174999999999999822, 84.90369769769773711 ) ) ;
#6737 = CARTESIAN_POINT ( 'NONE',  ( -488.4814677740138791, -3.174999999999999822, -374.0030621725326796 ) ) ;
#6736 = VECTOR ( 'NONE', #9736, 1000.000000000000000 ) ;
#6738 = LINE ( 'NONE', #7480, #9277 ) ;
#6739 = ADVANCED_FACE ( 'NONE', ( #870 ), #2889, .F. ) ;
#6740 = ORIENTED_EDGE ( 'NONE', *, *, #8295, .F. ) ;
#6741 = EDGE_CURVE ( 'NONE', #3714, #6485, #4679, .T. ) ;
#6742 = ORIENTED_EDGE ( 'NONE', *, *, #4882, .F. ) ;
#6743 = CIRCLE ( 'NONE', #4980, 3.000000000000002665 ) ;
#6744 = DIRECTION ( 'NONE',  ( 0.000000000000000000, 0.000000000000000000, 1.000000000000000000 ) ) ;
#6745 = DIRECTION ( 'NONE',  ( 0.000000000000000000, 0.000000000000000000, 1.000000000000000000 ) ) ;
#6746 = DIRECTION ( 'NONE',  ( 0.000000000000000000, -1.000000000000000000, 0.000000000000000000 ) ) ;
#6747 = DIRECTION ( 'NONE',  ( 0.000000000000000000, -1.000000000000000000, 0.000000000000000000 ) ) ;
#6748 = CARTESIAN_POINT ( 'NONE',  ( 163.5995066845798362, 0.000000000000000000, -464.5963023023023766 ) ) ;
#6749 = VECTOR ( 'NONE', #380, 1000.000000000000000 ) ;
#6750 = ORIENTED_EDGE ( 'NONE', *, *, #3961, .F. ) ;
#6751 = DIRECTION ( 'NONE',  ( 0.000000000000000000, 0.000000000000000000, 1.000000000000000000 ) ) ;
#6752 = VERTEX_POINT ( 'NONE', #3981 ) ;
#6753 = AXIS2_PLACEMENT_3D ( 'NONE', #3610, #8273, #762 ) ;
#6754 = EDGE_CURVE ( 'NONE', #4503, #6967, #8247, .T. ) ;
#6755 = LINE ( 'NONE', #5046, #699 ) ;
#6756 = DIRECTION ( 'NONE',  ( 0.9803806606322130746, 0.000000000000000000, 0.1971135719790632346 ) ) ;
#6757 = DIRECTION ( 'NONE',  ( 0.003233228736867350440, 0.000000000000000000, -0.9999947731023073327 ) ) ;
#6758 = PLANE ( 'NONE',  #599 ) ;
#6759 = ADVANCED_FACE ( 'NONE', ( #131 ), #9056, .F. ) ;
#6760 = ORIENTED_EDGE ( 'NONE', *, *, #7738, .F. ) ;
#6761 = CARTESIAN_POINT ( 'NONE',  ( -262.9999999999997158, 0.000000000000000000, 168.4036976976977655 ) ) ;
#6762 = EDGE_CURVE ( 'NONE', #2403, #9057, #8544, .T. ) ;
#6763 = ORIENTED_EDGE ( 'NONE', *, *, #5589, .F. ) ;
#6764 = CARTESIAN_POINT ( 'NONE',  ( -597.4999999998082103, -3.174999999999999822, -337.3768998705954800 ) ) ;
#6765 = ORIENTED_EDGE ( 'NONE', *, *, #9625, .T. ) ;
#6766 = LINE ( 'NONE', #8313, #9345 ) ;
#6767 = CARTESIAN_POINT ( 'NONE',  ( 254.9999999999997158, -3.174999999999999822, 168.4036976976977371 ) ) ;
#6768 = DIRECTION ( 'NONE',  ( -0.000000000000000000, 1.000000000000000000, -0.000000000000000000 ) ) ;
#6769 = FACE_OUTER_BOUND ( 'NONE', #6773, .T. ) ;
#6770 = ORIENTED_EDGE ( 'NONE', *, *, #6712, .F. ) ;
#6771 = CARTESIAN_POINT ( 'NONE',  ( -247.3214890907700578, 0.000000000000000000, -458.7006782629011923 ) ) ;
#6772 = ORIENTED_EDGE ( 'NONE', *, *, #252, .T. ) ;
#6773 = EDGE_LOOP ( 'NONE', ( #7317, #5160, #8801, #8930 ) ) ;
#6774 = DIRECTION ( 'NONE',  ( 1.000000000000000000, 0.000000000000000000, -1.696813561850769255E-16 ) ) ;
#6775 = CIRCLE ( 'NONE', #8051, 3.000000000000002665 ) ;
#6776 = ORIENTED_EDGE ( 'NONE', *, *, #5989, .T. ) ;
#6777 = EDGE_CURVE ( 'NONE', #9008, #6453, #7145, .T. ) ;
#6778 = DIRECTION ( 'NONE',  ( 0.000000000000000000, -1.000000000000000000, 0.000000000000000000 ) ) ;
#6779 = CARTESIAN_POINT ( 'NONE',  ( -94.00000000000001421, 0.000000000000000000, -471.5963023023023197 ) ) ;
#6780 = ORIENTED_EDGE ( 'NONE', *, *, #5639, .F. ) ;
#6781 = CARTESIAN_POINT ( 'NONE',  ( 202.9974066286778793, -3.174999999999999822, -470.6724344287448503 ) ) ;
#6782 = FACE_BOUND ( 'NONE', #8379, .T. ) ;
#6783 = CARTESIAN_POINT ( 'NONE',  ( 552.4999999998077556, -3.174999999999999822, 156.4036976976983340 ) ) ;
#6784 = ORIENTED_EDGE ( 'NONE', *, *, #5701, .F. ) ;
#6785 = VERTEX_POINT ( 'NONE', #2935 ) ;
#6786 = EDGE_CURVE ( 'NONE', #7463, #8047, #3691, .T. ) ;
#6787 = CYLINDRICAL_SURFACE ( 'NONE', #6664, 3.000000000000002665 ) ;
#6788 = CARTESIAN_POINT ( 'NONE',  ( -465.1883494852929744, 0.000000000000000000, -417.9567951242134427 ) ) ;
#6789 = AXIS2_PLACEMENT_3D ( 'NONE', #5078, #8136, #4225 ) ;
#6790 = CARTESIAN_POINT ( 'NONE',  ( 262.9999999999997158, -3.174999999999999822, 132.9036976976976803 ) ) ;
#6791 = DIRECTION ( 'NONE',  ( 0.000000000000000000, -1.000000000000000000, 0.000000000000000000 ) ) ;
#6792 = DIRECTION ( 'NONE',  ( 0.000000000000000000, 0.000000000000000000, 1.000000000000000000 ) ) ;
#6793 = PRODUCT_RELATED_PRODUCT_CATEGORY ( 'part', '', ( #7913 ) ) ;
#6794 = ORIENTED_EDGE ( 'NONE', *, *, #3012, .T. ) ;
#6795 = ORIENTED_EDGE ( 'NONE', *, *, #2103, .F. ) ;
#6796 = LINE ( 'NONE', #7549, #6299 ) ;
#6797 = CARTESIAN_POINT ( 'NONE',  ( -163.5746922328639528, 0.000000000000000000, -474.5963023023023197 ) ) ;
#6798 = EDGE_CURVE ( 'NONE', #8190, #6577, #4105, .T. ) ;
#6799 = CARTESIAN_POINT ( 'NONE',  ( 475.3811960363100866, 0.000000000000000000, -415.8474038505472095 ) ) ;
#6800 = CARTESIAN_POINT ( 'NONE',  ( -269.8702442853110597, 0.000000000000000000, -454.1670661073827091 ) ) ;
#6801 = VERTEX_POINT ( 'NONE', #7788 ) ;
#6802 = AXIS2_PLACEMENT_3D ( 'NONE', #7937, #1080, #7189 ) ;
#6803 = VECTOR ( 'NONE', #2336, 1000.000000000000114 ) ;
#6804 = EDGE_CURVE ( 'NONE', #3105, #9108, #9715, .T. ) ;
#6805 = EDGE_CURVE ( 'NONE', #785, #2806, #1382, .T. ) ;
#6807 = DIRECTION ( 'NONE',  ( 0.000000000000000000, 0.000000000000000000, -1.000000000000000000 ) ) ;
#6806 = VECTOR ( 'NONE', #2193, 1000.000000000000227 ) ;
#6808 = EDGE_LOOP ( 'NONE', ( #5443, #2254, #8424, #2278 ) ) ;
#6809 = DIRECTION ( 'NONE',  ( -0.000000000000000000, 1.000000000000000000, -0.000000000000000000 ) ) ;
#6810 = ORIENTED_EDGE ( 'NONE', *, *, #7746, .F. ) ;
#6811 = CARTESIAN_POINT ( 'NONE',  ( 68.99999999999991473, 0.000000000000000000, -436.0963023023023766 ) ) ;
#6812 = FACE_OUTER_BOUND ( 'NONE', #4588, .T. ) ;
#6813 = CARTESIAN_POINT ( 'NONE',  ( 558.9999999998080966, -3.174999999999999822, -312.5963023023024334 ) ) ;
#6814 = LINE ( 'NONE', #3210, #4287 ) ;
#6815 = ORIENTED_EDGE ( 'NONE', *, *, #494, .T. ) ;
#6816 = CARTESIAN_POINT ( 'NONE',  ( -191.0092538959341084, -3.174999999999999822, -432.2822724184624690 ) ) ;
#6817 = ORIENTED_EDGE ( 'NONE', *, *, #1370, .F. ) ;
#6818 = VERTEX_POINT ( 'NONE', #9815 ) ;
#6819 = CYLINDRICAL_SURFACE ( 'NONE', #6753, 3.000000000000002665 ) ;
#6820 = VECTOR ( 'NONE', #7133, 1000.000000000000000 ) ;
#6821 = EDGE_LOOP ( 'NONE', ( #374, #1858, #8897, #7502 ) ) ;
#6822 = CYLINDRICAL_SURFACE ( 'NONE', #4797, 3.000000000000002665 ) ;
#6823 = VERTEX_POINT ( 'NONE', #6288 ) ;
#6824 = CARTESIAN_POINT ( 'NONE',  ( -285.9999999999997726, -3.174999999999999822, 132.9036976976976803 ) ) ;
#6825 = CIRCLE ( 'NONE', #1379, 3.000000000000002665 ) ;
#6826 = CARTESIAN_POINT ( 'NONE',  ( 587.4999999998080966, -3.174999999999999822, -347.3768998705953663 ) ) ;
#6827 = VERTEX_POINT ( 'NONE', #2474 ) ;
#6828 = AXIS2_PLACEMENT_3D ( 'NONE', #4807, #7867, #7112 ) ;
#6829 = CARTESIAN_POINT ( 'NONE',  ( 175.6428031048938863, 0.000000000000000000, -435.3718233711597350 ) ) ;
#6830 = CARTESIAN_POINT ( 'NONE',  ( 519.4999999998080966, 0.000000000000000000, 132.9036976976976518 ) ) ;
#6831 = EDGE_CURVE ( 'NONE', #8982, #163, #8595, .T. ) ;
#6832 = CYLINDRICAL_SURFACE ( 'NONE', #8791, 10.00000000000000888 ) ;
#6833 = AXIS2_PLACEMENT_3D ( 'NONE', #6858, #9127, #9 ) ;
#6834 = ORIENTED_EDGE ( 'NONE', *, *, #6703, .T. ) ;
#6835 = VECTOR ( 'NONE', #9014, 1000.000000000000000 ) ;
#6836 = ORIENTED_EDGE ( 'NONE', *, *, #1367, .F. ) ;
#6837 = CARTESIAN_POINT ( 'NONE',  ( 511.4999999998079829, 0.000000000000000000, 168.4036976976977087 ) ) ;
#6838 = DIRECTION ( 'NONE',  ( 1.000000000000000000, 0.000000000000000000, -1.696813561850769255E-16 ) ) ;
#6839 = DIRECTION ( 'NONE',  ( -0.000000000000000000, 1.000000000000000000, -0.000000000000000000 ) ) ;
#6840 = DIRECTION ( 'NONE',  ( -0.000000000000000000, 1.000000000000000000, -0.000000000000000000 ) ) ;
#6841 = DIRECTION ( 'NONE',  ( -1.000000000000000000, 0.000000000000000000, 0.000000000000000000 ) ) ;
#6842 = EDGE_LOOP ( 'NONE', ( #1439, #1474, #9650, #2391 ) ) ;
#6843 = AXIS2_PLACEMENT_3D ( 'NONE', #9906, #4423, #2122 ) ;
#6844 = ORIENTED_EDGE ( 'NONE', *, *, #176, .F. ) ;
#6845 = DIRECTION ( 'NONE',  ( 0.000000000000000000, -1.000000000000000000, 0.000000000000000000 ) ) ;
#6846 =( LENGTH_UNIT ( ) NAMED_UNIT ( * ) SI_UNIT ( .MILLI., .METRE. ) );
#6847 = CARTESIAN_POINT ( 'NONE',  ( 491.4226097559104574, -3.174999999999999822, -373.4117214565956715 ) ) ;
#6848 = DIRECTION ( 'NONE',  ( 0.000000000000000000, 0.000000000000000000, 1.000000000000000000 ) ) ;
#6849 = ORIENTED_EDGE ( 'NONE', *, *, #2852, .F. ) ;
#6850 = EDGE_CURVE ( 'NONE', #7393, #6697, #7546, .T. ) ;
#6851 = PLANE ( 'NONE',  #4374 ) ;
#6852 = ORIENTED_EDGE ( 'NONE', *, *, #4677, .T. ) ;
#6853 = CARTESIAN_POINT ( 'NONE',  ( 70.99999999999991473, -3.174999999999999822, -471.5963023023023766 ) ) ;
#6854 = ORIENTED_EDGE ( 'NONE', *, *, #4230, .F. ) ;
#6855 = DIRECTION ( 'NONE',  ( 0.000000000000000000, -1.000000000000000000, 0.000000000000000000 ) ) ;
#6856 = CARTESIAN_POINT ( 'NONE',  ( -552.4999999998080966, 0.000000000000000000, 161.4036976976977371 ) ) ;
#6857 = FACE_OUTER_BOUND ( 'NONE', #8202, .T. ) ;
#6858 = CARTESIAN_POINT ( 'NONE',  ( 193.9659574756199447, 6.825000000000000178, -446.9879823279454740 ) ) ;
#6859 = ORIENTED_EDGE ( 'NONE', *, *, #1051, .T. ) ;
#6860 = CARTESIAN_POINT ( 'NONE',  ( 577.4999999998079829, 0.000000000000000000, -124.3463023023018081 ) ) ;
#6861 = ORIENTED_EDGE ( 'NONE', *, *, #2984, .F. ) ;
#6862 = VERTEX_POINT ( 'NONE', #9009 ) ;
#6863 = FACE_OUTER_BOUND ( 'NONE', #1400, .T. ) ;
#6864 = AXIS2_PLACEMENT_3D ( 'NONE', #7334, #2727, #4275 ) ;
#6865 = CIRCLE ( 'NONE', #4002, 15.00000000000001421 ) ;
#6866 = VERTEX_POINT ( 'NONE', #6333 ) ;
#6867 = CIRCLE ( 'NONE', #2559, 3.000000000000002665 ) ;
#6868 = DIRECTION ( 'NONE',  ( -1.000000000000000000, 0.000000000000000000, 7.209240419646269740E-17 ) ) ;
#6869 = VERTEX_POINT ( 'NONE', #2616 ) ;
#6870 = DIRECTION ( 'NONE',  ( 0.000000000000000000, 0.000000000000000000, 1.000000000000000000 ) ) ;
#6871 = EDGE_CURVE ( 'NONE', #2787, #7969, #2577, .T. ) ;
#6872 = DIRECTION ( 'NONE',  ( 0.000000000000000000, 0.000000000000000000, 1.000000000000000000 ) ) ;
#6873 = VECTOR ( 'NONE', #6791, 1000.000000000000000 ) ;
#6874 = VERTEX_POINT ( 'NONE', #5675 ) ;
#6875 = PLANE ( 'NONE',  #9808 ) ;
#6876 = LINE ( 'NONE', #4519, #6560 ) ;
#6877 = DIRECTION ( 'NONE',  ( 0.1971135719790620411, 0.000000000000000000, -0.9803806606322132966 ) ) ;
#6878 = EDGE_CURVE ( 'NONE', #8031, #7518, #2817, .T. ) ;
#6879 = ORIENTED_EDGE ( 'NONE', *, *, #7746, .T. ) ;
#6880 = ADVANCED_FACE ( 'NONE', ( #7227 ), #6385, .F. ) ;
#6881 = ORIENTED_EDGE ( 'NONE', *, *, #4241, .T. ) ;
#6882 = CIRCLE ( 'NONE', #6415, 3.000000000000002665 ) ;
#6883 = CARTESIAN_POINT ( 'NONE',  ( -597.4999999998082103, 0.000000000000000000, -287.5963023023022629 ) ) ;
#6884 = DIRECTION ( 'NONE',  ( -0.000000000000000000, 1.000000000000000000, -0.000000000000000000 ) ) ;
#6885 = DIRECTION ( 'NONE',  ( 0.000000000000000000, 0.000000000000000000, 1.000000000000000000 ) ) ;
#6886 = CARTESIAN_POINT ( 'NONE',  ( -485.9999999998082103, -3.174999999999999822, 168.4036976976977655 ) ) ;
#6887 = AXIS2_PLACEMENT_3D ( 'NONE', #1349, #4401, #5161 ) ;
#6888 = DIRECTION ( 'NONE',  ( 0.000000000000000000, 0.000000000000000000, 1.000000000000000000 ) ) ;
#6889 = VERTEX_POINT ( 'NONE', #6479 ) ;
#6890 = ORIENTED_EDGE ( 'NONE', *, *, #9681, .F. ) ;
#6891 = VECTOR ( 'NONE', #2127, 1000.000000000000000 ) ;
#6892 = EDGE_LOOP ( 'NONE', ( #2875, #8997 ) ) ;
#6893 = CARTESIAN_POINT ( 'NONE',  ( -465.4425222491568093, 0.000000000000000000, -378.6352311140407210 ) ) ;
#6894 = SURFACE_STYLE_USAGE ( .BOTH. , #4638 ) ;
#6895 = EDGE_CURVE ( 'NONE', #7059, #755, #6666, .T. ) ;
#6896 = DIRECTION ( 'NONE',  ( 0.000000000000000000, 0.000000000000000000, -1.000000000000000000 ) ) ;
#6897 = DIRECTION ( 'NONE',  ( -1.000000000000000000, 0.000000000000000000, 0.000000000000000000 ) ) ;
#6898 = ORIENTED_EDGE ( 'NONE', *, *, #8720, .F. ) ;
#6899 = CIRCLE ( 'NONE', #6268, 3.000000000000002665 ) ;
#6900 = DIRECTION ( 'NONE',  ( -1.000000000000000000, 0.000000000000000000, 7.209240419646269740E-17 ) ) ;
#6901 = ORIENTED_EDGE ( 'NONE', *, *, #3734, .F. ) ;
#6902 = EDGE_CURVE ( 'NONE', #8617, #7810, #3277, .T. ) ;
#6903 = CARTESIAN_POINT ( 'NONE',  ( 558.9999999998080966, 0.000000000000000000, -279.5963023023024334 ) ) ;
#6904 = ORIENTED_EDGE ( 'NONE', *, *, #9118, .T. ) ;
#6905 = DIRECTION ( 'NONE',  ( 0.000000000000000000, 0.000000000000000000, -1.000000000000000000 ) ) ;
#6906 = CARTESIAN_POINT ( 'NONE',  ( 464.8511815332194601, 0.000000000000000000, -375.6940891321441995 ) ) ;
#6907 = DIRECTION ( 'NONE',  ( 0.000000000000000000, 0.000000000000000000, -1.000000000000000000 ) ) ;
#6908 = CARTESIAN_POINT ( 'NONE',  ( -490.3493496165143597, -3.174999999999999822, -370.6102731395310457 ) ) ;
#6909 = ORIENTED_EDGE ( 'NONE', *, *, #8819, .T. ) ;
#6910 = AXIS2_PLACEMENT_3D ( 'NONE', #6962, #4061, #3310 ) ;
#6911 = LINE ( 'NONE', #852, #4644 ) ;
#6912 = ORIENTED_EDGE ( 'NONE', *, *, #3936, .F. ) ;
#6913 = ORIENTED_EDGE ( 'NONE', *, *, #7975, .F. ) ;
#6914 = CARTESIAN_POINT ( 'NONE',  ( 594.4999999998082103, 0.000000000000000000, 92.90369769769773711 ) ) ;
#6915 = EDGE_CURVE ( 'NONE', #7647, #2323, #5707, .T. ) ;
#6916 = ORIENTED_EDGE ( 'NONE', *, *, #8457, .F. ) ;
#6917 = LINE ( 'NONE', #5367, #4951 ) ;
#6918 = VERTEX_POINT ( 'NONE', #7931 ) ;
#6919 = DIRECTION ( 'NONE',  ( 0.000000000000000000, 0.000000000000000000, -1.000000000000000000 ) ) ;
#6920 = CARTESIAN_POINT ( 'NONE',  ( -503.9133855802655262, -3.174999999999999822, -410.1708090310403918 ) ) ;
#6921 = ADVANCED_FACE ( 'NONE', ( #9544 ), #8789, .T. ) ;
#6922 = CARTESIAN_POINT ( 'NONE',  ( 290.9999999999997726, 0.000000000000000000, 168.4036976976977371 ) ) ;
#6923 = ORIENTED_EDGE ( 'NONE', *, *, #7861, .F. ) ;
#6924 = CARTESIAN_POINT ( 'NONE',  ( -191.0092538959341084, -3.174999999999999822, -432.2822724184624690 ) ) ;
#6925 = DIRECTION ( 'NONE',  ( -0.000000000000000000, 1.000000000000000000, -0.000000000000000000 ) ) ;
#6926 = EDGE_CURVE ( 'NONE', #9570, #6139, #376, .T. ) ;
#6927 = AXIS2_PLACEMENT_3D ( 'NONE', #4897, #6558, #8817 ) ;
#6928 = ADVANCED_FACE ( 'NONE', ( #2527 ), #4975, .F. ) ;
#6929 = LINE ( 'NONE', #7578, #9115 ) ;
#6930 = VERTEX_POINT ( 'NONE', #9495 ) ;
#6931 = DIRECTION ( 'NONE',  ( 0.000000000000000000, 0.000000000000000000, 1.000000000000000000 ) ) ;
#6932 = CYLINDRICAL_SURFACE ( 'NONE', #114, 3.000000000000002665 ) ;
#6933 = DIRECTION ( 'NONE',  ( 0.000000000000000000, 0.000000000000000000, 1.000000000000000000 ) ) ;
#6934 = DIRECTION ( 'NONE',  ( -0.000000000000000000, -1.000000000000000000, -0.000000000000000000 ) ) ;
#6935 = LINE ( 'NONE', #1426, #3670 ) ;
#6936 = ADVANCED_FACE ( 'NONE', ( #4922 ), #7983, .F. ) ;
#6937 = DIRECTION ( 'NONE',  ( 0.000000000000000000, 0.000000000000000000, 1.000000000000000000 ) ) ;
#6938 = ADVANCED_FACE ( 'NONE', ( #4218 ), #9450, .T. ) ;
#6939 = ORIENTED_EDGE ( 'NONE', *, *, #9213, .T. ) ;
#6940 = VERTEX_POINT ( 'NONE', #2718 ) ;
#6941 = VECTOR ( 'NONE', #6489, 1000.000000000000227 ) ;
#6942 = VERTEX_POINT ( 'NONE', #5629 ) ;
#6943 = CARTESIAN_POINT ( 'NONE',  ( -552.4999999998080966, -3.174999999999999822, 161.4036976976977655 ) ) ;
#6944 = LINE ( 'NONE', #8299, #4970 ) ;
#6945 = CARTESIAN_POINT ( 'NONE',  ( 577.4999999998079829, 0.000000000000000000, -127.0963023023018508 ) ) ;
#6946 = LINE ( 'NONE', #150, #759 ) ;
#6947 = ORIENTED_EDGE ( 'NONE', *, *, #4092, .T. ) ;
#6948 = ADVANCED_FACE ( 'NONE', ( #8687 ), #8842, .F. ) ;
#6949 = ORIENTED_EDGE ( 'NONE', *, *, #621, .T. ) ;
#6950 = DIRECTION ( 'NONE',  ( 0.000000000000000000, -1.000000000000000000, 0.000000000000000000 ) ) ;
#6951 = ORIENTED_EDGE ( 'NONE', *, *, #2590, .F. ) ;
#6952 = DIRECTION ( 'NONE',  ( 0.1971135719790620411, 0.000000000000000000, 0.9803806606322132966 ) ) ;
#6953 = DIRECTION ( 'NONE',  ( -0.000000000000000000, -0.000000000000000000, -1.000000000000000000 ) ) ;
#6954 = CARTESIAN_POINT ( 'NONE',  ( 401.9999999999998295, -3.174999999999999822, -372.3463023023019787 ) ) ;
#6955 = CARTESIAN_POINT ( 'NONE',  ( 96.99999999999990052, -3.174999999999999822, -436.0963023023023766 ) ) ;
#6956 = ORIENTED_EDGE ( 'NONE', *, *, #3138, .F. ) ;
#6957 = VERTEX_POINT ( 'NONE', #8640 ) ;
#6958 = DIRECTION ( 'NONE',  ( 2.109170134115681985E-16, 0.000000000000000000, 1.000000000000000000 ) ) ;
#6959 = VERTEX_POINT ( 'NONE', #328 ) ;
#6960 = CIRCLE ( 'NONE', #2639, 3.000000000000002665 ) ;
#6961 = VERTEX_POINT ( 'NONE', #1820 ) ;
#6962 = CARTESIAN_POINT ( 'NONE',  ( -293.9999999999997726, 0.000000000000000000, 168.4036976976977655 ) ) ;
#6963 = EDGE_CURVE ( 'NONE', #9138, #8617, #2019, .T. ) ;
#6964 = ORIENTED_EDGE ( 'NONE', *, *, #8901, .T. ) ;
#6965 = VECTOR ( 'NONE', #7541, 1000.000000000000000 ) ;
#6966 = CARTESIAN_POINT ( 'NONE',  ( -503.3220448643284044, -3.174999999999999822, -407.2296670491438135 ) ) ;
#6967 = VERTEX_POINT ( 'NONE', #3373 ) ;
#6968 = AXIS2_PLACEMENT_3D ( 'NONE', #4242, #5699, #8961 ) ;
#6969 = CARTESIAN_POINT ( 'NONE',  ( 493.9999999998082103, 0.000000000000000000, 168.4036976976977087 ) ) ;
#6970 = DIRECTION ( 'NONE',  ( 0.000000000000000000, 0.000000000000000000, 1.000000000000000000 ) ) ;
#6971 = DIRECTION ( 'NONE',  ( 0.000000000000000000, 0.000000000000000000, -1.000000000000000000 ) ) ;
#6972 = EDGE_LOOP ( 'NONE', ( #9695, #1010, #3496, #5470 ) ) ;
#6973 = LINE ( 'NONE', #4617, #3650 ) ;
#6974 = CARTESIAN_POINT ( 'NONE',  ( -290.9999999999997726, 0.000000000000000000, 132.9036976976976803 ) ) ;
#6975 = CARTESIAN_POINT ( 'NONE',  ( -493.1291983133110080, -3.174999999999999822, -412.3390583228101605 ) ) ;
#6976 = ORIENTED_EDGE ( 'NONE', *, *, #966, .T. ) ;
#6977 = DIRECTION ( 'NONE',  ( 2.109170134115681985E-16, 0.000000000000000000, 1.000000000000000000 ) ) ;
#6978 = CIRCLE ( 'NONE', #585, 3.000000000000002665 ) ;
#6979 = CIRCLE ( 'NONE', #5223, 3.000000000000002665 ) ;
#6980 = CARTESIAN_POINT ( 'NONE',  ( -577.4999999998082103, 6.825000000000000178, -127.0963023023022913 ) ) ;
#6981 = CARTESIAN_POINT ( 'NONE',  ( -490.4422290952782078, 0.000000000000000000, -373.6088350285746174 ) ) ;
#6982 = ADVANCED_FACE ( 'NONE', ( #9595 ), #4411, .F. ) ;
#6983 = CARTESIAN_POINT ( 'NONE',  ( 594.4999999998080966, 0.000000000000000000, -315.5963023023024334 ) ) ;
#6984 = FACE_OUTER_BOUND ( 'NONE', #6674, .T. ) ;
#6985 = EDGE_CURVE ( 'NONE', #8368, #2025, #1371, .T. ) ;
#6986 = EDGE_LOOP ( 'NONE', ( #3636, #530, #7695, #5349 ) ) ;
#6987 = LINE ( 'NONE', #1577, #5681 ) ;
#6988 = FACE_OUTER_BOUND ( 'NONE', #8788, .T. ) ;
#6989 = VECTOR ( 'NONE', #8669, 1000.000000000000000 ) ;
#6990 = EDGE_LOOP ( 'NONE', ( #548, #1529, #9863, #3177 ) ) ;
#6991 = VERTEX_POINT ( 'NONE', #9651 ) ;
#6992 = EDGE_CURVE ( 'NONE', #130, #6114, #2977, .T. ) ;
#6993 = CARTESIAN_POINT ( 'NONE',  ( 482.9999999998082103, 0.000000000000000000, 168.4036976976977087 ) ) ;
#6994 = DIRECTION ( 'NONE',  ( 0.1971135719790633456, 0.000000000000000000, 0.9803806606322130746 ) ) ;
#6995 = CIRCLE ( 'NONE', #7634, 2.749999999999974687 ) ;
#6996 = ADVANCED_FACE ( 'NONE', ( #616 ), #5218, .T. ) ;
#6997 = PLANE ( 'NONE',  #7276 ) ;
#6998 = CARTESIAN_POINT ( 'NONE',  ( 503.9133855802652988, -3.174999999999999822, -410.1708090310405623 ) ) ;
#6999 = EDGE_LOOP ( 'NONE', ( #4634, #9829, #5646, #1611 ) ) ;
#7000 = VECTOR ( 'NONE', #1091, 1000.000000000000000 ) ;
#7001 = VERTEX_POINT ( 'NONE', #8939 ) ;
#7002 = LINE ( 'NONE', #4698, #889 ) ;
#7003 = ORIENTED_EDGE ( 'NONE', *, *, #4747, .F. ) ;
#7004 = CARTESIAN_POINT ( 'NONE',  ( 250.2626310726666077, 0.000000000000000000, -458.1093375469640137 ) ) ;
#7005 = DIRECTION ( 'NONE',  ( 0.000000000000000000, -1.000000000000000000, 0.000000000000000000 ) ) ;
#7006 = CARTESIAN_POINT ( 'NONE',  ( -490.4422290952782078, -3.174999999999999822, -373.6088350285746174 ) ) ;
#7007 = LINE ( 'NONE', #162, #1568 ) ;
#7008 = ORIENTED_EDGE ( 'NONE', *, *, #679, .F. ) ;
#7009 = CIRCLE ( 'NONE', #6213, 3.000000000000002665 ) ;
#7010 = EDGE_CURVE ( 'NONE', #5788, #3644, #5170, .T. ) ;
#7011 = AXIS2_PLACEMENT_3D ( 'NONE', #81, #6184, #9250 ) ;
#7012 = ORIENTED_EDGE ( 'NONE', *, *, #4882, .T. ) ;
#7013 = CARTESIAN_POINT ( 'NONE',  ( 555.9999999998080966, 0.000000000000000000, 117.9036976976977371 ) ) ;
#7014 = ORIENTED_EDGE ( 'NONE', *, *, #671, .F. ) ;
#7015 = ORIENTED_EDGE ( 'NONE', *, *, #5763, .T. ) ;
#7016 = CARTESIAN_POINT ( 'NONE',  ( -577.4999999998082103, 0.000000000000000000, -67.59630230230223447 ) ) ;
#7017 = ORIENTED_EDGE ( 'NONE', *, *, #9326, .F. ) ;
#7018 = AXIS2_PLACEMENT_3D ( 'NONE', #5166, #8985, #5919 ) ;
#7019 =( LENGTH_UNIT ( ) NAMED_UNIT ( * ) SI_UNIT ( .MILLI., .METRE. ) );
#7020 = ORIENTED_EDGE ( 'NONE', *, *, #3108, .F. ) ;
#7021 = DIRECTION ( 'NONE',  ( 0.000000000000000000, 0.000000000000000000, -1.000000000000000000 ) ) ;
#7022 = DIRECTION ( 'NONE',  ( -0.000000000000000000, -1.000000000000000000, -0.000000000000000000 ) ) ;
#7023 = EDGE_CURVE ( 'NONE', #6930, #8409, #1380, .T. ) ;
#7024 = CARTESIAN_POINT ( 'NONE',  ( -594.4999999998082103, 0.000000000000000000, 89.90369769769773711 ) ) ;
#7025 = ORIENTED_EDGE ( 'NONE', *, *, #4960, .T. ) ;
#7026 = CIRCLE ( 'NONE', #627, 3.000000000000002665 ) ;
#7027 = CARTESIAN_POINT ( 'NONE',  ( -597.4999999998082103, -3.174999999999999822, -315.5963023023022629 ) ) ;
#7028 = VECTOR ( 'NONE', #8186, 1000.000000000000000 ) ;
#7029 = CARTESIAN_POINT ( 'NONE',  ( 401.9999999999998295, 0.000000000000000000, -369.5963023023019787 ) ) ;
#7030 = EDGE_CURVE ( 'NONE', #2458, #2025, #3615, .T. ) ;
#7031 = LINE ( 'NONE', #4121, #3501 ) ;
#7032 = ORIENTED_EDGE ( 'NONE', *, *, #2158, .T. ) ;
#7033 = CARTESIAN_POINT ( 'NONE',  ( -463.4817609278923669, -3.174999999999999822, -379.0294582579988969 ) ) ;
#7034 = ADVANCED_FACE ( 'NONE', ( #3666 ), #2965, .T. ) ;
#7035 = AXIS2_PLACEMENT_3D ( 'NONE', #3173, #6232, #7676 ) ;
#7036 = CIRCLE ( 'NONE', #2712, 2.750000000000030198 ) ;
#7037 = VECTOR ( 'NONE', #36, 1000.000000000000000 ) ;
#7038 = DIRECTION ( 'NONE',  ( 0.000000000000000000, -1.000000000000000000, 0.000000000000000000 ) ) ;
#7039 = CARTESIAN_POINT ( 'NONE',  ( -555.9999999998083240, -3.174999999999999822, -307.5963023023023197 ) ) ;
#7040 = AXIS2_PLACEMENT_3D ( 'NONE', #5955, #1954, #9025 ) ;
#7041 = CARTESIAN_POINT ( 'NONE',  ( -577.4999999998082103, 0.000000000000000000, 117.9036976976977655 ) ) ;
#7042 = CARTESIAN_POINT ( 'NONE',  ( -178.5995066845798362, 6.825000000000000178, -450.0775332806430811 ) ) ;
#7043 = CARTESIAN_POINT ( 'NONE',  ( -462.5013802672601742, 0.000000000000000000, -379.2265718299779564 ) ) ;
#7044 = DIRECTION ( 'NONE',  ( 0.000000000000000000, 0.000000000000000000, 1.000000000000000000 ) ) ;
#7045 = EDGE_CURVE ( 'NONE', #6318, #9702, #5856, .T. ) ;
#7046 = ADVANCED_FACE ( 'NONE', ( #9087 ), #7524, .F. ) ;
#7047 = CIRCLE ( 'NONE', #8644, 3.000000000000002665 ) ;
#7048 = ORIENTED_EDGE ( 'NONE', *, *, #9581, .T. ) ;
#7049 = EDGE_LOOP ( 'NONE', ( #7372, #7825, #61, #5953 ) ) ;
#7050 = AXIS2_PLACEMENT_3D ( 'NONE', #2610, #7175, #3364 ) ;
#7051 = FACE_OUTER_BOUND ( 'NONE', #2115, .T. ) ;
#7052 = CARTESIAN_POINT ( 'NONE',  ( -558.9999999998083240, 0.000000000000000000, 114.9036976976977371 ) ) ;
#7053 = CARTESIAN_POINT ( 'NONE',  ( -514.4999999998082103, 0.000000000000000000, 132.9036976976976518 ) ) ;
#7054 = CARTESIAN_POINT ( 'NONE',  ( -169.5000000000000000, -3.174999999999999822, -413.8463023023023197 ) ) ;
#7055 = ORIENTED_EDGE ( 'NONE', *, *, #8663, .F. ) ;
#7056 = AXIS2_PLACEMENT_3D ( 'NONE', #8752, #6496, #8952 ) ;
#7057 = CIRCLE ( 'NONE', #5618, 2.750000000000030198 ) ;
#7058 = ADVANCED_FACE ( 'NONE', ( #3718 ), #1357, .F. ) ;
#7059 = VERTEX_POINT ( 'NONE', #8990 ) ;
#7060 = LINE ( 'NONE', #5498, #98 ) ;
#7061 = VERTEX_POINT ( 'NONE', #670 ) ;
#7062 = DIRECTION ( 'NONE',  ( 0.000000000000000000, 0.000000000000000000, 1.000000000000000000 ) ) ;
#7063 = DIRECTION ( 'NONE',  ( -0.1971135719790607088, 0.000000000000000000, -0.9803806606322135186 ) ) ;
#7064 = DIRECTION ( 'NONE',  ( 0.000000000000000000, 0.000000000000000000, -1.000000000000000000 ) ) ;
#7065 = LINE ( 'NONE', #3306, #8437 ) ;
#7066 = VERTEX_POINT ( 'NONE', #5274 ) ;
#7067 = VECTOR ( 'NONE', #5324, 1000.000000000000000 ) ;
#7068 = VERTEX_POINT ( 'NONE', #1215 ) ;
#7069 = VERTEX_POINT ( 'NONE', #4265 ) ;
#7070 = EDGE_CURVE ( 'NONE', #2709, #690, #8256, .T. ) ;
#7071 = ORIENTED_EDGE ( 'NONE', *, *, #8255, .T. ) ;
#7072 = LINE ( 'NONE', #168, #9324 ) ;
#7073 = AXIS2_PLACEMENT_3D ( 'NONE', #2520, #274, #4868 ) ;
#7074 = VECTOR ( 'NONE', #224, 1000.000000000000000 ) ;
#7075 = VERTEX_POINT ( 'NONE', #3521 ) ;
#7076 = DIRECTION ( 'NONE',  ( 0.000000000000000000, -1.000000000000000000, 0.000000000000000000 ) ) ;
#7077 = FACE_OUTER_BOUND ( 'NONE', #5729, .T. ) ;
#7078 = CIRCLE ( 'NONE', #6910, 3.000000000000002665 ) ;
#7079 = CARTESIAN_POINT ( 'NONE',  ( -240.0697845216496660, 0.000000000000000000, -463.2187288206303037 ) ) ;
#7080 = VERTEX_POINT ( 'NONE', #2813 ) ;
#7081 = CARTESIAN_POINT ( 'NONE',  ( -348.0000000000000000, -3.174999999999999822, -369.5963023023023197 ) ) ;
#7082 = LINE ( 'NONE', #3274, #7839 ) ;
#7083 = DIRECTION ( 'NONE',  ( 0.000000000000000000, 0.000000000000000000, -1.000000000000000000 ) ) ;
#7084 = EDGE_CURVE ( 'NONE', #2877, #1699, #8101, .T. ) ;
#7085 = EDGE_LOOP ( 'NONE', ( #5527, #8536, #8502, #893 ) ) ;
#7086 = DIRECTION ( 'NONE',  ( -1.000000000000000000, 0.000000000000000000, -0.000000000000000000 ) ) ;
#7087 = CARTESIAN_POINT ( 'NONE',  ( 265.9999999999997158, 0.000000000000000000, 171.4036976976977371 ) ) ;
#7088 = LINE ( 'NONE', #8690, #6040 ) ;
#7089 = CARTESIAN_POINT ( 'NONE',  ( -288.9999999999997726, 0.000000000000000000, 132.9036976976976803 ) ) ;
#7090 = CARTESIAN_POINT ( 'NONE',  ( 577.4999999998079829, 6.825000000000000178, -124.3463023023018081 ) ) ;
#7091 = ORIENTED_EDGE ( 'NONE', *, *, #2317, .T. ) ;
#7092 = DIRECTION ( 'NONE',  ( 0.000000000000000000, 0.000000000000000000, 1.000000000000000000 ) ) ;
#7093 = AXIS2_PLACEMENT_3D ( 'NONE', #4596, #7652, #800 ) ;
#7094 = CARTESIAN_POINT ( 'NONE',  ( 558.9999999998080966, 0.000000000000000000, 117.9036976976977371 ) ) ;
#7095 = CARTESIAN_POINT ( 'NONE',  ( -594.4999999998082103, 0.000000000000000000, -276.5963023023022629 ) ) ;
#7096 = EDGE_CURVE ( 'NONE', #8742, #8117, #8226, .T. ) ;
#7097 = ORIENTED_EDGE ( 'NONE', *, *, #6482, .T. ) ;
#7098 = ORIENTED_EDGE ( 'NONE', *, *, #6194, .F. ) ;
#7099 = VECTOR ( 'NONE', #6705, 1000.000000000000000 ) ;
#7100 = CARTESIAN_POINT ( 'NONE',  ( 96.99999999999990052, 0.000000000000000000, -436.0963023023023766 ) ) ;
#7101 = DIRECTION ( 'NONE',  ( 0.000000000000000000, 1.000000000000000000, 0.000000000000000000 ) ) ;
#7102 = PLANE ( 'NONE',  #3118 ) ;
#7103 = DIRECTION ( 'NONE',  ( 0.000000000000000000, -1.000000000000000000, 0.000000000000000000 ) ) ;
#7104 = EDGE_CURVE ( 'NONE', #6172, #4073, #5542, .T. ) ;
#7105 = ORIENTED_EDGE ( 'NONE', *, *, #9866, .F. ) ;
#7106 = ORIENTED_EDGE ( 'NONE', *, *, #4092, .F. ) ;
#7107 = ADVANCED_FACE ( 'NONE', ( #6679 ), #5322, .F. ) ;
#7108 = DIRECTION ( 'NONE',  ( -0.000000000000000000, -1.000000000000000000, -0.000000000000000000 ) ) ;
#7109 = ORIENTED_EDGE ( 'NONE', *, *, #4677, .F. ) ;
#7110 = DIRECTION ( 'NONE',  ( 0.9803806606322130746, 0.000000000000000000, 0.1971135719790632346 ) ) ;
#7111 = DIRECTION ( 'NONE',  ( -0.000000000000000000, 1.000000000000000000, -0.000000000000000000 ) ) ;
#7112 = DIRECTION ( 'NONE',  ( 0.9803806606322130746, 0.000000000000000000, 0.1971135719790632346 ) ) ;
#7113 = CARTESIAN_POINT ( 'NONE',  ( -97.00000000000001421, 0.000000000000000000, -433.0963023023023766 ) ) ;
#7114 = VERTEX_POINT ( 'NONE', #2417 ) ;
#7115 = VERTEX_POINT ( 'NONE', #3969 ) ;
#7116 = EDGE_CURVE ( 'NONE', #5764, #49, #3915, .T. ) ;
#7117 = EDGE_CURVE ( 'NONE', #106, #9098, #9293, .T. ) ;
#7118 = EDGE_LOOP ( 'NONE', ( #1219, #9837, #7387, #9776 ) ) ;
#7119 = DIRECTION ( 'NONE',  ( 0.000000000000000000, 0.000000000000000000, 1.000000000000000000 ) ) ;
#7120 = ORIENTED_EDGE ( 'NONE', *, *, #7436, .F. ) ;
#7121 = CYLINDRICAL_SURFACE ( 'NONE', #4086, 3.000000000000002665 ) ;
#7122 = DIRECTION ( 'NONE',  ( 0.000000000000000000, -1.000000000000000000, 0.000000000000000000 ) ) ;
#7123 = ADVANCED_FACE ( 'NONE', ( #9344 ), #8380, .F. ) ;
#7124 = CARTESIAN_POINT ( 'NONE',  ( 485.9999999998082103, 0.000000000000000000, 171.4036976976978224 ) ) ;
#7125 = EDGE_LOOP ( 'NONE', ( #5855, #145, #1, #2738 ) ) ;
#7126 = LINE ( 'NONE', #9444, #4676 ) ;
#7127 = DIRECTION ( 'NONE',  ( 0.000000000000000000, -1.000000000000000000, 0.000000000000000000 ) ) ;
#7128 = AXIS2_PLACEMENT_3D ( 'NONE', #6695, #6746, #5182 ) ;
#7129 = DIRECTION ( 'NONE',  ( -0.000000000000000000, 1.000000000000000000, -0.000000000000000000 ) ) ;
#7130 = CIRCLE ( 'NONE', #2964, 3.000000000000002665 ) ;
#7131 = VERTEX_POINT ( 'NONE', #6824 ) ;
#7132 = DIRECTION ( 'NONE',  ( 0.000000000000000000, 0.000000000000000000, -1.000000000000000000 ) ) ;
#7133 = DIRECTION ( 'NONE',  ( -0.000000000000000000, 1.000000000000000000, -0.000000000000000000 ) ) ;
#7134 = LINE ( 'NONE', #2579, #7973 ) ;
#7135 = DIRECTION ( 'NONE',  ( -0.000000000000000000, 1.000000000000000000, -0.000000000000000000 ) ) ;
#7136 = VERTEX_POINT ( 'NONE', #2364 ) ;
#7137 = VECTOR ( 'NONE', #9516, 1000.000000000000000 ) ;
#7138 = EDGE_CURVE ( 'NONE', #1548, #6615, #120, .T. ) ;
#7139 = CARTESIAN_POINT ( 'NONE',  ( 542.5486554916996056, 6.825000000000000178, -362.4253983016485563 ) ) ;
#7140 = CARTESIAN_POINT ( 'NONE',  ( -577.4999999998082103, 0.000000000000000000, -121.5963023023022345 ) ) ;
#7141 = ADVANCED_FACE ( 'NONE', ( #3870 ), #7776, .F. ) ;
#7142 = CARTESIAN_POINT ( 'NONE',  ( 242.4195857876089804, 0.000000000000000000, -459.6862461227965468 ) ) ;
#7143 = VECTOR ( 'NONE', #5676, 1000.000000000000000 ) ;
#7144 = VERTEX_POINT ( 'NONE', #1665 ) ;
#7145 = CIRCLE ( 'NONE', #8749, 3.000000000000002665 ) ;
#7146 = VERTEX_POINT ( 'NONE', #6920 ) ;
#7147 = CARTESIAN_POINT ( 'NONE',  ( 597.4999999998080966, -3.174999999999999822, -337.3768998705953663 ) ) ;
#7148 = CARTESIAN_POINT ( 'NONE',  ( 202.9974066286778793, 0.000000000000000000, -470.6724344287448503 ) ) ;
#7149 = DIRECTION ( 'NONE',  ( 0.000000000000000000, 0.000000000000000000, -1.000000000000000000 ) ) ;
#7150 = PLANE ( 'NONE',  #2680 ) ;
#7151 = ORIENTED_EDGE ( 'NONE', *, *, #9018, .T. ) ;
#7152 = VECTOR ( 'NONE', #9557, 1000.000000000000000 ) ;
#7153 = VECTOR ( 'NONE', #1800, 1000.000000000000000 ) ;
#7154 = ORIENTED_EDGE ( 'NONE', *, *, #5938, .F. ) ;
#7155 = AXIS2_PLACEMENT_3D ( 'NONE', #4153, #7210, #5900 ) ;
#7156 = FACE_OUTER_BOUND ( 'NONE', #3559, .T. ) ;
#7157 = ORIENTED_EDGE ( 'NONE', *, *, #3072, .T. ) ;
#7158 = CIRCLE ( 'NONE', #2035, 3.000000000000002665 ) ;
#7159 = DIRECTION ( 'NONE',  ( 0.000000000000000000, -1.000000000000000000, 0.000000000000000000 ) ) ;
#7160 = DIRECTION ( 'NONE',  ( 1.000000000000000000, 0.000000000000000000, -0.000000000000000000 ) ) ;
#7161 = EDGE_CURVE ( 'NONE', #8841, #4381, #9392, .T. ) ;
#7162 = CARTESIAN_POINT ( 'NONE',  ( 274.7721475884719666, -3.174999999999999822, -453.1814982474874114 ) ) ;
#7163 = DIRECTION ( 'NONE',  ( 0.000000000000000000, -1.000000000000000000, 0.000000000000000000 ) ) ;
#7164 = ORIENTED_EDGE ( 'NONE', *, *, #4860, .T. ) ;
#7165 = VECTOR ( 'NONE', #6645, 1000.000000000000000 ) ;
#7166 = EDGE_LOOP ( 'NONE', ( #6651, #680, #2081, #663 ) ) ;
#7167 = LINE ( 'NONE', #7362, #3174 ) ;
#7168 = EDGE_CURVE ( 'NONE', #8823, #3372, #908, .T. ) ;
#7169 = VERTEX_POINT ( 'NONE', #22 ) ;
#7170 = EDGE_CURVE ( 'NONE', #2092, #5612, #7790, .T. ) ;
#7171 = VECTOR ( 'NONE', #9527, 1000.000000000000114 ) ;
#7172 = DIRECTION ( 'NONE',  ( 0.000000000000000000, -1.000000000000000000, 0.000000000000000000 ) ) ;
#7173 = DIRECTION ( 'NONE',  ( -0.000000000000000000, -1.000000000000000000, -0.000000000000000000 ) ) ;
#7174 = CIRCLE ( 'NONE', #6843, 3.000000000000002665 ) ;
#7175 = DIRECTION ( 'NONE',  ( 0.000000000000000000, -1.000000000000000000, 0.000000000000000000 ) ) ;
#7176 = EDGE_LOOP ( 'NONE', ( #2316, #8456, #8531, #5773 ) ) ;
#7177 = DIRECTION ( 'NONE',  ( 1.000000000000000000, -0.000000000000000000, 0.000000000000000000 ) ) ;
#7178 = DIRECTION ( 'NONE',  ( -0.000000000000000000, 1.000000000000000000, -0.000000000000000000 ) ) ;
#7179 = DIRECTION ( 'NONE',  ( -0.000000000000000000, 1.000000000000000000, 0.000000000000000000 ) ) ;
#7180 = EDGE_CURVE ( 'NONE', #4455, #5037, #9555, .T. ) ;
#7181 = ORIENTED_EDGE ( 'NONE', *, *, #5462, .F. ) ;
#7182 = DIRECTION ( 'NONE',  ( 0.000000000000000000, -1.000000000000000000, 0.000000000000000000 ) ) ;
#7183 = CARTESIAN_POINT ( 'NONE',  ( 93.99999999999990052, -3.174999999999999822, -436.0963023023023766 ) ) ;
#7184 = FACE_OUTER_BOUND ( 'NONE', #7429, .T. ) ;
#7185 = AXIS2_PLACEMENT_3D ( 'NONE', #8685, #7179, #7836 ) ;
#7186 = DIRECTION ( 'NONE',  ( 0.000000000000000000, 1.000000000000000000, 0.000000000000000000 ) ) ;
#7187 = VERTEX_POINT ( 'NONE', #6169 ) ;
#7188 = CARTESIAN_POINT ( 'NONE',  ( -208.6716673851032624, -3.174999999999999822, -444.0312787482596946 ) ) ;
#7189 = DIRECTION ( 'NONE',  ( 0.000000000000000000, 0.000000000000000000, 1.000000000000000000 ) ) ;
#7190 = EDGE_CURVE ( 'NONE', #9738, #5744, #6280, .T. ) ;
#7191 = DIRECTION ( 'NONE',  ( 0.000000000000000000, 0.000000000000000000, 1.000000000000000000 ) ) ;
#7192 = AXIS2_PLACEMENT_3D ( 'NONE', #8539, #3321, #1669 ) ;
#7193 = VERTEX_POINT ( 'NONE', #8479 ) ;
#7194 = VERTEX_POINT ( 'NONE', #4560 ) ;
#7195 = VECTOR ( 'NONE', #5858, 1000.000000000000000 ) ;
#7196 = DIRECTION ( 'NONE',  ( -0.1971135719790661489, -0.000000000000000000, -0.9803806606322126305 ) ) ;
#7197 = FACE_OUTER_BOUND ( 'NONE', #6618, .T. ) ;
#7198 = LINE ( 'NONE', #4089, #8888 ) ;
#7199 = CARTESIAN_POINT ( 'NONE',  ( 577.4999999998080966, -3.174999999999999822, 171.4036976976977087 ) ) ;
#7200 = VERTEX_POINT ( 'NONE', #3011 ) ;
#7201 = DIRECTION ( 'NONE',  ( 0.000000000000000000, 0.000000000000000000, 1.000000000000000000 ) ) ;
#7202 = AXIS2_PLACEMENT_3D ( 'NONE', #4009, #1100, #3302 ) ;
#7203 = ORIENTED_EDGE ( 'NONE', *, *, #2665, .T. ) ;
#7204 = EDGE_CURVE ( 'NONE', #881, #2458, #6979, .T. ) ;
#7205 = DIRECTION ( 'NONE',  ( -0.000000000000000000, 1.000000000000000000, 0.000000000000000000 ) ) ;
#7206 = ORIENTED_EDGE ( 'NONE', *, *, #2735, .T. ) ;
#7207 = CARTESIAN_POINT ( 'NONE',  ( 70.99999999999991473, 0.000000000000000000, -474.5963023023023197 ) ) ;
#7208 = DIRECTION ( 'NONE',  ( 0.000000000000000000, 1.000000000000000000, 0.000000000000000000 ) ) ;
#7209 = DIRECTION ( 'NONE',  ( 0.000000000000000000, 0.000000000000000000, 1.000000000000000000 ) ) ;
#7210 = DIRECTION ( 'NONE',  ( -0.000000000000000000, 1.000000000000000000, -0.000000000000000000 ) ) ;
#7211 = VERTEX_POINT ( 'NONE', #7721 ) ;
#7212 = ORIENTED_EDGE ( 'NONE', *, *, #4612, .F. ) ;
#7213 = PLANE ( 'NONE',  #3976 ) ;
#7214 = EDGE_CURVE ( 'NONE', #3454, #6818, #3948, .T. ) ;
#7215 = ORIENTED_EDGE ( 'NONE', *, *, #4612, .T. ) ;
#7216 = EDGE_CURVE ( 'NONE', #8258, #3454, #9894, .T. ) ;
#7217 = AXIS2_PLACEMENT_3D ( 'NONE', #492, #5463, #7201 ) ;
#7218 = CARTESIAN_POINT ( 'NONE',  ( 99.99999999999991473, -3.174999999999999822, -474.5963023023023197 ) ) ;
#7219 = LINE ( 'NONE', #8678, #8803 ) ;
#7220 = CARTESIAN_POINT ( 'NONE',  ( 237.3828153036166384, -3.174999999999999822, -424.4885055263948175 ) ) ;
#7221 = ORIENTED_EDGE ( 'NONE', *, *, #9866, .T. ) ;
#7222 = CARTESIAN_POINT ( 'NONE',  ( 288.4999999999997726, -1.587499999999999467, 129.9456578061478922 ) ) ;
#7224 = PLANE ( 'NONE',  #2392 ) ;
#7223 = CIRCLE ( 'NONE', #4662, 3.000000000000002665 ) ;
#7225 = DIRECTION ( 'NONE',  ( -1.000000000000000000, 0.000000000000000000, -0.000000000000000000 ) ) ;
#7226 = ORIENTED_EDGE ( 'NONE', *, *, #8940, .T. ) ;
#7227 = FACE_OUTER_BOUND ( 'NONE', #5928, .T. ) ;
#7228 = EDGE_CURVE ( 'NONE', #3272, #6277, #8959, .T. ) ;
#7229 = VECTOR ( 'NONE', #969, 1000.000000000000000 ) ;
#7230 = CARTESIAN_POINT ( 'NONE',  ( -558.9999999998083240, -3.174999999999999822, 117.9036976976977371 ) ) ;
#7231 = DIRECTION ( 'NONE',  ( 0.000000000000000000, -1.000000000000000000, 0.000000000000000000 ) ) ;
#7232 = LINE ( 'NONE', #2580, #6749 ) ;
#7233 = ORIENTED_EDGE ( 'NONE', *, *, #6194, .T. ) ;
#7234 = EDGE_CURVE ( 'NONE', #8750, #7001, #4611, .T. ) ;
#7235 = EDGE_CURVE ( 'NONE', #8477, #8622, #6241, .T. ) ;
#7236 = VECTOR ( 'NONE', #1723, 1000.000000000000000 ) ;
#7237 = CARTESIAN_POINT ( 'NONE',  ( -577.4999999998082103, 0.000000000000000000, 141.4036976976981634 ) ) ;
#7238 = CYLINDRICAL_SURFACE ( 'NONE', #4457, 15.00000000000001421 ) ;
#7239 = VERTEX_POINT ( 'NONE', #8583 ) ;
#7240 = ORIENTED_EDGE ( 'NONE', *, *, #7170, .F. ) ;
#7241 = CARTESIAN_POINT ( 'NONE',  ( 347.9999999999997726, 6.825000000000000178, -366.8463023023020924 ) ) ;
#7242 = DIRECTION ( 'NONE',  ( 0.1971135719790600149, 0.000000000000000000, -0.9803806606322137407 ) ) ;
#7243 = FACE_OUTER_BOUND ( 'NONE', #1842, .T. ) ;
#7244 = DIRECTION ( 'NONE',  ( -3.700743415417185102E-14, 0.000000000000000000, 1.000000000000000000 ) ) ;
#7245 = EDGE_LOOP ( 'NONE', ( #7743, #2575, #2783, #2728 ) ) ;
#7246 = DIRECTION ( 'NONE',  ( -0.000000000000000000, 1.000000000000000000, 0.000000000000000000 ) ) ;
#7247 = VERTEX_POINT ( 'NONE', #6470 ) ;
#7248 = EDGE_CURVE ( 'NONE', #2458, #9420, #8315, .T. ) ;
#7249 = ORIENTED_EDGE ( 'NONE', *, *, #7636, .F. ) ;
#7250 = DIRECTION ( 'NONE',  ( 0.000000000000000000, 0.000000000000000000, -1.000000000000000000 ) ) ;
#7251 = ORIENTED_EDGE ( 'NONE', *, *, #3125, .T. ) ;
#7252 = CARTESIAN_POINT ( 'NONE',  ( -500.3809028824317693, 0.000000000000000000, -407.8210077650809922 ) ) ;
#7253 = DIRECTION ( 'NONE',  ( -1.000000000000000000, 0.000000000000000000, 0.000000000000000000 ) ) ;
#7254 = CARTESIAN_POINT ( 'NONE',  ( 465.4425222491566387, 0.000000000000000000, -378.6352311140408347 ) ) ;
#7255 = DIRECTION ( 'NONE',  ( -0.9803806606322126305, 0.000000000000000000, 0.1971135719790661489 ) ) ;
#7256 = ORIENTED_EDGE ( 'NONE', *, *, #2376, .T. ) ;
#7257 = EDGE_CURVE ( 'NONE', #7673, #1444, #5620, .T. ) ;
#7258 = ORIENTED_EDGE ( 'NONE', *, *, #7921, .F. ) ;
#7259 = DIRECTION ( 'NONE',  ( 0.000000000000000000, -1.000000000000000000, 0.000000000000000000 ) ) ;
#7260 = VERTEX_POINT ( 'NONE', #4820 ) ;
#7261 = DIRECTION ( 'NONE',  ( 0.000000000000000000, 0.000000000000000000, 1.000000000000000000 ) ) ;
#7262 = CYLINDRICAL_SURFACE ( 'NONE', #4955, 3.000000000000002665 ) ;
#7263 = AXIS2_PLACEMENT_3D ( 'NONE', #5202, #3750, #1302 ) ;
#7264 = LINE ( 'NONE', #8122, #9464 ) ;
#7265 = ORIENTED_EDGE ( 'NONE', *, *, #3934, .F. ) ;
#7266 = ORIENTED_EDGE ( 'NONE', *, *, #1850, .T. ) ;
#7267 = EDGE_CURVE ( 'NONE', #5698, #811, #7219, .T. ) ;
#7268 = DIRECTION ( 'NONE',  ( 0.000000000000000000, -1.000000000000000000, 0.000000000000000000 ) ) ;
#7269 = LINE ( 'NONE', #519, #470 ) ;
#7270 = VERTEX_POINT ( 'NONE', #4865 ) ;
#7271 = DIRECTION ( 'NONE',  ( 0.000000000000000000, -1.000000000000000000, 0.000000000000000000 ) ) ;
#7272 = LINE ( 'NONE', #8078, #3471 ) ;
#7273 = AXIS2_PLACEMENT_3D ( 'NONE', #481, #3573, #5785 ) ;
#7274 = CARTESIAN_POINT ( 'NONE',  ( 234.8307132664149606, 0.000000000000000000, -421.9415906884563015 ) ) ;
#7275 = ORIENTED_EDGE ( 'NONE', *, *, #8199, .T. ) ;
#7276 = AXIS2_PLACEMENT_3D ( 'NONE', #7693, #8610, #4585 ) ;
#7277 = CIRCLE ( 'NONE', #1525, 3.000000000000002665 ) ;
#7278 = CARTESIAN_POINT ( 'NONE',  ( 90.99999999999988631, 0.000000000000000000, -471.5963023023023766 ) ) ;
#7279 = CARTESIAN_POINT ( 'NONE',  ( 558.9999999998080966, -3.174999999999999822, -312.5963023023024334 ) ) ;
#7280 = CIRCLE ( 'NONE', #6490, 10.00000000000000888 ) ;
#7281 = ORIENTED_EDGE ( 'NONE', *, *, #42, .F. ) ;
#7282 = VECTOR ( 'NONE', #1628, 1000.000000000000000 ) ;
#7283 = EDGE_CURVE ( 'NONE', #2255, #7712, #3509, .T. ) ;
#7284 = ORIENTED_EDGE ( 'NONE', *, *, #2595, .T. ) ;
#7285 = EDGE_CURVE ( 'NONE', #8911, #2701, #9486, .T. ) ;
#7286 = VECTOR ( 'NONE', #2179, 1000.000000000000227 ) ;
#7287 = CARTESIAN_POINT ( 'NONE',  ( 290.9999999999997726, -3.174999999999999822, 132.9036976976976803 ) ) ;
#7288 = DIRECTION ( 'NONE',  ( 0.000000000000000000, 0.000000000000000000, 1.000000000000000000 ) ) ;
#7289 = DIRECTION ( 'NONE',  ( 0.000000000000000000, 0.000000000000000000, -1.000000000000000000 ) ) ;
#7290 = DIRECTION ( 'NONE',  ( 0.000000000000000000, -1.000000000000000000, 0.000000000000000000 ) ) ;
#7291 = ORIENTED_EDGE ( 'NONE', *, *, #4109, .T. ) ;
#7292 = CARTESIAN_POINT ( 'NONE',  ( 266.9291023034141404, -3.174999999999999822, -454.7584068233199446 ) ) ;
#7293 = ORIENTED_EDGE ( 'NONE', *, *, #697, .F. ) ;
#7294 = AXIS2_PLACEMENT_3D ( 'NONE', #2928, #531, #5833 ) ;
#7295 = AXIS2_PLACEMENT_3D ( 'NONE', #4830, #8077, #9397 ) ;
#7296 = EDGE_CURVE ( 'NONE', #946, #1974, #5716, .T. ) ;
#7297 = ORIENTED_EDGE ( 'NONE', *, *, #218, .F. ) ;
#7298 = LINE ( 'NONE', #9622, #3613 ) ;
#7299 = VERTEX_POINT ( 'NONE', #222 ) ;
#7300 = EDGE_CURVE ( 'NONE', #3454, #3033, #1161, .T. ) ;
#7301 = PLANE ( 'NONE',  #7892 ) ;
#7302 = CARTESIAN_POINT ( 'NONE',  ( 278.3046302863058372, -3.174999999999999822, -455.5312995134469247 ) ) ;
#7303 = CIRCLE ( 'NONE', #9398, 3.000000000000002665 ) ;
#7304 = DIRECTION ( 'NONE',  ( -0.000000000000000000, 1.000000000000000000, -0.000000000000000000 ) ) ;
#7305 = LINE ( 'NONE', #455, #1081 ) ;
#7306 = ORIENTED_EDGE ( 'NONE', *, *, #4724, .T. ) ;
#7307 = EDGE_LOOP ( 'NONE', ( #1928, #8466, #4402, #2605 ) ) ;
#7308 = CARTESIAN_POINT ( 'NONE',  ( -462.5013802672601742, 0.000000000000000000, -379.2265718299779564 ) ) ;
#7309 = AXIS2_PLACEMENT_3D ( 'NONE', #2794, #5849, #5097 ) ;
#7310 = EDGE_CURVE ( 'NONE', #5661, #3109, #4003, .T. ) ;
#7311 = VECTOR ( 'NONE', #3807, 1000.000000000000000 ) ;
#7312 = ORIENTED_EDGE ( 'NONE', *, *, #4355, .F. ) ;
#7314 = ADVANCED_FACE ( 'NONE', ( #3315 ), #965, .T. ) ;
#7313 = CARTESIAN_POINT ( 'NONE',  ( -267.5204430193515464, -3.174999999999999822, -457.6995488052165229 ) ) ;
#7315 = CARTESIAN_POINT ( 'NONE',  ( -348.0000000000000000, -3.174999999999999822, -372.3463023023023197 ) ) ;
#7316 = VECTOR ( 'NONE', #1978, 1000.000000000000000 ) ;
#7317 = ORIENTED_EDGE ( 'NONE', *, *, #6226, .T. ) ;
#7318 = FACE_OUTER_BOUND ( 'NONE', #956, .T. ) ;
#7319 = ORIENTED_EDGE ( 'NONE', *, *, #1828, .F. ) ;
#7320 = EDGE_LOOP ( 'NONE', ( #5373, #784, #2615, #7598 ) ) ;
#7321 = LINE ( 'NONE', #2809, #5906 ) ;
#7322 = CARTESIAN_POINT ( 'NONE',  ( -577.4999999998082103, 6.825000000000000178, -124.3463023023022629 ) ) ;
#7323 = AXIS2_PLACEMENT_3D ( 'NONE', #4599, #7760, #4704 ) ;
#7324 = ORIENTED_EDGE ( 'NONE', *, *, #4533, .F. ) ;
#7325 = ADVANCED_FACE ( 'NONE', ( #7077 ), #8630, .T. ) ;
#7326 = DIRECTION ( 'NONE',  ( 0.000000000000000000, 0.000000000000000000, 1.000000000000000000 ) ) ;
#7327 = FACE_OUTER_BOUND ( 'NONE', #8757, .T. ) ;
#7328 = CARTESIAN_POINT ( 'NONE',  ( -285.9999999999997726, 0.000000000000000000, 129.9036976976976803 ) ) ;
#7329 = ORIENTED_EDGE ( 'NONE', *, *, #7924, .T. ) ;
#7330 = CIRCLE ( 'NONE', #464, 2.749999999999974687 ) ;
#7331 = CARTESIAN_POINT ( 'NONE',  ( -402.0000000000000000, -3.174999999999999822, -366.8463023023023766 ) ) ;
#7332 = ADVANCED_FACE ( 'NONE', ( #2514 ), #7262, .F. ) ;
#7333 = CARTESIAN_POINT ( 'NONE',  ( 594.4999999998080966, -3.174999999999999822, -304.5963023023024334 ) ) ;
#7334 = CARTESIAN_POINT ( 'NONE',  ( 558.9999999998080966, 0.000000000000000000, 87.90369769769773711 ) ) ;
#7335 = EDGE_CURVE ( 'NONE', #9426, #5163, #1765, .T. ) ;
#7336 = ORIENTED_EDGE ( 'NONE', *, *, #6482, .F. ) ;
#7337 = CIRCLE ( 'NONE', #2862, 3.250000000000030642 ) ;
#7338 = VERTEX_POINT ( 'NONE', #2607 ) ;
#7339 = FACE_BOUND ( 'NONE', #13, .T. ) ;
#7340 = FACE_OUTER_BOUND ( 'NONE', #7320, .T. ) ;
#7341 = CARTESIAN_POINT ( 'NONE',  ( -577.4999999998082103, -3.174999999999999822, -124.3463023023022629 ) ) ;
#7342 = CARTESIAN_POINT ( 'NONE',  ( 288.9999999999997726, -3.174999999999999822, 132.9036976976976803 ) ) ;
#7343 = EDGE_CURVE ( 'NONE', #557, #5163, #6867, .T. ) ;
#7344 = ORIENTED_EDGE ( 'NONE', *, *, #4827, .T. ) ;
#7345 = LINE ( 'NONE', #3435, #8178 ) ;
#7346 = VERTEX_POINT ( 'NONE', #1855 ) ;
#7347 = ADVANCED_FACE ( 'NONE', ( #5515 ), #1810, .F. ) ;
#7348 = VECTOR ( 'NONE', #6540, 1000.000000000000000 ) ;
#7349 = AXIS2_PLACEMENT_3D ( 'NONE', #3806, #7653, #706 ) ;
#7350 = EDGE_LOOP ( 'NONE', ( #8121, #8040, #9794, #7319 ) ) ;
#7351 = LINE ( 'NONE', #1987, #7137 ) ;
#7352 = ORIENTED_EDGE ( 'NONE', *, *, #7728, .F. ) ;
#7353 = LINE ( 'NONE', #4293, #7570 ) ;
#7354 = LINE ( 'NONE', #7448, #2564 ) ;
#7356 = CARTESIAN_POINT ( 'NONE',  ( 93.99999999999990052, -3.174999999999999822, -471.5963023023023766 ) ) ;
#7355 = VECTOR ( 'NONE', #6868, 1000.000000000000000 ) ;
#7357 = FACE_OUTER_BOUND ( 'NONE', #5306, .T. ) ;
#7358 = EDGE_LOOP ( 'NONE', ( #1008, #8713, #1727, #2785 ) ) ;
#7359 = AXIS2_PLACEMENT_3D ( 'NONE', #1045, #7005, #4805 ) ;
#7360 = ORIENTED_EDGE ( 'NONE', *, *, #6805, .T. ) ;
#7361 = EDGE_CURVE ( 'NONE', #7371, #8003, #2068, .T. ) ;
#7362 = CARTESIAN_POINT ( 'NONE',  ( -462.5013802672601742, 0.000000000000000000, -376.2265718299779564 ) ) ;
#7363 = VERTEX_POINT ( 'NONE', #7315 ) ;
#7364 = AXIS2_PLACEMENT_3D ( 'NONE', #9318, #248, #3293 ) ;
#7365 = CARTESIAN_POINT ( 'NONE',  ( -557.5485770882340830, -3.174999999999999822, -347.3768998705955369 ) ) ;
#7366 = FACE_OUTER_BOUND ( 'NONE', #8864, .T. ) ;
#7367 = AXIS2_PLACEMENT_3D ( 'NONE', #1307, #4356, #9029 ) ;
#7368 = EDGE_CURVE ( 'NONE', #8674, #7146, #8264, .T. ) ;
#7369 = ORIENTED_EDGE ( 'NONE', *, *, #3374, .F. ) ;
#7370 = LINE ( 'NONE', #6771, #4015 ) ;
#7371 = VERTEX_POINT ( 'NONE', #2051 ) ;
#7372 = ORIENTED_EDGE ( 'NONE', *, *, #6652, .T. ) ;
#7373 = AXIS2_PLACEMENT_3D ( 'NONE', #4626, #2929, #1476 ) ;
#7374 = DIRECTION ( 'NONE',  ( 0.1971135719790633456, 0.000000000000000000, 0.9803806606322130746 ) ) ;
#7375 = DIRECTION ( 'NONE',  ( 0.000000000000000000, 0.000000000000000000, 1.000000000000000000 ) ) ;
#7376 = AXIS2_PLACEMENT_3D ( 'NONE', #8002, #9563, #348 ) ;
#7377 = ORIENTED_EDGE ( 'NONE', *, *, #7739, .F. ) ;
#7378 = CARTESIAN_POINT ( 'NONE',  ( 488.4999999998082103, -1.587499999999999467, 129.9456578061478922 ) ) ;
#7379 = CARTESIAN_POINT ( 'NONE',  ( 542.5486554916996056, 6.825000000000000178, -362.4253983016485563 ) ) ;
#7380 = ORIENTED_EDGE ( 'NONE', *, *, #252, .F. ) ;
#7381 = VECTOR ( 'NONE', #4978, 1000.000000000000000 ) ;
#7382 = CARTESIAN_POINT ( 'NONE',  ( -240.0697845216496660, -3.174999999999999822, -463.2187288206303037 ) ) ;
#7383 = CARTESIAN_POINT ( 'NONE',  ( -487.8901270580766436, -3.174999999999999822, -371.0619201906360445 ) ) ;
#7384 = ADVANCED_FACE ( 'NONE', ( #6668 ), #4352, .F. ) ;
#7385 = DIRECTION ( 'NONE',  ( -0.000000000000000000, 1.000000000000000000, -0.000000000000000000 ) ) ;
#7386 = VERTEX_POINT ( 'NONE', #463 ) ;
#7387 = ORIENTED_EDGE ( 'NONE', *, *, #6619, .T. ) ;
#7388 = CARTESIAN_POINT ( 'NONE',  ( 247.9128298067071796, -3.174999999999999822, -461.6418202447978842 ) ) ;
#7389 = DIRECTION ( 'NONE',  ( -0.000000000000000000, 1.000000000000000000, -0.000000000000000000 ) ) ;
#7390 = CIRCLE ( 'NONE', #1794, 3.000000000000002665 ) ;
#7391 = CARTESIAN_POINT ( 'NONE',  ( -597.4999999998082103, 0.000000000000000000, 151.4036976976976518 ) ) ;
#7392 = FACE_OUTER_BOUND ( 'NONE', #8470, .T. ) ;
#7393 = VERTEX_POINT ( 'NONE', #512 ) ;
#7394 = DIRECTION ( 'NONE',  ( 0.000000000000000000, 1.000000000000000000, 0.000000000000000000 ) ) ;
#7395 = ORIENTED_EDGE ( 'NONE', *, *, #2363, .F. ) ;
#7396 = EDGE_CURVE ( 'NONE', #1898, #1557, #4155, .T. ) ;
#7397 = ORIENTED_EDGE ( 'NONE', *, *, #986, .F. ) ;
#7398 = DIRECTION ( 'NONE',  ( 0.000000000000000000, -1.000000000000000000, 0.000000000000000000 ) ) ;
#7399 = ORIENTED_EDGE ( 'NONE', *, *, #1712, .T. ) ;
#7400 = DIRECTION ( 'NONE',  ( 0.000000000000000000, 0.000000000000000000, -1.000000000000000000 ) ) ;
#7401 = CARTESIAN_POINT ( 'NONE',  ( -211.6283709647891840, 0.000000000000000000, -458.7369886577428701 ) ) ;
#7402 = DIRECTION ( 'NONE',  ( -0.000000000000000000, 1.000000000000000000, -0.000000000000000000 ) ) ;
#7403 = DIRECTION ( 'NONE',  ( 0.000000000000000000, 0.000000000000000000, -1.000000000000000000 ) ) ;
#7404 = EDGE_LOOP ( 'NONE', ( #6817, #657, #7003, #8267 ) ) ;
#7405 = ORIENTED_EDGE ( 'NONE', *, *, #924, .F. ) ;
#7406 = DIRECTION ( 'NONE',  ( -0.000000000000000000, 1.000000000000000000, -0.000000000000000000 ) ) ;
#7407 = VERTEX_POINT ( 'NONE', #3508 ) ;
#7408 = CYLINDRICAL_SURFACE ( 'NONE', #8211, 10.00000000000000888 ) ;
#7409 = CARTESIAN_POINT ( 'NONE',  ( 597.4999999998080966, -3.174999999999999822, -374.9753774975062584 ) ) ;
#7410 = EDGE_CURVE ( 'NONE', #7994, #5344, #3832, .T. ) ;
#7411 = AXIS2_PLACEMENT_3D ( 'NONE', #3997, #1486, #5345 ) ;
#7412 = EDGE_CURVE ( 'NONE', #4271, #1050, #3556, .T. ) ;
#7413 = DIRECTION ( 'NONE',  ( -1.000000000000000000, 0.000000000000000000, -0.000000000000000000 ) ) ;
#7414 = ORIENTED_EDGE ( 'NONE', *, *, #4114, .T. ) ;
#7415 = FACE_OUTER_BOUND ( 'NONE', #8420, .T. ) ;
#7416 = ORIENTED_EDGE ( 'NONE', *, *, #5951, .T. ) ;
#7417 = ORIENTED_EDGE ( 'NONE', *, *, #5363, .T. ) ;
#7418 = CARTESIAN_POINT ( 'NONE',  ( -163.5746922328639528, -3.174999999999999822, -474.5963023023023197 ) ) ;
#7419 = DIRECTION ( 'NONE',  ( 0.000000000000000000, 0.000000000000000000, -1.000000000000000000 ) ) ;
#7420 = ORIENTED_EDGE ( 'NONE', *, *, #5186, .T. ) ;
#7421 = DIRECTION ( 'NONE',  ( 0.000000000000000000, 0.000000000000000000, 1.000000000000000000 ) ) ;
#7422 = DIRECTION ( 'NONE',  ( 0.000000000000000000, 0.000000000000000000, -1.000000000000000000 ) ) ;
#7423 = ORIENTED_EDGE ( 'NONE', *, *, #9224, .T. ) ;
#7424 = CARTESIAN_POINT ( 'NONE',  ( -597.4999999998082103, 0.000000000000000000, -276.5963023023022629 ) ) ;
#7425 = DIRECTION ( 'NONE',  ( -0.000000000000000000, 1.000000000000000000, -0.000000000000000000 ) ) ;
#7426 = EDGE_CURVE ( 'NONE', #6959, #3002, #3355, .T. ) ;
#7427 = FACE_OUTER_BOUND ( 'NONE', #4531, .T. ) ;
#7428 = EDGE_CURVE ( 'NONE', #2539, #1966, #7512, .T. ) ;
#7429 = EDGE_LOOP ( 'NONE', ( #4903, #3550, #7982, #4297 ) ) ;
#7430 = VERTEX_POINT ( 'NONE', #9683 ) ;
#7431 = EDGE_CURVE ( 'NONE', #9158, #5661, #5767, .T. ) ;
#7432 = CARTESIAN_POINT ( 'NONE',  ( 594.4999999998082103, 0.000000000000000000, 117.9036976976977371 ) ) ;
#7433 = DIRECTION ( 'NONE',  ( 0.000000000000000000, 0.000000000000000000, 1.000000000000000000 ) ) ;
#7434 = ADVANCED_FACE ( 'NONE', ( #5203 ), #5814, .F. ) ;
#7435 = CIRCLE ( 'NONE', #2000, 3.000000000000002665 ) ;
#7436 = EDGE_CURVE ( 'NONE', #8007, #8651, #6571, .T. ) ;
#7437 = CARTESIAN_POINT ( 'NONE',  ( -519.4999999998082103, -3.174999999999999822, 132.9036976976976803 ) ) ;
#7438 = LINE ( 'NONE', #4282, #7165 ) ;
#7439 = ORIENTED_EDGE ( 'NONE', *, *, #6196, .F. ) ;
#7440 = DIRECTION ( 'NONE',  ( 0.000000000000000000, 1.000000000000000000, -0.000000000000000000 ) ) ;
#7441 = ADVANCED_FACE ( 'NONE', ( #7366 ), #4255, .F. ) ;
#7442 = VECTOR ( 'NONE', #4281, 1000.000000000000000 ) ;
#7443 = AXIS2_PLACEMENT_3D ( 'NONE', #6088, #2535, #8647 ) ;
#7444 = ORIENTED_EDGE ( 'NONE', *, *, #9812, .T. ) ;
#7445 = CARTESIAN_POINT ( 'NONE',  ( -556.0419601082584222, -3.174999999999999822, -282.0963023023023197 ) ) ;
#7446 = ORIENTED_EDGE ( 'NONE', *, *, #3205, .F. ) ;
#7447 = DIRECTION ( 'NONE',  ( 0.000000000000000000, 1.000000000000000000, -0.000000000000000000 ) ) ;
#7448 = CARTESIAN_POINT ( 'NONE',  ( 594.4999999998082103, 0.000000000000000000, 117.9036976976977371 ) ) ;
#7449 = DIRECTION ( 'NONE',  ( 0.000000000000000000, 0.000000000000000000, 1.000000000000000000 ) ) ;
#7450 = CYLINDRICAL_SURFACE ( 'NONE', #913, 2.749999999999974687 ) ;
#7451 = ORIENTED_EDGE ( 'NONE', *, *, #1697, .T. ) ;
#7452 = CIRCLE ( 'NONE', #5375, 3.000000000000002665 ) ;
#7453 = EDGE_LOOP ( 'NONE', ( #8543, #8950, #2160, #5169 ) ) ;
#7454 = LINE ( 'NONE', #2189, #6692 ) ;
#7455 = ORIENTED_EDGE ( 'NONE', *, *, #3579, .T. ) ;
#7456 = EDGE_CURVE ( 'NONE', #8445, #304, #8305, .T. ) ;
#7457 = VECTOR ( 'NONE', #9304, 1000.000000000000000 ) ;
#7458 = DIRECTION ( 'NONE',  ( 0.000000000000000000, 0.000000000000000000, 1.000000000000000000 ) ) ;
#7459 = DIRECTION ( 'NONE',  ( -0.000000000000000000, 1.000000000000000000, -0.000000000000000000 ) ) ;
#7460 = DIRECTION ( 'NONE',  ( 0.000000000000000000, -1.000000000000000000, 0.000000000000000000 ) ) ;
#7461 = ORIENTED_EDGE ( 'NONE', *, *, #1082, .F. ) ;
#7462 = DIRECTION ( 'NONE',  ( 0.000000000000000000, 0.000000000000000000, -1.000000000000000000 ) ) ;
#7463 = VERTEX_POINT ( 'NONE', #8119 ) ;
#7464 = EDGE_CURVE ( 'NONE', #6785, #3810, #1255, .T. ) ;
#7465 = ORIENTED_EDGE ( 'NONE', *, *, #744, .T. ) ;
#7466 = AXIS2_PLACEMENT_3D ( 'NONE', #6210, #4054, #6907 ) ;
#7467 = CARTESIAN_POINT ( 'NONE',  ( -348.0000000000000000, 6.825000000000000178, -369.5963023023023197 ) ) ;
#7468 = EDGE_CURVE ( 'NONE', #8432, #1667, #4397, .T. ) ;
#7469 = DIRECTION ( 'NONE',  ( 0.000000000000000000, -1.000000000000000000, 0.000000000000000000 ) ) ;
#7470 = ORIENTED_EDGE ( 'NONE', *, *, #2807, .T. ) ;
#7471 = DIRECTION ( 'NONE',  ( -0.000000000000000000, 1.000000000000000000, -0.000000000000000000 ) ) ;
#7472 = VECTOR ( 'NONE', #8301, 1000.000000000000000 ) ;
#7473 = VECTOR ( 'NONE', #2090, 1000.000000000000227 ) ;
#7474 = DIRECTION ( 'NONE',  ( 0.000000000000000000, 0.000000000000000000, 1.000000000000000000 ) ) ;
#7475 = ORIENTED_EDGE ( 'NONE', *, *, #2063, .T. ) ;
#7476 = FACE_OUTER_BOUND ( 'NONE', #7953, .T. ) ;
#7477 = LINE ( 'NONE', #4468, #792 ) ;
#7478 = CIRCLE ( 'NONE', #3478, 3.000000000000002665 ) ;
#7479 = EDGE_CURVE ( 'NONE', #1966, #3887, #4304, .T. ) ;
#7480 = CARTESIAN_POINT ( 'NONE',  ( -573.5577285602269058, 0.000000000000000000, -355.3677642848621758 ) ) ;
#7481 = ORIENTED_EDGE ( 'NONE', *, *, #2665, .F. ) ;
#7482 = EDGE_CURVE ( 'NONE', #3109, #1840, #5909, .T. ) ;
#7483 = ORIENTED_EDGE ( 'NONE', *, *, #6036, .F. ) ;
#7484 = FACE_BOUND ( 'NONE', #9116, .T. ) ;
#7485 = AXIS2_PLACEMENT_3D ( 'NONE', #1658, #8472, #1608 ) ;
#7486 = CARTESIAN_POINT ( 'NONE',  ( 68.99999999999991473, 0.000000000000000000, -436.0963023023023766 ) ) ;
#7487 = AXIS2_PLACEMENT_3D ( 'NONE', #6290, #4833, #9355 ) ;
#7488 = LINE ( 'NONE', #3580, #6492 ) ;
#7489 = DIRECTION ( 'NONE',  ( 5.551115123125777653E-14, 0.000000000000000000, 1.000000000000000000 ) ) ;
#7490 = EDGE_CURVE ( 'NONE', #7080, #711, #7835, .T. ) ;
#7491 = EDGE_LOOP ( 'NONE', ( #3949, #3494, #3502, #8129 ) ) ;
#7492 = CARTESIAN_POINT ( 'NONE',  ( 260.4999999999997158, 0.000000000000000000, 129.9456578061478922 ) ) ;
#7493 = VECTOR ( 'NONE', #7576, 1000.000000000000000 ) ;
#7494 = AXIS2_PLACEMENT_3D ( 'NONE', #7322, #1212, #2716 ) ;
#7495 = ORIENTED_EDGE ( 'NONE', *, *, #9639, .F. ) ;
#7496 = DIRECTION ( 'NONE',  ( 0.000000000000000000, 1.000000000000000000, 0.000000000000000000 ) ) ;
#7497 = ORIENTED_EDGE ( 'NONE', *, *, #7699, .F. ) ;
#7498 = CARTESIAN_POINT ( 'NONE',  ( -558.9999999998083240, 0.000000000000000000, -312.5963023023023197 ) ) ;
#7499 = DIRECTION ( 'NONE',  ( -0.1971135719790638452, 0.000000000000000000, 0.9803806606322129635 ) ) ;
#7500 = LINE ( 'NONE', #546, #2031 ) ;
#7501 = VECTOR ( 'NONE', #6233, 1000.000000000000000 ) ;
#7502 = ORIENTED_EDGE ( 'NONE', *, *, #8770, .T. ) ;
#7503 = CARTESIAN_POINT ( 'NONE',  ( -542.6512624207499584, 0.000000000000000000, -394.1603608065973958 ) ) ;
#7504 = EDGE_CURVE ( 'NONE', #813, #8755, #3995, .T. ) ;
#7505 = EDGE_LOOP ( 'NONE', ( #3963, #2751, #7380, #8774 ) ) ;
#7506 = CARTESIAN_POINT ( 'NONE',  ( -402.0000000000000000, -3.174999999999999822, 106.4036976976978366 ) ) ;
#7507 = VERTEX_POINT ( 'NONE', #9125 ) ;
#7508 = AXIS2_PLACEMENT_3D ( 'NONE', #2369, #7127, #2469 ) ;
#7509 = AXIS2_PLACEMENT_3D ( 'NONE', #632, #4629, #2274 ) ;
#7510 = CARTESIAN_POINT ( 'NONE',  ( 90.99999999999988631, -3.174999999999999822, -471.5963023023023766 ) ) ;
#7511 = DIRECTION ( 'NONE',  ( 0.000000000000000000, 0.000000000000000000, 1.000000000000000000 ) ) ;
#7512 = CIRCLE ( 'NONE', #6554, 3.000000000000002665 ) ;
#7513 = DIRECTION ( 'NONE',  ( 0.000000000000000000, 0.000000000000000000, -1.000000000000000000 ) ) ;
#7514 = DIRECTION ( 'NONE',  ( 0.000000000000000000, 0.000000000000000000, -1.000000000000000000 ) ) ;
#7515 = ORIENTED_EDGE ( 'NONE', *, *, #7234, .T. ) ;
#7516 = DIRECTION ( 'NONE',  ( 0.9803806606322130746, 0.000000000000000000, -0.1971135719790633456 ) ) ;
#7517 = EDGE_LOOP ( 'NONE', ( #4538, #6898, #4427, #4607 ) ) ;
#7518 = VERTEX_POINT ( 'NONE', #8413 ) ;
#7519 = CYLINDRICAL_SURFACE ( 'NONE', #4038, 3.000000000000002665 ) ;
#7520 = AXIS2_PLACEMENT_3D ( 'NONE', #356, #3401, #3258 ) ;
#7521 = ADVANCED_FACE ( 'NONE', ( #6812 ), #2951, .F. ) ;
#7522 = ORIENTED_EDGE ( 'NONE', *, *, #5337, .F. ) ;
#7523 = VECTOR ( 'NONE', #7880, 1000.000000000000000 ) ;
#7524 = CYLINDRICAL_SURFACE ( 'NONE', #586, 3.000000000000002665 ) ;
#7525 = ADVANCED_FACE ( 'NONE', ( #7757 ), #1449, .F. ) ;
#7526 = COLOUR_RGB ( '',0.7921568627450980005, 0.8196078431372548767, 0.9333333333333333481 ) ;
#7527 = FACE_OUTER_BOUND ( 'NONE', #536, .T. ) ;
#7528 = ORIENTED_EDGE ( 'NONE', *, *, #70, .T. ) ;
#7529 = DIRECTION ( 'NONE',  ( -0.000000000000000000, -0.000000000000000000, -1.000000000000000000 ) ) ;
#7531 = FACE_BOUND ( 'NONE', #4012, .T. ) ;
#7530 = VECTOR ( 'NONE', #1283, 1000.000000000000227 ) ;
#7532 = DIRECTION ( 'NONE',  ( -1.000000000000000000, -0.000000000000000000, -0.000000000000000000 ) ) ;
#7533 = EDGE_CURVE ( 'NONE', #3633, #3041, #9117, .T. ) ;
#7534 = ORIENTED_EDGE ( 'NONE', *, *, #9775, .F. ) ;
#7535 = ORIENTED_EDGE ( 'NONE', *, *, #85, .T. ) ;
#7536 = CIRCLE ( 'NONE', #6101, 3.250000000000030642 ) ;
#7537 = FACE_BOUND ( 'NONE', #6573, .T. ) ;
#7538 = LINE ( 'NONE', #9853, #8450 ) ;
#7539 = EDGE_CURVE ( 'NONE', #7059, #6801, #1597, .T. ) ;
#7540 = EDGE_CURVE ( 'NONE', #6576, #6500, #6066, .T. ) ;
#7541 = DIRECTION ( 'NONE',  ( -1.000000000000000000, 0.000000000000000000, 7.209240419646269740E-17 ) ) ;
#7542 = DIRECTION ( 'NONE',  ( 0.000000000000000000, 0.000000000000000000, 1.000000000000000000 ) ) ;
#7543 = CARTESIAN_POINT ( 'NONE',  ( -465.1883494852929744, -3.174999999999999822, -417.9567951242134427 ) ) ;
#7544 = AXIS2_PLACEMENT_3D ( 'NONE', #1563, #122, #8482 ) ;
#7545 = ORIENTED_EDGE ( 'NONE', *, *, #4559, .T. ) ;
#7546 = LINE ( 'NONE', #9769, #1220 ) ;
#7547 = ORIENTED_EDGE ( 'NONE', *, *, #3138, .T. ) ;
#7548 = CIRCLE ( 'NONE', #7709, 3.000000000000002665 ) ;
#7549 = CARTESIAN_POINT ( 'NONE',  ( 257.9999999999997158, 0.000000000000000000, 168.4036976976977371 ) ) ;
#7550 = CARTESIAN_POINT ( 'NONE',  ( 237.3828153036166384, 0.000000000000000000, -421.4885055263948175 ) ) ;
#7551 = CARTESIAN_POINT ( 'NONE',  ( 463.4817609278922532, -3.174999999999999822, -379.0294582579990106 ) ) ;
#7552 = DIRECTION ( 'NONE',  ( -0.000000000000000000, -1.000000000000000000, -0.000000000000000000 ) ) ;
#7553 = ORIENTED_EDGE ( 'NONE', *, *, #8510, .T. ) ;
#7554 = LINE ( 'NONE', #3553, #9100 ) ;
#7555 = ORIENTED_EDGE ( 'NONE', *, *, #9530, .T. ) ;
#7556 = DIRECTION ( 'NONE',  ( 0.000000000000000000, 0.000000000000000000, 1.000000000000000000 ) ) ;
#7557 = ORIENTED_EDGE ( 'NONE', *, *, #6731, .T. ) ;
#7558 = DIRECTION ( 'NONE',  ( 0.000000000000000000, -1.000000000000000000, 0.000000000000000000 ) ) ;
#7559 = DIRECTION ( 'NONE',  ( -0.1971135719790633178, -0.000000000000000000, 0.9803806606322130746 ) ) ;
#7560 = CARTESIAN_POINT ( 'NONE',  ( -558.9999999998083240, 0.000000000000000000, -279.5963023023023197 ) ) ;
#7561 = PLANE ( 'NONE',  #8760 ) ;
#7562 = EDGE_CURVE ( 'NONE', #185, #6307, #3026, .T. ) ;
#7563 = ORIENTED_EDGE ( 'NONE', *, *, #6454, .T. ) ;
#7564 = DIRECTION ( 'NONE',  ( -0.000000000000000000, -1.000000000000000000, -0.000000000000000000 ) ) ;
#7565 = VERTEX_POINT ( 'NONE', #9072 ) ;
#7566 = EDGE_LOOP ( 'NONE', ( #3967, #6215, #3994, #3551 ) ) ;
#7567 = DIRECTION ( 'NONE',  ( 0.000000000000000000, 0.000000000000000000, 1.000000000000000000 ) ) ;
#7568 = ORIENTED_EDGE ( 'NONE', *, *, #1906, .T. ) ;
#7569 = DIRECTION ( 'NONE',  ( 0.000000000000000000, 0.000000000000000000, 1.000000000000000000 ) ) ;
#7570 = VECTOR ( 'NONE', #5144, 1000.000000000000000 ) ;
#7571 = EDGE_LOOP ( 'NONE', ( #7105, #568, #6012, #2798 ) ) ;
#7572 = DIRECTION ( 'NONE',  ( 0.000000000000000000, 0.000000000000000000, 1.000000000000000000 ) ) ;
#7573 = ADVANCED_FACE ( 'NONE', ( #2248 ), #9276, .F. ) ;
#7574 = CARTESIAN_POINT ( 'NONE',  ( 169.4999999999999147, 6.825000000000000178, -417.0963023023022060 ) ) ;
#7575 = ORIENTED_EDGE ( 'NONE', *, *, #8333, .T. ) ;
#7576 = DIRECTION ( 'NONE',  ( 0.000000000000000000, 1.000000000000000000, 0.000000000000000000 ) ) ;
#7577 = CARTESIAN_POINT ( 'NONE',  ( -277.7132895703687723, -3.174999999999999822, -455.5901575315501759 ) ) ;
#7578 = CARTESIAN_POINT ( 'NONE',  ( 290.9999999999998295, 0.000000000000000000, -374.9753774975062584 ) ) ;
#7579 = EDGE_LOOP ( 'NONE', ( #6624, #2005, #8035, #3895 ) ) ;
#7580 = ORIENTED_EDGE ( 'NONE', *, *, #9579, .T. ) ;
#7581 = DIRECTION ( 'NONE',  ( 0.000000000000000000, 0.000000000000000000, 1.000000000000000000 ) ) ;
#7582 = CARTESIAN_POINT ( 'NONE',  ( -163.5746922328639528, -3.174999999999999822, -474.5963023023023197 ) ) ;
#7583 = AXIS2_PLACEMENT_3D ( 'NONE', #5101, #7406, #2095 ) ;
#7584 = FACE_OUTER_BOUND ( 'NONE', #2406, .T. ) ;
#7585 = LINE ( 'NONE', #3685, #8929 ) ;
#7586 = CARTESIAN_POINT ( 'NONE',  ( 257.9999999999997158, 0.000000000000000000, 171.4036976976978508 ) ) ;
#7587 = ORIENTED_EDGE ( 'NONE', *, *, #7658, .T. ) ;
#7588 = VERTEX_POINT ( 'NONE', #6856 ) ;
#7589 = CARTESIAN_POINT ( 'NONE',  ( -63.00000000000001421, -3.174999999999999822, -474.5963023023023197 ) ) ;
#7590 = CARTESIAN_POINT ( 'NONE',  ( -577.4999999998082103, 0.000000000000000000, -73.09630230230229131 ) ) ;
#7591 = DIRECTION ( 'NONE',  ( 0.000000000000000000, -1.000000000000000000, 0.000000000000000000 ) ) ;
#7592 = CARTESIAN_POINT ( 'NONE',  ( -597.4999999998082103, -3.174999999999999822, 151.4036976976976518 ) ) ;
#7593 = ORIENTED_EDGE ( 'NONE', *, *, #4390, .F. ) ;
#7594 = VECTOR ( 'NONE', #9004, 1000.000000000000000 ) ;
#7596 = CARTESIAN_POINT ( 'NONE',  ( -490.9999999998082103, 0.000000000000000000, 132.9036976976976803 ) ) ;
#7595 = AXIS2_PLACEMENT_3D ( 'NONE', #3333, #9405, #7092 ) ;
#7597 = EDGE_CURVE ( 'NONE', #3461, #6874, #331, .T. ) ;
#7598 = ORIENTED_EDGE ( 'NONE', *, *, #2972, .F. ) ;
#7599 = DIRECTION ( 'NONE',  ( 0.000000000000000000, -1.000000000000000000, 0.000000000000000000 ) ) ;
#7600 = VERTEX_POINT ( 'NONE', #5355 ) ;
#7601 = DIRECTION ( 'NONE',  ( 0.000000000000000000, 0.000000000000000000, -1.000000000000000000 ) ) ;
#7602 = DIRECTION ( 'NONE',  ( -0.000000000000000000, 1.000000000000000000, -0.000000000000000000 ) ) ;
#7603 = LINE ( 'NONE', #753, #7311 ) ;
#7604 = FACE_OUTER_BOUND ( 'NONE', #6344, .T. ) ;
#7605 = VECTOR ( 'NONE', #7863, 1000.000000000000000 ) ;
#7606 = ORIENTED_EDGE ( 'NONE', *, *, #3488, .T. ) ;
#7607 = DIRECTION ( 'NONE',  ( 0.000000000000000000, -1.000000000000000000, 0.000000000000000000 ) ) ;
#7608 = ORIENTED_EDGE ( 'NONE', *, *, #7539, .F. ) ;
#7609 = EDGE_CURVE ( 'NONE', #2485, #4532, #6, .T. ) ;
#7610 = ORIENTED_EDGE ( 'NONE', *, *, #396, .F. ) ;
#7611 = ADVANCED_FACE ( 'NONE', ( #8365 ), #4597, .T. ) ;
#7612 = CARTESIAN_POINT ( 'NONE',  ( -492.5378575973738293, -3.174999999999999822, -409.3979163409134685 ) ) ;
#7613 = VECTOR ( 'NONE', #5870, 1000.000000000000000 ) ;
#7614 = ORIENTED_EDGE ( 'NONE', *, *, #447, .F. ) ;
#7615 = CARTESIAN_POINT ( 'NONE',  ( -485.9999999998082103, -3.174999999999999822, 171.4036976976978224 ) ) ;
#7616 = VERTEX_POINT ( 'NONE', #1649 ) ;
#7617 = DIRECTION ( 'NONE',  ( 0.000000000000000000, -1.000000000000000000, -0.000000000000000000 ) ) ;
#7618 = AXIS2_PLACEMENT_3D ( 'NONE', #4583, #9110, #9263 ) ;
#7619 = CARTESIAN_POINT ( 'NONE',  ( -71.00000000000002842, -3.174999999999999822, -471.5963023023023197 ) ) ;
#7620 = ORIENTED_EDGE ( 'NONE', *, *, #3108, .T. ) ;
#7621 = AXIS2_PLACEMENT_3D ( 'NONE', #9376, #4010, #9220 ) ;
#7622 = DIRECTION ( 'NONE',  ( 0.000000000000000000, -1.000000000000000000, 0.000000000000000000 ) ) ;
#7623 = FACE_BOUND ( 'NONE', #9235, .T. ) ;
#7624 = CARTESIAN_POINT ( 'NONE',  ( 93.99999999999985789, 0.000000000000000000, -436.0963023023023766 ) ) ;
#7625 = EDGE_CURVE ( 'NONE', #96, #393, #4500, .T. ) ;
#7626 = VECTOR ( 'NONE', #6200, 1000.000000000000000 ) ;
#7627 = ORIENTED_EDGE ( 'NONE', *, *, #4220, .T. ) ;
#7628 = VECTOR ( 'NONE', #5298, 1000.000000000000000 ) ;
#7629 = VERTEX_POINT ( 'NONE', #2998 ) ;
#7630 = CARTESIAN_POINT ( 'NONE',  ( -264.7405943225547844, 0.000000000000000000, -415.9707636219374081 ) ) ;
#7631 = CARTESIAN_POINT ( 'NONE',  ( 490.9999999998082103, -3.174999999999999822, 132.9036976976976803 ) ) ;
#7632 = LINE ( 'NONE', #3984, #6164 ) ;
#7633 = CARTESIAN_POINT ( 'NONE',  ( 238.3631959642488027, -3.174999999999999822, -424.2913919544157579 ) ) ;
#7634 = AXIS2_PLACEMENT_3D ( 'NONE', #5299, #7645, #8455 ) ;
#7635 = FACE_OUTER_BOUND ( 'NONE', #5321, .T. ) ;
#7636 = EDGE_CURVE ( 'NONE', #7144, #7346, #486, .T. ) ;
#7637 = EDGE_LOOP ( 'NONE', ( #996, #1257, #4357, #2942 ) ) ;
#7638 = ORIENTED_EDGE ( 'NONE', *, *, #371, .T. ) ;
#7639 = AXIS2_PLACEMENT_3D ( 'NONE', #7308, #4300, #1249 ) ;
#7640 = AXIS2_PLACEMENT_3D ( 'NONE', #330, #8928, #9733 ) ;
#7641 = EDGE_LOOP ( 'NONE', ( #1163, #215, #4954, #9788 ) ) ;
#7642 = LINE ( 'NONE', #9317, #8596 ) ;
#7643 = CARTESIAN_POINT ( 'NONE',  ( -511.4999999998082103, -3.174999999999999822, 168.4036976976977655 ) ) ;
#7644 = PLANE ( 'NONE',  #4238 ) ;
#7645 = DIRECTION ( 'NONE',  ( -0.000000000000000000, 1.000000000000000000, -0.000000000000000000 ) ) ;
#7646 = EDGE_CURVE ( 'NONE', #7068, #5053, #1440, .T. ) ;
#7647 = VERTEX_POINT ( 'NONE', #4651 ) ;
#7648 = CARTESIAN_POINT ( 'NONE',  ( 239.4784438057122884, -3.174999999999999822, -460.2775868387337255 ) ) ;
#7649 = VERTEX_POINT ( 'NONE', #2347 ) ;
#7650 = CARTESIAN_POINT ( 'NONE',  ( 464.5970087693556820, 0.000000000000000000, -415.0156531423169213 ) ) ;
#7651 = ORIENTED_EDGE ( 'NONE', *, *, #6590, .T. ) ;
#7652 = DIRECTION ( 'NONE',  ( 0.1971135719790633456, 0.000000000000000000, 0.9803806606322130746 ) ) ;
#7653 = DIRECTION ( 'NONE',  ( -0.000000000000000000, 1.000000000000000000, -0.000000000000000000 ) ) ;
#7654 = VECTOR ( 'NONE', #3409, 1000.000000000000000 ) ;
#7655 = CARTESIAN_POINT ( 'NONE',  ( -163.5995066845798078, 6.825000000000000178, -464.5963023023023197 ) ) ;
#7656 = DIRECTION ( 'NONE',  ( 0.000000000000000000, -1.000000000000000000, 0.000000000000000000 ) ) ;
#7657 = ORIENTED_EDGE ( 'NONE', *, *, #6400, .T. ) ;
#7658 = EDGE_CURVE ( 'NONE', #6648, #7801, #3052, .T. ) ;
#7659 = DIRECTION ( 'NONE',  ( 0.000000000000000000, -1.000000000000000000, 0.000000000000000000 ) ) ;
#7660 = ORIENTED_EDGE ( 'NONE', *, *, #1251, .F. ) ;
#7661 = ORIENTED_EDGE ( 'NONE', *, *, #9121, .F. ) ;
#7662 = LINE ( 'NONE', #9340, #5794 ) ;
#7663 = VECTOR ( 'NONE', #3825, 1000.000000000000000 ) ;
#7664 = ORIENTED_EDGE ( 'NONE', *, *, #5701, .T. ) ;
#7665 = AXIS2_PLACEMENT_3D ( 'NONE', #2759, #5107, #659 ) ;
#7666 = DIRECTION ( 'NONE',  ( -0.000000000000000000, -0.000000000000000000, 1.000000000000000000 ) ) ;
#7667 = ORIENTED_EDGE ( 'NONE', *, *, #2550, .T. ) ;
#7668 = DIRECTION ( 'NONE',  ( -0.000000000000000000, -1.000000000000000000, -0.000000000000000000 ) ) ;
#7669 = CARTESIAN_POINT ( 'NONE',  ( 577.4999999998079829, 6.825000000000000178, -121.5963023023017797 ) ) ;
#7670 = ADVANCED_FACE ( 'NONE', ( #103 ), #6107, .T. ) ;
#7671 = CARTESIAN_POINT ( 'NONE',  ( 193.9659574756199447, 0.000000000000000000, -446.9879823279454740 ) ) ;
#7672 = VECTOR ( 'NONE', #7666, 1000.000000000000000 ) ;
#7673 = VERTEX_POINT ( 'NONE', #8668 ) ;
#7674 = ADVANCED_FACE ( 'NONE', ( #7960 ), #5607, .F. ) ;
#7675 = CARTESIAN_POINT ( 'NONE',  ( 594.4999999998082103, -3.174999999999999822, 120.9036976976977371 ) ) ;
#7676 = DIRECTION ( 'NONE',  ( 0.000000000000000000, 0.000000000000000000, 1.000000000000000000 ) ) ;
#7677 = DIRECTION ( 'NONE',  ( 0.000000000000000000, 0.000000000000000000, 1.000000000000000000 ) ) ;
#7678 = ORIENTED_EDGE ( 'NONE', *, *, #5576, .T. ) ;
#7679 = AXIS2_PLACEMENT_3D ( 'NONE', #532, #7389, #5690 ) ;
#7680 = CARTESIAN_POINT ( 'NONE',  ( 552.4999999998077556, 6.825000000000000178, 156.4036976976983340 ) ) ;
#7681 = CARTESIAN_POINT ( 'NONE',  ( -587.4999999998082103, 0.000000000000000000, 131.4036976976977655 ) ) ;
#7682 = CYLINDRICAL_SURFACE ( 'NONE', #2968, 3.000000000000002665 ) ;
#7683 = DIRECTION ( 'NONE',  ( 2.109170134115681985E-16, 0.000000000000000000, 1.000000000000000000 ) ) ;
#7684 = ORIENTED_EDGE ( 'NONE', *, *, #7410, .T. ) ;
#7685 = AXIS2_PLACEMENT_3D ( 'NONE', #5771, #608, #8931 ) ;
#7686 = ADVANCED_FACE ( 'NONE', ( #4854 ), #5653, .F. ) ;
#7687 = DIRECTION ( 'NONE',  ( 0.000000000000000000, 0.000000000000000000, 1.000000000000000000 ) ) ;
#7688 = VERTEX_POINT ( 'NONE', #157 ) ;
#7689 = ORIENTED_EDGE ( 'NONE', *, *, #9787, .F. ) ;
#7690 = VECTOR ( 'NONE', #8905, 1000.000000000000000 ) ;
#7691 = ORIENTED_EDGE ( 'NONE', *, *, #8428, .F. ) ;
#7692 = CYLINDRICAL_SURFACE ( 'NONE', #4859, 14.99999999999998579 ) ;
#7693 = CARTESIAN_POINT ( 'NONE',  ( -555.9999999998083240, 0.000000000000000000, 117.9036976976977371 ) ) ;
#7694 = DIRECTION ( 'NONE',  ( -0.000000000000000000, 1.000000000000000000, -0.000000000000000000 ) ) ;
#7695 = ORIENTED_EDGE ( 'NONE', *, *, #5461, .T. ) ;
#7696 = EDGE_CURVE ( 'NONE', #1699, #5039, #7866, .T. ) ;
#7697 = AXIS2_PLACEMENT_3D ( 'NONE', #7379, #2919, #4270 ) ;
#7698 = VERTEX_POINT ( 'NONE', #8619 ) ;
#7699 = EDGE_CURVE ( 'NONE', #4863, #155, #6313, .T. ) ;
#7700 = CARTESIAN_POINT ( 'NONE',  ( 514.4999999998079829, 0.000000000000000000, 168.4036976976977087 ) ) ;
#7701 = ORIENTED_EDGE ( 'NONE', *, *, #8275, .F. ) ;
#7702 = AXIS2_PLACEMENT_3D ( 'NONE', #321, #227, #1859 ) ;
#7703 = CARTESIAN_POINT ( 'NONE',  ( 267.7746157832152676, 0.000000000000000000, -418.3779847950438580 ) ) ;
#7704 = DIRECTION ( 'NONE',  ( 0.000000000000000000, 0.000000000000000000, 1.000000000000000000 ) ) ;
#7705 = DIRECTION ( 'NONE',  ( 0.000000000000000000, -1.000000000000000000, 0.000000000000000000 ) ) ;
#7706 = FACE_OUTER_BOUND ( 'NONE', #5474, .T. ) ;
#7707 = VERTEX_POINT ( 'NONE', #211 ) ;
#7708 = EDGE_LOOP ( 'NONE', ( #5893, #5892, #5961, #7752 ) ) ;
#7709 = AXIS2_PLACEMENT_3D ( 'NONE', #5266, #2256, #4509 ) ;
#7710 = DIRECTION ( 'NONE',  ( 0.000000000000000000, -1.000000000000000000, -0.000000000000000000 ) ) ;
#7711 = CIRCLE ( 'NONE', #1638, 2.749999999999974687 ) ;
#7712 = VERTEX_POINT ( 'NONE', #2450 ) ;
#7713 = ORIENTED_EDGE ( 'NONE', *, *, #6637, .F. ) ;
#7714 = CARTESIAN_POINT ( 'NONE',  ( -462.4085007884963829, 0.000000000000000000, -376.2280099409343848 ) ) ;
#7715 = EDGE_LOOP ( 'NONE', ( #3957, #5353, #9239, #5055 ) ) ;
#7716 = ADVANCED_FACE ( 'NONE', ( #308 ), #1149, .F. ) ;
#7717 = FACE_OUTER_BOUND ( 'NONE', #6325, .T. ) ;
#7718 = ORIENTED_EDGE ( 'NONE', *, *, #8029, .T. ) ;
#7719 = ADVANCED_FACE ( 'NONE', ( #4754 ), #4948, .F. ) ;
#7720 = CARTESIAN_POINT ( 'NONE',  ( -536.5661783410145063, 0.000000000000000000, -578.5672799582423522 ) ) ;
#7721 = CARTESIAN_POINT ( 'NONE',  ( -208.6716673851032624, 0.000000000000000000, -444.0312787482596946 ) ) ;
#7722 = CARTESIAN_POINT ( 'NONE',  ( -145.5000000000000000, -3.174999999999999822, -417.0963023023023197 ) ) ;
#7723 = ORIENTED_EDGE ( 'NONE', *, *, #3783, .F. ) ;
#7724 = CARTESIAN_POINT ( 'NONE',  ( -163.5995066845798078, 6.825000000000000178, -450.0775332806431379 ) ) ;
#7725 = CARTESIAN_POINT ( 'NONE',  ( 145.4999999999998863, 6.825000000000000178, -417.0963023023022060 ) ) ;
#7726 = CIRCLE ( 'NONE', #9019, 3.000000000000002665 ) ;
#7727 = CARTESIAN_POINT ( 'NONE',  ( 221.4321775711112821, -3.174999999999999822, -466.7658529379523316 ) ) ;
#7728 = EDGE_CURVE ( 'NONE', #6138, #9165, #7047, .T. ) ;
#7729 = EDGE_CURVE ( 'NONE', #8054, #6940, #8485, .T. ) ;
#7730 = ORIENTED_EDGE ( 'NONE', *, *, #4150, .F. ) ;
#7731 = CARTESIAN_POINT ( 'NONE',  ( -581.4422714393892875, -3.174999999999999822, -394.5829907101505114 ) ) ;
#7732 = CARTESIAN_POINT ( 'NONE',  ( 552.4999999998076419, 0.000000000000000000, 161.4036976976977371 ) ) ;
#7733 = CARTESIAN_POINT ( 'NONE',  ( 169.4999999999999147, 6.825000000000000178, -420.3463023023022629 ) ) ;
#7734 = LINE ( 'NONE', #2379, #1694 ) ;
#7735 = CARTESIAN_POINT ( 'NONE',  ( -594.4999999998082103, -3.174999999999999822, -307.5963023023023197 ) ) ;
#7736 = ORIENTED_EDGE ( 'NONE', *, *, #6438, .T. ) ;
#7737 = CYLINDRICAL_SURFACE ( 'NONE', #3857, 3.000000000000002665 ) ;
#7738 = EDGE_CURVE ( 'NONE', #1756, #1720, #2644, .T. ) ;
#7739 = EDGE_CURVE ( 'NONE', #8737, #776, #9454, .T. ) ;
#7740 = CARTESIAN_POINT ( 'NONE',  ( -100.0000000000000142, 0.000000000000000000, -471.5963023023023197 ) ) ;
#7741 = EDGE_CURVE ( 'NONE', #67, #5325, #4898, .T. ) ;
#7742 = ORIENTED_EDGE ( 'NONE', *, *, #7738, .T. ) ;
#7743 = ORIENTED_EDGE ( 'NONE', *, *, #7234, .F. ) ;
#7744 = EDGE_CURVE ( 'NONE', #6957, #4156, #6264, .T. ) ;
#7745 = AXIS2_PLACEMENT_3D ( 'NONE', #2674, #6688, #2822 ) ;
#7746 = EDGE_CURVE ( 'NONE', #565, #2330, #1277, .T. ) ;
#7747 = VERTEX_POINT ( 'NONE', #4149 ) ;
#7748 = DIRECTION ( 'NONE',  ( 0.000000000000000000, 0.000000000000000000, 1.000000000000000000 ) ) ;
#7749 = PLANE ( 'NONE',  #6256 ) ;
#7750 = DIRECTION ( 'NONE',  ( -1.000000000000000000, 0.000000000000000000, 7.209240419646269740E-17 ) ) ;
#7751 = LINE ( 'NONE', #886, #3801 ) ;
#7752 = ORIENTED_EDGE ( 'NONE', *, *, #7216, .F. ) ;
#7753 = ORIENTED_EDGE ( 'NONE', *, *, #8354, .F. ) ;
#7754 = CARTESIAN_POINT ( 'NONE',  ( 62.99999999999991473, 0.000000000000000000, -474.5963023023023766 ) ) ;
#7755 = ORIENTED_EDGE ( 'NONE', *, *, #8584, .F. ) ;
#7756 = DIRECTION ( 'NONE',  ( 0.000000000000000000, 1.000000000000000000, 0.000000000000000000 ) ) ;
#7757 = FACE_OUTER_BOUND ( 'NONE', #3065, .T. ) ;
#7758 = AXIS2_PLACEMENT_3D ( 'NONE', #7278, #2821, #8037 ) ;
#7759 = FACE_OUTER_BOUND ( 'NONE', #1189, .T. ) ;
#7760 = DIRECTION ( 'NONE',  ( -0.000000000000000000, 1.000000000000000000, -0.000000000000000000 ) ) ;
#7761 = ORIENTED_EDGE ( 'NONE', *, *, #3492, .F. ) ;
#7762 = VECTOR ( 'NONE', #2439, 1000.000000000000000 ) ;
#7763 = ORIENTED_EDGE ( 'NONE', *, *, #1717, .T. ) ;
#7764 = DIRECTION ( 'NONE',  ( -3.700743415417185102E-14, 0.000000000000000000, 1.000000000000000000 ) ) ;
#7765 = ORIENTED_EDGE ( 'NONE', *, *, #9096, .T. ) ;
#7766 = VECTOR ( 'NONE', #3147, 1000.000000000000000 ) ;
#7767 = EDGE_LOOP ( 'NONE', ( #6526, #6923, #7265, #4358 ) ) ;
#7768 = DIRECTION ( 'NONE',  ( 0.000000000000000000, -1.000000000000000000, 0.000000000000000000 ) ) ;
#7769 = VECTOR ( 'NONE', #9778, 1000.000000000000227 ) ;
#7770 = ADVANCED_FACE ( 'NONE', ( #8009 ), #2498, .F. ) ;
#7771 = EDGE_LOOP ( 'NONE', ( #1877, #8723, #5270, #5800 ) ) ;
#7772 = VECTOR ( 'NONE', #3126, 1000.000000000000000 ) ;
#7773 = CARTESIAN_POINT ( 'NONE',  ( -516.9999999998083240, -1.587499999999999467, 129.9456578061478638 ) ) ;
#7774 = ORIENTED_EDGE ( 'NONE', *, *, #4821, .T. ) ;
#7775 = DIRECTION ( 'NONE',  ( 0.000000000000000000, -1.000000000000000000, 0.000000000000000000 ) ) ;
#7776 = CYLINDRICAL_SURFACE ( 'NONE', #2662, 3.000000000000002665 ) ;
#7777 = EDGE_CURVE ( 'NONE', #1330, #6422, #1763, .T. ) ;
#7778 = DIRECTION ( 'NONE',  ( -0.000000000000000000, 1.000000000000000000, -0.000000000000000000 ) ) ;
#7779 = VERTEX_POINT ( 'NONE', #8250 ) ;
#7780 = ADVANCED_FACE ( 'NONE', ( #6510 ), #5000, .F. ) ;
#7781 = DIRECTION ( 'NONE',  ( 0.000000000000000000, -1.000000000000000000, 0.000000000000000000 ) ) ;
#7782 = VECTOR ( 'NONE', #871, 1000.000000000000114 ) ;
#7783 = VECTOR ( 'NONE', #1122, 1000.000000000000000 ) ;
#7784 = DIRECTION ( 'NONE',  ( -1.000000000000000000, 0.000000000000000000, 0.000000000000000000 ) ) ;
#7785 = CARTESIAN_POINT ( 'NONE',  ( -581.4422714393892875, -3.174999999999999822, -394.5829907101505114 ) ) ;
#7786 = ORIENTED_EDGE ( 'NONE', *, *, #5440, .T. ) ;
#7787 = EDGE_CURVE ( 'NONE', #690, #3710, #9674, .T. ) ;
#7788 = CARTESIAN_POINT ( 'NONE',  ( -558.9999999998083240, -3.174999999999999822, -284.5963023023023197 ) ) ;
#7789 = VECTOR ( 'NONE', #2487, 1000.000000000000000 ) ;
#7790 = CIRCLE ( 'NONE', #3464, 10.00000000000000888 ) ;
#7791 = DIRECTION ( 'NONE',  ( 0.000000000000000000, 0.000000000000000000, -1.000000000000000000 ) ) ;
#7792 = CARTESIAN_POINT ( 'NONE',  ( -490.9999999998082103, 0.000000000000000000, 129.9036976976976803 ) ) ;
#7793 = CARTESIAN_POINT ( 'NONE',  ( -254.9999999999996589, -3.174999999999999822, 171.4036976976977655 ) ) ;
#7794 = CYLINDRICAL_SURFACE ( 'NONE', #4462, 2.750000000000030198 ) ;
#7795 = CARTESIAN_POINT ( 'NONE',  ( -475.3811960363102003, -3.174999999999999822, -412.8474038505471526 ) ) ;
#7796 = EDGE_CURVE ( 'NONE', #7943, #5593, #4633, .T. ) ;
#7797 = DIRECTION ( 'NONE',  ( 0.000000000000000000, 0.000000000000000000, -1.000000000000000000 ) ) ;
#7798 = CIRCLE ( 'NONE', #9080, 2.750000000000030198 ) ;
#7799 = EDGE_CURVE ( 'NONE', #3233, #8248, #4245, .T. ) ;
#7800 = AXIS2_PLACEMENT_3D ( 'NONE', #6586, #4219, #9074 ) ;
#7801 = VERTEX_POINT ( 'NONE', #5095 ) ;
#7802 = ORIENTED_EDGE ( 'NONE', *, *, #5887, .T. ) ;
#7803 = CYLINDRICAL_SURFACE ( 'NONE', #7411, 3.000000000000002665 ) ;
#7804 = LINE ( 'NONE', #1640, #187 ) ;
#7805 = EDGE_CURVE ( 'NONE', #5039, #6991, #5602, .T. ) ;
#7806 = CARTESIAN_POINT ( 'NONE',  ( 275.3634883044091453, 0.000000000000000000, -456.1226402293841033 ) ) ;
#7807 = CARTESIAN_POINT ( 'NONE',  ( -100.0000000000000142, -3.174999999999999822, -436.0963023023023766 ) ) ;
#7808 = ORIENTED_EDGE ( 'NONE', *, *, #3395, .F. ) ;
#7809 = CIRCLE ( 'NONE', #9094, 3.000000000000002665 ) ;
#7810 = VERTEX_POINT ( 'NONE', #7401 ) ;
#7811 = DIRECTION ( 'NONE',  ( -1.000000000000000000, 0.000000000000000000, 0.000000000000000000 ) ) ;
#7812 = ORIENTED_EDGE ( 'NONE', *, *, #6831, .T. ) ;
#7813 = CARTESIAN_POINT ( 'NONE',  ( 577.4999999998079829, 6.825000000000000178, -70.34630230230182235 ) ) ;
#7814 = DIRECTION ( 'NONE',  ( -0.000000000000000000, 1.000000000000000000, -0.000000000000000000 ) ) ;
#7815 = DIRECTION ( 'NONE',  ( 0.000000000000000000, 0.000000000000000000, 1.000000000000000000 ) ) ;
#7816 = CARTESIAN_POINT ( 'NONE',  ( -163.5995066845798078, -3.174999999999999822, -464.5963023023023197 ) ) ;
#7817 = EDGE_LOOP ( 'NONE', ( #4748, #6332, #854, #1041 ) ) ;
#7818 = AXIS2_PLACEMENT_3D ( 'NONE', #8257, #8212, #6807 ) ;
#7819 = VECTOR ( 'NONE', #7231, 1000.000000000000000 ) ;
#7820 = EDGE_LOOP ( 'NONE', ( #4286, #5869, #7451, #8497 ) ) ;
#7821 = EDGE_LOOP ( 'NONE', ( #7312, #8210, #8612, #9898 ) ) ;
#7822 = ADVANCED_FACE ( 'NONE', ( #8155 ), #8913, .F. ) ;
#7823 = ORIENTED_EDGE ( 'NONE', *, *, #4004, .F. ) ;
#7824 = DIRECTION ( 'NONE',  ( 0.000000000000000000, 0.000000000000000000, 1.000000000000000000 ) ) ;
#7825 = ORIENTED_EDGE ( 'NONE', *, *, #1835, .T. ) ;
#7826 = AXIS2_PLACEMENT_3D ( 'NONE', #1119, #8787, #4215 ) ;
#7827 = FACE_OUTER_BOUND ( 'NONE', #2795, .T. ) ;
#7828 = DIRECTION ( 'NONE',  ( 0.000000000000000000, -1.000000000000000000, 0.000000000000000000 ) ) ;
#7829 = LINE ( 'NONE', #2567, #1288 ) ;
#7830 = VERTEX_POINT ( 'NONE', #9720 ) ;
#7831 = CIRCLE ( 'NONE', #9597, 3.000000000000002665 ) ;
#7832 = CARTESIAN_POINT ( 'NONE',  ( -577.4999999998082103, 0.000000000000000000, -347.3768998705970148 ) ) ;
#7833 = ADVANCED_FACE ( 'NONE', ( #2042 ), #543, .T. ) ;
#7834 = PLANE ( 'NONE',  #959 ) ;
#7835 = CIRCLE ( 'NONE', #1431, 3.000000000000002665 ) ;
#7836 = DIRECTION ( 'NONE',  ( 0.000000000000000000, 0.000000000000000000, 1.000000000000000000 ) ) ;
#7837 = ORIENTED_EDGE ( 'NONE', *, *, #3492, .T. ) ;
#7838 = LINE ( 'NONE', #6235, #2163 ) ;
#7839 = VECTOR ( 'NONE', #6327, 1000.000000000000000 ) ;
#7840 = VECTOR ( 'NONE', #3165, 1000.000000000000000 ) ;
#7841 = CYLINDRICAL_SURFACE ( 'NONE', #2814, 3.000000000000002665 ) ;
#7842 = FACE_OUTER_BOUND ( 'NONE', #1284, .T. ) ;
#7843 = AXIS2_PLACEMENT_3D ( 'NONE', #3547, #5753, #4385 ) ;
#7844 = CARTESIAN_POINT ( 'NONE',  ( 264.8334738013186325, -3.174999999999999822, -415.9693255109810366 ) ) ;
#7845 = FACE_OUTER_BOUND ( 'NONE', #2994, .T. ) ;
#7846 = DIRECTION ( 'NONE',  ( 0.000000000000000000, 0.000000000000000000, 1.000000000000000000 ) ) ;
#7847 = CARTESIAN_POINT ( 'NONE',  ( -282.9999999999997158, -3.174999999999999822, 171.4036976976977655 ) ) ;
#7848 = EDGE_CURVE ( 'NONE', #7801, #2996, #3590, .T. ) ;
#7849 = DIRECTION ( 'NONE',  ( 0.000000000000000000, -1.000000000000000000, 0.000000000000000000 ) ) ;
#7850 = CIRCLE ( 'NONE', #3523, 3.000000000000002665 ) ;
#7851 = ORIENTED_EDGE ( 'NONE', *, *, #636, .T. ) ;
#7852 = ADVANCED_FACE ( 'NONE', ( #6656 ), #453, .F. ) ;
#7853 = ORIENTED_EDGE ( 'NONE', *, *, #4408, .T. ) ;
#7854 = EDGE_CURVE ( 'NONE', #8932, #2492, #2089, .T. ) ;
#7855 = AXIS2_PLACEMENT_3D ( 'NONE', #6860, #8319, #1454 ) ;
#7856 = LINE ( 'NONE', #7944, #6511 ) ;
#7857 = DIRECTION ( 'NONE',  ( 0.000000000000000000, 0.000000000000000000, 1.000000000000000000 ) ) ;
#7858 = PLANE ( 'NONE',  #880 ) ;
#7859 = DIRECTION ( 'NONE',  ( 0.000000000000000000, 0.000000000000000000, -1.000000000000000000 ) ) ;
#7860 = VERTEX_POINT ( 'NONE', #8205 ) ;
#7861 = EDGE_CURVE ( 'NONE', #3450, #6785, #3446, .T. ) ;
#7862 = EDGE_LOOP ( 'NONE', ( #8857, #442, #520, #7761 ) ) ;
#7863 = DIRECTION ( 'NONE',  ( 0.000000000000000000, -1.000000000000000000, -0.000000000000000000 ) ) ;
#7864 = ORIENTED_EDGE ( 'NONE', *, *, #603, .F. ) ;
#7865 = DIRECTION ( 'NONE',  ( -0.000000000000000000, 1.000000000000000000, -0.000000000000000000 ) ) ;
#7866 = LINE ( 'NONE', #1799, #3032 ) ;
#7867 = DIRECTION ( 'NONE',  ( -0.1971135719790632623, 0.000000000000000000, 0.9803806606322131856 ) ) ;
#7868 = CARTESIAN_POINT ( 'NONE',  ( 577.4999999998079829, -3.174999999999999822, -124.3463023023018081 ) ) ;
#7869 = ORIENTED_EDGE ( 'NONE', *, *, #3649, .F. ) ;
#7870 = AXIS2_PLACEMENT_3D ( 'NONE', #8279, #2017, #7422 ) ;
#7871 = ORIENTED_EDGE ( 'NONE', *, *, #2707, .F. ) ;
#7872 = ORIENTED_EDGE ( 'NONE', *, *, #8270, .F. ) ;
#7873 = DIRECTION ( 'NONE',  ( 0.000000000000000000, 0.000000000000000000, 1.000000000000000000 ) ) ;
#7874 = ORIENTED_EDGE ( 'NONE', *, *, #5153, .F. ) ;
#7876 = EDGE_CURVE ( 'NONE', #2025, #1848, #9610, .T. ) ;
#7875 = CARTESIAN_POINT ( 'NONE',  ( 577.4999999998079829, -3.174999999999999822, -67.59630230230179393 ) ) ;
#7877 = DIRECTION ( 'NONE',  ( 0.000000000000000000, 0.000000000000000000, 1.000000000000000000 ) ) ;
#7878 = VECTOR ( 'NONE', #7268, 1000.000000000000000 ) ;
#7879 = EDGE_CURVE ( 'NONE', #3354, #225, #7354, .T. ) ;
#7880 = DIRECTION ( 'NONE',  ( 0.000000000000000000, -1.000000000000000000, 0.000000000000000000 ) ) ;
#7881 = VERTEX_POINT ( 'NONE', #592 ) ;
#7882 = DIRECTION ( 'NONE',  ( 0.000000000000000000, -1.000000000000000000, 0.000000000000000000 ) ) ;
#7883 = DIRECTION ( 'NONE',  ( 1.000000000000000000, -0.000000000000000000, -0.000000000000000000 ) ) ;
#7884 = DIRECTION ( 'NONE',  ( 0.000000000000000000, -1.000000000000000000, 0.000000000000000000 ) ) ;
#7885 = ORIENTED_EDGE ( 'NONE', *, *, #4081, .T. ) ;
#7886 = DIRECTION ( 'NONE',  ( -0.000000000000000000, 1.000000000000000000, -0.000000000000000000 ) ) ;
#7887 = CARTESIAN_POINT ( 'NONE',  ( 516.9999999998080966, 0.000000000000000000, 129.9456578061478638 ) ) ;
#7888 = FACE_OUTER_BOUND ( 'NONE', #7049, .T. ) ;
#7889 = DIRECTION ( 'NONE',  ( 0.000000000000000000, 0.000000000000000000, 1.000000000000000000 ) ) ;
#7890 = VERTEX_POINT ( 'NONE', #1943 ) ;
#7891 = CARTESIAN_POINT ( 'NONE',  ( -581.4422714393892875, 0.000000000000000000, -394.5829907101505114 ) ) ;
#7892 = AXIS2_PLACEMENT_3D ( 'NONE', #4199, #401, #6509 ) ;
#7893 = LINE ( 'NONE', #7847, #5755 ) ;
#7894 = DIRECTION ( 'NONE',  ( -1.000000000000000000, 0.000000000000000000, 7.209240419646269740E-17 ) ) ;
#7895 = EDGE_CURVE ( 'NONE', #5089, #3290, #2745, .T. ) ;
#7896 = ORIENTED_EDGE ( 'NONE', *, *, #4342, .F. ) ;
#7897 = ORIENTED_EDGE ( 'NONE', *, *, #3038, .T. ) ;
#7898 = VECTOR ( 'NONE', #5846, 1000.000000000000000 ) ;
#7899 = CARTESIAN_POINT ( 'NONE',  ( 278.3046302863058372, 0.000000000000000000, -455.5312995134469247 ) ) ;
#7900 = DIRECTION ( 'NONE',  ( 0.000000000000000000, -1.000000000000000000, 0.000000000000000000 ) ) ;
#7901 = DIRECTION ( 'NONE',  ( -0.000000000000000000, 1.000000000000000000, -0.000000000000000000 ) ) ;
#7902 = LINE ( 'NONE', #3391, #5724 ) ;
#7903 = VERTEX_POINT ( 'NONE', #9626 ) ;
#7904 = VERTEX_POINT ( 'NONE', #6706 ) ;
#7905 = DIRECTION ( 'NONE',  ( 0.000000000000000000, 0.000000000000000000, 1.000000000000000000 ) ) ;
#7906 = EDGE_LOOP ( 'NONE', ( #8483, #6557, #2049, #3106 ) ) ;
#7907 = DIRECTION ( 'NONE',  ( 0.000000000000000000, 0.000000000000000000, 1.000000000000000000 ) ) ;
#7908 = DIRECTION ( 'NONE',  ( -0.000000000000000000, 1.000000000000000000, -0.000000000000000000 ) ) ;
#7909 = DIRECTION ( 'NONE',  ( 0.000000000000000000, 0.000000000000000000, 1.000000000000000000 ) ) ;
#7910 = CARTESIAN_POINT ( 'NONE',  ( 235.4220539823521676, -3.174999999999999822, -424.8827326703529934 ) ) ;
#7911 = ORIENTED_EDGE ( 'NONE', *, *, #2053, .T. ) ;
#7912 = ORIENTED_EDGE ( 'NONE', *, *, #1305, .T. ) ;
#7913 = PRODUCT ( 'SF50 Galley Floor v03 CC Lic', 'SF50 Galley Floor v03 CC Lic', '', ( #3221 ) ) ;
#7914 = ORIENTED_EDGE ( 'NONE', *, *, #2233, .F. ) ;
#7915 = ADVANCED_FACE ( 'NONE', ( #5804 ), #9772, .F. ) ;
#7916 = DIRECTION ( 'NONE',  ( -0.000000000000000000, 1.000000000000000000, -0.000000000000000000 ) ) ;
#7917 = ORIENTED_EDGE ( 'NONE', *, *, #5733, .F. ) ;
#7918 = DIRECTION ( 'NONE',  ( 0.000000000000000000, 0.000000000000000000, 1.000000000000000000 ) ) ;
#7919 = DIRECTION ( 'NONE',  ( 0.000000000000000000, 0.000000000000000000, 1.000000000000000000 ) ) ;
#7920 = VECTOR ( 'NONE', #2226, 1000.000000000000000 ) ;
#7921 = EDGE_CURVE ( 'NONE', #2112, #6103, #3739, .T. ) ;
#7922 = CARTESIAN_POINT ( 'NONE',  ( 401.9999999999994884, -3.174999999999999822, 106.4036976976980640 ) ) ;
#7923 = ORIENTED_EDGE ( 'NONE', *, *, #6786, .T. ) ;
#7924 = EDGE_CURVE ( 'NONE', #1898, #2351, #3843, .T. ) ;
#7925 = DIRECTION ( 'NONE',  ( 0.000000000000000000, -1.000000000000000000, 0.000000000000000000 ) ) ;
#7926 = DIRECTION ( 'NONE',  ( -1.389466186326396811E-15, 0.000000000000000000, 1.000000000000000000 ) ) ;
#7927 = AXIS2_PLACEMENT_3D ( 'NONE', #6983, #191, #5483 ) ;
#7928 = LINE ( 'NONE', #3978, #7987 ) ;
#7929 = AXIS2_PLACEMENT_3D ( 'NONE', #1664, #3167, #6225 ) ;
#7930 = EDGE_LOOP ( 'NONE', ( #4494, #9201, #8082, #400 ) ) ;
#7931 = CARTESIAN_POINT ( 'NONE',  ( 556.0419601082581949, 0.000000000000000000, -310.0963023023024334 ) ) ;
#7932 = DIRECTION ( 'NONE',  ( 0.000000000000000000, -1.000000000000000000, 0.000000000000000000 ) ) ;
#7933 = CARTESIAN_POINT ( 'NONE',  ( -290.9999999999997726, 0.000000000000000000, 168.4036976976977655 ) ) ;
#7934 = LINE ( 'NONE', #4077, #8185 ) ;
#7935 = ORIENTED_EDGE ( 'NONE', *, *, #5219, .F. ) ;
#7936 = CARTESIAN_POINT ( 'NONE',  ( -577.4999999998082103, 0.000000000000000000, -127.0963023023022913 ) ) ;
#7937 = CARTESIAN_POINT ( 'NONE',  ( -145.5000000000000000, 0.000000000000000000, -417.0963023023023197 ) ) ;
#7938 = ADVANCED_FACE ( 'NONE', ( #3037 ), #5243, .T. ) ;
#7939 = FACE_OUTER_BOUND ( 'NONE', #4067, .T. ) ;
#7940 = VECTOR ( 'NONE', #3180, 1000.000000000000000 ) ;
#7941 = ORIENTED_EDGE ( 'NONE', *, *, #6762, .T. ) ;
#7942 = AXIS2_PLACEMENT_3D ( 'NONE', #1024, #6435, #1070 ) ;
#7943 = VERTEX_POINT ( 'NONE', #8353 ) ;
#7944 = CARTESIAN_POINT ( 'NONE',  ( -402.0000000000000000, 6.825000000000000178, 109.1536976976978082 ) ) ;
#7945 = CARTESIAN_POINT ( 'NONE',  ( -558.9999999998083240, 0.000000000000000000, -282.5963023023023197 ) ) ;
#7946 = CARTESIAN_POINT ( 'NONE',  ( 145.4999999999998863, 6.825000000000000178, -417.0963023023022060 ) ) ;
#7947 = CARTESIAN_POINT ( 'NONE',  ( -514.4999999998082103, 0.000000000000000000, 168.4036976976977655 ) ) ;
#7948 = EDGE_LOOP ( 'NONE', ( #7249, #5332, #2018, #3211 ) ) ;
#7949 = EDGE_CURVE ( 'NONE', #130, #1710, #5392, .T. ) ;
#7950 = DIRECTION ( 'NONE',  ( 0.000000000000000000, -1.000000000000000000, 0.000000000000000000 ) ) ;
#7951 = VECTOR ( 'NONE', #6314, 1000.000000000000114 ) ;
#7952 = ADVANCED_FACE ( 'NONE', ( #3087 ), #4486, .F. ) ;
#7953 = EDGE_LOOP ( 'NONE', ( #7874, #4761, #7446, #4484 ) ) ;
#7954 = AXIS2_PLACEMENT_3D ( 'NONE', #1754, #1006, #6364 ) ;
#7955 = DIRECTION ( 'NONE',  ( 0.000000000000000000, 0.000000000000000000, 1.000000000000000000 ) ) ;
#7956 = ORIENTED_EDGE ( 'NONE', *, *, #6068, .F. ) ;
#7957 = AXIS2_PLACEMENT_3D ( 'NONE', #2645, #8867, #1991 ) ;
#7959 = ADVANCED_FACE ( 'NONE', ( #9915 ), #2182, .T. ) ;
#7958 = LINE ( 'NONE', #1003, #2608 ) ;
#7960 = FACE_OUTER_BOUND ( 'NONE', #1830, .T. ) ;
#7961 = CARTESIAN_POINT ( 'NONE',  ( -555.9999999998083240, -3.174999999999999822, -279.5963023023023197 ) ) ;
#7962 = DIRECTION ( 'NONE',  ( 0.000000000000000000, -1.000000000000000000, 0.000000000000000000 ) ) ;
#7963 = ORIENTED_EDGE ( 'NONE', *, *, #3429, .F. ) ;
#7964 = MANIFOLD_SOLID_BREP ( 'Fillet5', #1692 ) ;
#7965 = AXIS2_PLACEMENT_3D ( 'NONE', #8611, #5600, #8754 ) ;
#7966 = ORIENTED_EDGE ( 'NONE', *, *, #8027, .T. ) ;
#7967 = DIRECTION ( 'NONE',  ( 0.000000000000000000, -1.000000000000000000, 0.000000000000000000 ) ) ;
#7968 = EDGE_CURVE ( 'NONE', #9038, #1988, #337, .T. ) ;
#7969 = VERTEX_POINT ( 'NONE', #1487 ) ;
#7970 = AXIS2_PLACEMENT_3D ( 'NONE', #9779, #5198, #4540 ) ;
#7971 = CYLINDRICAL_SURFACE ( 'NONE', #5736, 3.000000000000002665 ) ;
#7972 = DIRECTION ( 'NONE',  ( -0.9803806606322130746, 0.000000000000000000, 0.1971135719790633178 ) ) ;
#7973 = VECTOR ( 'NONE', #3279, 1000.000000000000000 ) ;
#7974 = EDGE_CURVE ( 'NONE', #9502, #798, #2283, .T. ) ;
#7975 = EDGE_CURVE ( 'NONE', #785, #7080, #6944, .T. ) ;
#7976 = FACE_OUTER_BOUND ( 'NONE', #4707, .T. ) ;
#7977 = VERTEX_POINT ( 'NONE', #7550 ) ;
#7978 = DIRECTION ( 'NONE',  ( 0.000000000000000000, -0.000000000000000000, 1.000000000000000000 ) ) ;
#7979 = CARTESIAN_POINT ( 'NONE',  ( 597.4999999998082103, -3.174999999999999822, 131.4036976976981634 ) ) ;
#7980 = AXIS2_PLACEMENT_3D ( 'NONE', #365, #6469, #4864 ) ;
#7981 = DIRECTION ( 'NONE',  ( -0.1971135719790632623, 0.000000000000000000, 0.9803806606322131856 ) ) ;
#7982 = ORIENTED_EDGE ( 'NONE', *, *, #9552, .T. ) ;
#7983 = PLANE ( 'NONE',  #3939 ) ;
#7984 = DIRECTION ( 'NONE',  ( 0.000000000000000000, 0.000000000000000000, 1.000000000000000000 ) ) ;
#7985 = DIRECTION ( 'NONE',  ( 0.000000000000000000, 0.000000000000000000, 1.000000000000000000 ) ) ;
#7986 = ADVANCED_FACE ( 'NONE', ( #694 ), #6043, .F. ) ;
#7987 = VECTOR ( 'NONE', #5425, 1000.000000000000000 ) ;
#7988 = DIRECTION ( 'NONE',  ( 0.000000000000000000, 0.000000000000000000, 1.000000000000000000 ) ) ;
#7989 = VERTEX_POINT ( 'NONE', #4535 ) ;
#7990 = CARTESIAN_POINT ( 'NONE',  ( 522.4999999998082103, -3.174999999999999822, 171.4036976976977087 ) ) ;
#7991 = DIRECTION ( 'NONE',  ( 0.000000000000000000, 0.000000000000000000, 1.000000000000000000 ) ) ;
#7992 = VECTOR ( 'NONE', #6488, 1000.000000000000000 ) ;
#7993 = VERTEX_POINT ( 'NONE', #7590 ) ;
#7994 = VERTEX_POINT ( 'NONE', #1532 ) ;
#7995 = AXIS2_PLACEMENT_3D ( 'NONE', #2705, #8065, #6720 ) ;
#7996 = DIRECTION ( 'NONE',  ( 0.000000000000000000, -1.000000000000000000, 0.000000000000000000 ) ) ;
#7997 = PLANE ( 'NONE',  #1769 ) ;
#7998 = ADVANCED_FACE ( 'NONE', ( #4584 ), #787, .F. ) ;
#7999 = CARTESIAN_POINT ( 'NONE',  ( -237.3828153036167237, 0.000000000000000000, -424.4885055263947038 ) ) ;
#8000 = CARTESIAN_POINT ( 'NONE',  ( -493.1291983133110080, -3.174999999999999822, -412.3390583228101605 ) ) ;
#8001 = ORIENTED_EDGE ( 'NONE', *, *, #1618, .T. ) ;
#8002 = CARTESIAN_POINT ( 'NONE',  ( -594.4999999998082103, 0.000000000000000000, -315.5963023023023197 ) ) ;
#8003 = VERTEX_POINT ( 'NONE', #9466 ) ;
#8004 = AXIS2_PLACEMENT_3D ( 'NONE', #6414, #9520, #6361 ) ;
#8005 = EDGE_LOOP ( 'NONE', ( #8793, #8999, #2023, #4222, #4496, #2338, #9630, #7206, #4770, #238, #7251, #7297, #3965, #6734, #3525, #8676, #4257, #3737, #3531, #7664, #5447, #5615, #1473, #2150, #615, #4433, #7215, #2826, #3481, #5068, #7414, #1236, #1759, #7397, #3261, #3778, #6009, #8759, #6956, #5915, #1033, #910, #6493, #8172, #5138, #3063, #9600, #8075, #4508, #6378, #9754, #8883, #4935, #4759, #8242, #1105, #8909, #3575, #8877, #2890, #1490, #6879, #6178, #4549, #6287, #6634, #2887, #9782, #7151, #9227, #3561, #5963, #3890, #3103, #735, #7416, #4665, #724, #220, #1647, #3595, #3075, #1068, #9431, #7638, #9216, #9085, #6124, #3791, #4404, #461, #5351, #9222, #4490, #5517, #1484, #196, #5150, #5460, #5123, #2652, #3083, #217, #7555, #6110, #4740, #8234, #1588, #3586, #5273, #8451, #7483, #313, #2557, #5172, #5359, #1762, #406, #7660, #2633, #1594, #8063, #31, #8522, #3858, #9322, #8419, #3777, #3191, #516, #3657, #4645, #8627, #6834, #5252, #7528, #9062, #610, #7763, #4678, #6815, #7360, #5694, #8246, #7689, #10, #3940, #8350, #5862, #2087, #8309, #3082, #7120, #7071, #4745, #78, #72, #559, #8665, #7691, #3004, #3166, #4557, #7823, #2311, #1792, #7608, #5556, #6794, #6661, #509, #7786, #9528, #3903, #3868, #7444, #5401, #5812, #1739, #4350, #4333, #136, #4998, #3736, #8571, #8458, #3190, #1260, #2850, #1814, #9548, #2138, #4802, #6916, #9258, #3308, #1023, #6614, #5838, #327, #1381, #7765, #7154, #4788, #6187, #1168, #7701, #232, #7941, #8139, #8624, #8163, #8971, #5797, #818, #8196, #5640, #3068, #879, #8869, #3908, #3202, #6763, #4811, #1686, #2447, #5999, #9523, #8091, #9512, #7851, #416, #2864, #5118, #3671, #1061, #9658, #243, #9576, #4816, #8137, #3253, #5300, #6772, #2824, #4885, #116, #1404, #7667, #4710, #9745, #9718, #5748, #3758 ) ) ;
#8006 = CARTESIAN_POINT ( 'NONE',  ( -542.4999999998080966, -3.174999999999999822, 161.4036976976977655 ) ) ;
#8007 = VERTEX_POINT ( 'NONE', #2629 ) ;
#8008 = FACE_OUTER_BOUND ( 'NONE', #5216, .T. ) ;
#8009 = FACE_OUTER_BOUND ( 'NONE', #8852, .T. ) ;
#8010 = CIRCLE ( 'NONE', #7364, 3.000000000000002665 ) ;
#8011 = EDGE_CURVE ( 'NONE', #2936, #619, #8010, .T. ) ;
#8012 = CARTESIAN_POINT ( 'NONE',  ( -288.4999999999997726, -3.174999999999999822, 129.9456578061478922 ) ) ;
#8013 = CARTESIAN_POINT ( 'NONE',  ( -500.9722435983688911, 0.000000000000000000, -410.7621497469776273 ) ) ;
#8014 = EDGE_LOOP ( 'NONE', ( #1530, #5130, #4016, #8332 ) ) ;
#8015 = AXIS2_PLACEMENT_3D ( 'NONE', #9588, #1258, #2910 ) ;
#8016 = DIRECTION ( 'NONE',  ( 0.000000000000000000, 0.000000000000000000, 1.000000000000000000 ) ) ;
#8017 = DIRECTION ( 'NONE',  ( -7.265493787950902600E-16, 0.000000000000000000, 1.000000000000000000 ) ) ;
#8018 = ORIENTED_EDGE ( 'NONE', *, *, #3835, .F. ) ;
#8019 = AXIS2_PLACEMENT_3D ( 'NONE', #2382, #929, #7687 ) ;
#8020 = CARTESIAN_POINT ( 'NONE',  ( 556.0419601082581949, -1.587499999999999467, 115.4036976976977371 ) ) ;
#8021 = CARTESIAN_POINT ( 'NONE',  ( -103.0000000000000284, -3.174999999999999822, -471.5963023023023197 ) ) ;
#8022 = DIRECTION ( 'NONE',  ( -0.000000000000000000, 1.000000000000000000, -0.000000000000000000 ) ) ;
#8023 = ORIENTED_EDGE ( 'NONE', *, *, #4589, .F. ) ;
#8024 = ORIENTED_EDGE ( 'NONE', *, *, #8885, .T. ) ;
#8026 = CARTESIAN_POINT ( 'NONE',  ( 597.4999999998082103, 6.825000000000000178, -347.3768998705953663 ) ) ;
#8025 = AXIS2_PLACEMENT_3D ( 'NONE', #1616, #7778, #6872 ) ;
#8027 = EDGE_CURVE ( 'NONE', #2920, #3678, #970, .T. ) ;
#8028 = CARTESIAN_POINT ( 'NONE',  ( -348.0000000000000000, -3.174999999999999822, -369.5963023023023197 ) ) ;
#8029 = EDGE_CURVE ( 'NONE', #9028, #7194, #342, .T. ) ;
#8030 = VECTOR ( 'NONE', #9230, 1000.000000000000000 ) ;
#8031 = VERTEX_POINT ( 'NONE', #2541 ) ;
#8032 = DIRECTION ( 'NONE',  ( 0.000000000000000000, 0.000000000000000000, 1.000000000000000000 ) ) ;
#8033 = DIRECTION ( 'NONE',  ( 0.1971135719790618190, 0.000000000000000000, -0.9803806606322132966 ) ) ;
#8034 = DIRECTION ( 'NONE',  ( 0.000000000000000000, 0.000000000000000000, -1.000000000000000000 ) ) ;
#8035 = ORIENTED_EDGE ( 'NONE', *, *, #8862, .F. ) ;
#8036 = ADVANCED_FACE ( 'NONE', ( #3998 ), #2438, .F. ) ;
#8037 = DIRECTION ( 'NONE',  ( 0.000000000000000000, 0.000000000000000000, 1.000000000000000000 ) ) ;
#8038 = EDGE_CURVE ( 'NONE', #4196, #6155, #8506, .T. ) ;
#8039 = CARTESIAN_POINT ( 'NONE',  ( -63.00000000000001421, 0.000000000000000000, -474.5963023023023197 ) ) ;
#8040 = ORIENTED_EDGE ( 'NONE', *, *, #8027, .F. ) ;
#8041 = VERTEX_POINT ( 'NONE', #296 ) ;
#8042 = DIRECTION ( 'NONE',  ( 0.000000000000000000, 0.000000000000000000, 1.000000000000000000 ) ) ;
#8043 = DIRECTION ( 'NONE',  ( 0.000000000000000000, 0.000000000000000000, -1.000000000000000000 ) ) ;
#8044 = AXIS2_PLACEMENT_3D ( 'NONE', #4052, #7159, #1192 ) ;
#8045 = DIRECTION ( 'NONE',  ( -0.000000000000000000, 1.000000000000000000, -0.000000000000000000 ) ) ;
#8046 = CYLINDRICAL_SURFACE ( 'NONE', #9417, 3.000000000000002665 ) ;
#8047 = VERTEX_POINT ( 'NONE', #1689 ) ;
#8048 = DIRECTION ( 'NONE',  ( -0.000000000000000000, 1.000000000000000000, -0.000000000000000000 ) ) ;
#8049 = ORIENTED_EDGE ( 'NONE', *, *, #8095, .T. ) ;
#8050 = EDGE_CURVE ( 'NONE', #8750, #4354, #8330, .T. ) ;
#8051 = AXIS2_PLACEMENT_3D ( 'NONE', #3136, #8400, #3192 ) ;
#8052 = ORIENTED_EDGE ( 'NONE', *, *, #5553, .F. ) ;
#8053 = CARTESIAN_POINT ( 'NONE',  ( -71.00000000000005684, 0.000000000000000000, -374.9753774975062584 ) ) ;
#8054 = VERTEX_POINT ( 'NONE', #3388 ) ;
#8055 = CYLINDRICAL_SURFACE ( 'NONE', #8044, 10.00000000000000888 ) ;
#8056 = CARTESIAN_POINT ( 'NONE',  ( 597.4999999998080966, -3.174999999999999822, -374.9753774975062584 ) ) ;
#8057 = CARTESIAN_POINT ( 'NONE',  ( 594.4999999998080966, 0.000000000000000000, -304.5963023023024334 ) ) ;
#8058 = LINE ( 'NONE', #9676, #129 ) ;
#8059 = VERTEX_POINT ( 'NONE', #9416 ) ;
#8060 = LINE ( 'NONE', #6713, #417 ) ;
#8061 = LINE ( 'NONE', #5811, #2686 ) ;
#8062 = ADVANCED_FACE ( 'NONE', ( #7197 ), #7749, .F. ) ;
#8063 = ORIENTED_EDGE ( 'NONE', *, *, #9033, .T. ) ;
#8064 = DIRECTION ( 'NONE',  ( -0.000000000000000000, 1.000000000000000000, 0.000000000000000000 ) ) ;
#8065 = DIRECTION ( 'NONE',  ( -0.000000000000000000, -1.000000000000000000, -0.000000000000000000 ) ) ;
#8066 = AXIS2_PLACEMENT_3D ( 'NONE', #3287, #7849, #6102 ) ;
#8067 = EDGE_CURVE ( 'NONE', #4047, #6464, #8820, .T. ) ;
#8068 = ORIENTED_EDGE ( 'NONE', *, *, #8613, .T. ) ;
#8069 = CARTESIAN_POINT ( 'NONE',  ( 65.99999999999990052, 0.000000000000000000, -433.0963023023023766 ) ) ;
#8070 = ORIENTED_EDGE ( 'NONE', *, *, #346, .T. ) ;
#8071 = ORIENTED_EDGE ( 'NONE', *, *, #226, .F. ) ;
#8072 = EDGE_CURVE ( 'NONE', #3710, #2092, #7804, .T. ) ;
#8073 = PLANE ( 'NONE',  #5313 ) ;
#8074 = LINE ( 'NONE', #8882, #1579 ) ;
#8075 = ORIENTED_EDGE ( 'NONE', *, *, #4193, .F. ) ;
#8076 = EDGE_CURVE ( 'NONE', #6615, #2356, #3341, .T. ) ;
#8077 = DIRECTION ( 'NONE',  ( 0.000000000000000000, -1.000000000000000000, 0.000000000000000000 ) ) ;
#8078 = CARTESIAN_POINT ( 'NONE',  ( -191.0092538959341084, 6.825000000000000178, -432.2822724184624690 ) ) ;
#8079 = EDGE_CURVE ( 'NONE', #4656, #6866, #5546, .T. ) ;
#8080 = VECTOR ( 'NONE', #6442, 1000.000000000000114 ) ;
#8081 = PLANE ( 'NONE',  #990 ) ;
#8082 = ORIENTED_EDGE ( 'NONE', *, *, #1519, .T. ) ;
#8083 = AXIS2_PLACEMENT_3D ( 'NONE', #3571, #3620, #2772 ) ;
#8084 = AXIS2_PLACEMENT_3D ( 'NONE', #7946, #4186, #7289 ) ;
#8085 = CARTESIAN_POINT ( 'NONE',  ( 102.9999999999999005, 0.000000000000000000, -474.5963023023023766 ) ) ;
#8086 = AXIS2_PLACEMENT_3D ( 'NONE', #7650, #842, #5400 ) ;
#8087 = CARTESIAN_POINT ( 'NONE',  ( -597.4999999998082103, 0.000000000000000000, 151.4036976976976518 ) ) ;
#8088 = CYLINDRICAL_SURFACE ( 'NONE', #7745, 2.749999999999974687 ) ;
#8089 = AXIS2_PLACEMENT_3D ( 'NONE', #8920, #2699, #9524 ) ;
#8090 = ORIENTED_EDGE ( 'NONE', *, *, #206, .F. ) ;
#8091 = ORIENTED_EDGE ( 'NONE', *, *, #7335, .F. ) ;
#8092 = CIRCLE ( 'NONE', #2811, 10.00000000000000888 ) ;
#8093 = CARTESIAN_POINT ( 'NONE',  ( 169.4999999999999147, -3.174999999999999822, -420.3463023023022629 ) ) ;
#8094 = DIRECTION ( 'NONE',  ( -0.1971135719790623186, 0.000000000000000000, 0.9803806606322131856 ) ) ;
#8095 = EDGE_CURVE ( 'NONE', #6918, #4609, #8164, .T. ) ;
#8096 = CARTESIAN_POINT ( 'NONE',  ( 577.4999999998080966, -3.174999999999999822, 171.4036976976977087 ) ) ;
#8097 = DIRECTION ( 'NONE',  ( 0.000000000000000000, 0.000000000000000000, 1.000000000000000000 ) ) ;
#8098 = ORIENTED_EDGE ( 'NONE', *, *, #398, .F. ) ;
#8099 = CARTESIAN_POINT ( 'NONE',  ( -558.9999999998083240, 0.000000000000000000, 86.90369769769773711 ) ) ;
#8100 = ORIENTED_EDGE ( 'NONE', *, *, #4521, .T. ) ;
#8101 = CIRCLE ( 'NONE', #8908, 2.749999999999974687 ) ;
#8102 = EDGE_LOOP ( 'NONE', ( #1876, #7935, #8918, #6544 ) ) ;
#8103 = EDGE_CURVE ( 'NONE', #6155, #8828, #6081, .T. ) ;
#8104 = CARTESIAN_POINT ( 'NONE',  ( -462.5013802672601742, -3.174999999999999822, -376.2265718299779564 ) ) ;
#8105 = VERTEX_POINT ( 'NONE', #884 ) ;
#8106 = CARTESIAN_POINT ( 'NONE',  ( -597.4999999998082103, -3.174999999999999822, -337.3768998705954800 ) ) ;
#8107 = DIRECTION ( 'NONE',  ( -0.000000000000000000, -1.000000000000000000, -0.000000000000000000 ) ) ;
#8108 = VECTOR ( 'NONE', #8607, 1000.000000000000000 ) ;
#8109 = LINE ( 'NONE', #3548, #6989 ) ;
#8110 = LINE ( 'NONE', #5945, #4115 ) ;
#8111 = CIRCLE ( 'NONE', #8917, 10.00000000000000888 ) ;
#8112 = ORIENTED_EDGE ( 'NONE', *, *, #7396, .F. ) ;
#8113 = ORIENTED_EDGE ( 'NONE', *, *, #6630, .T. ) ;
#8114 = DIRECTION ( 'NONE',  ( 0.000000000000000000, 0.000000000000000000, 1.000000000000000000 ) ) ;
#8115 = AXIS2_PLACEMENT_3D ( 'NONE', #1387, #1294, #4345 ) ;
#8116 = CIRCLE ( 'NONE', #9246, 3.000000000000002665 ) ;
#8117 = VERTEX_POINT ( 'NONE', #4088 ) ;
#8118 = CARTESIAN_POINT ( 'NONE',  ( 516.9999999998080966, -1.587499999999999467, 129.9456578061478638 ) ) ;
#8119 = CARTESIAN_POINT ( 'NONE',  ( -594.4999999998082103, -3.174999999999999822, -279.5963023023023197 ) ) ;
#8120 = EDGE_CURVE ( 'NONE', #166, #4847, #6399, .T. ) ;
#8121 = ORIENTED_EDGE ( 'NONE', *, *, #9561, .F. ) ;
#8122 = CARTESIAN_POINT ( 'NONE',  ( 490.9999999998081535, 0.000000000000000000, -374.9753774975062584 ) ) ;
#8123 = ORIENTED_EDGE ( 'NONE', *, *, #8576, .F. ) ;
#8124 = EDGE_LOOP ( 'NONE', ( #8398, #9123, #1316, #6140 ) ) ;
#8125 = LINE ( 'NONE', #9492, #3351 ) ;
#8126 = CARTESIAN_POINT ( 'NONE',  ( 558.9999999998080966, 0.000000000000000000, 86.90369769769773711 ) ) ;
#8127 = AXIS2_PLACEMENT_3D ( 'NONE', #1760, #4814, #7873 ) ;
#8128 = AXIS2_PLACEMENT_3D ( 'NONE', #2378, #5431, #1627 ) ;
#8129 = ORIENTED_EDGE ( 'NONE', *, *, #2053, .F. ) ;
#8130 = DIRECTION ( 'NONE',  ( 0.000000000000000000, 0.000000000000000000, 1.000000000000000000 ) ) ;
#8131 = ADVANCED_FACE ( 'NONE', ( #3942 ), #8608, .F. ) ;
#8132 = DIRECTION ( 'NONE',  ( 0.000000000000000000, 0.000000000000000000, 1.000000000000000000 ) ) ;
#8133 = ORIENTED_EDGE ( 'NONE', *, *, #7696, .F. ) ;
#8134 = DIRECTION ( 'NONE',  ( 0.000000000000000000, 0.000000000000000000, -1.000000000000000000 ) ) ;
#8135 = DIRECTION ( 'NONE',  ( -0.000000000000000000, 1.000000000000000000, -0.000000000000000000 ) ) ;
#8136 = DIRECTION ( 'NONE',  ( 0.000000000000000000, -1.000000000000000000, 0.000000000000000000 ) ) ;
#8137 = ORIENTED_EDGE ( 'NONE', *, *, #8471, .T. ) ;
#8138 = AXIS2_PLACEMENT_3D ( 'NONE', #2765, #373, #7419 ) ;
#8139 = ORIENTED_EDGE ( 'NONE', *, *, #3798, .T. ) ;
#8140 = LINE ( 'NONE', #629, #3779 ) ;
#8141 = CARTESIAN_POINT ( 'NONE',  ( -503.3220448643284044, 0.000000000000000000, -407.2296670491438135 ) ) ;
#8142 = LINE ( 'NONE', #9855, #7594 ) ;
#8143 = CARTESIAN_POINT ( 'NONE',  ( -153.5995066845798078, 0.000000000000000000, -464.5963023023023197 ) ) ;
#8144 = ORIENTED_EDGE ( 'NONE', *, *, #9813, .F. ) ;
#8145 = CARTESIAN_POINT ( 'NONE',  ( -532.6513146897268598, -3.174999999999999822, -394.1926930939661133 ) ) ;
#8146 = ORIENTED_EDGE ( 'NONE', *, *, #1983, .T. ) ;
#8147 = CIRCLE ( 'NONE', #5429, 3.000000000000002665 ) ;
#8148 = EDGE_CURVE ( 'NONE', #2351, #6485, #4792, .T. ) ;
#8149 = AXIS2_PLACEMENT_3D ( 'NONE', #1716, #7122, #7919 ) ;
#8150 = EDGE_CURVE ( 'NONE', #7518, #448, #6732, .T. ) ;
#8151 = ORIENTED_EDGE ( 'NONE', *, *, #5664, .T. ) ;
#8152 = CARTESIAN_POINT ( 'NONE',  ( -594.4999999998082103, -3.174999999999999822, -312.5963023023023197 ) ) ;
#8153 = ORIENTED_EDGE ( 'NONE', *, *, #927, .T. ) ;
#8154 = CARTESIAN_POINT ( 'NONE',  ( 495.4789995792706350, 0.000000000000000000, -408.8065756249764604 ) ) ;
#8155 = FACE_OUTER_BOUND ( 'NONE', #5341, .T. ) ;
#8157 = CARTESIAN_POINT ( 'NONE',  ( -577.4999999998082103, 6.825000000000000178, -73.09630230230229131 ) ) ;
#8156 = AXIS2_PLACEMENT_3D ( 'NONE', #9856, #6747, #9810 ) ;
#8158 = CARTESIAN_POINT ( 'NONE',  ( -266.9291023034143677, 0.000000000000000000, -454.7584068233198877 ) ) ;
#8159 = ORIENTED_EDGE ( 'NONE', *, *, #8486, .F. ) ;
#8160 = ADVANCED_FACE ( 'NONE', ( #7340 ), #8854, .F. ) ;
#8161 = ORIENTED_EDGE ( 'NONE', *, *, #3764, .T. ) ;
#8162 = CYLINDRICAL_SURFACE ( 'NONE', #142, 3.000000000000002665 ) ;
#8163 = ORIENTED_EDGE ( 'NONE', *, *, #2609, .F. ) ;
#8164 = CIRCLE ( 'NONE', #9135, 3.000000000000002665 ) ;
#8165 = DIRECTION ( 'NONE',  ( 0.000000000000000000, -1.000000000000000000, 0.000000000000000000 ) ) ;
#8166 = CARTESIAN_POINT ( 'NONE',  ( -597.4999999998082103, -3.174999999999999822, 112.9036976976977371 ) ) ;
#8167 = CARTESIAN_POINT ( 'NONE',  ( 558.9999999998080966, -3.174999999999999822, 112.9036976976977371 ) ) ;
#8168 = AXIS2_PLACEMENT_3D ( 'NONE', #60, #4505, #2201 ) ;
#8169 = ORIENTED_EDGE ( 'NONE', *, *, #6878, .F. ) ;
#8170 = EDGE_CURVE ( 'NONE', #1557, #2204, #9612, .T. ) ;
#8171 = DIRECTION ( 'NONE',  ( -0.000000000000000000, -1.000000000000000000, -0.000000000000000000 ) ) ;
#8172 = ORIENTED_EDGE ( 'NONE', *, *, #4236, .T. ) ;
#8173 = ADVANCED_FACE ( 'NONE', ( #1230 ), #7997, .F. ) ;
#8174 = ORIENTED_EDGE ( 'NONE', *, *, #999, .F. ) ;
#8175 = CARTESIAN_POINT ( 'NONE',  ( -348.0000000000000000, 6.825000000000000178, -366.8463023023023766 ) ) ;
#8176 = DIRECTION ( 'NONE',  ( 0.000000000000000000, -1.000000000000000000, 0.000000000000000000 ) ) ;
#8177 = EDGE_CURVE ( 'NONE', #7616, #575, #4330, .T. ) ;
#8178 = VECTOR ( 'NONE', #2634, 1000.000000000000227 ) ;
#8179 = ADVANCED_FACE ( 'NONE', ( #488 ), #8192, .F. ) ;
#8180 = EDGE_LOOP ( 'NONE', ( #2594, #5742, #1153, #6604 ) ) ;
#8181 = DIRECTION ( 'NONE',  ( -0.000000000000000000, -1.000000000000000000, -0.000000000000000000 ) ) ;
#8182 = ADVANCED_FACE ( 'NONE', ( #6693 ), #2732, .F. ) ;
#8183 = PLANE ( 'NONE',  #8511 ) ;
#8184 = ORIENTED_EDGE ( 'NONE', *, *, #8408, .T. ) ;
#8185 = VECTOR ( 'NONE', #286, 1000.000000000000000 ) ;
#8186 = DIRECTION ( 'NONE',  ( -1.000000000000000000, 0.000000000000000000, 7.209240419646269740E-17 ) ) ;
#8187 = CARTESIAN_POINT ( 'NONE',  ( -557.5485770882340830, 6.825000000000000178, -362.3768998705955937 ) ) ;
#8188 = CARTESIAN_POINT ( 'NONE',  ( 223.4033132909019059, 0.000000000000000000, -466.5696595442744297 ) ) ;
#8189 = ORIENTED_EDGE ( 'NONE', *, *, #4342, .T. ) ;
#8190 = VERTEX_POINT ( 'NONE', #3535 ) ;
#8191 = LINE ( 'NONE', #1323, #3947 ) ;
#8192 = PLANE ( 'NONE',  #9627 ) ;
#8193 = AXIS2_PLACEMENT_3D ( 'NONE', #9180, #3909, #1011 ) ;
#8194 = CARTESIAN_POINT ( 'NONE',  ( 587.4999999998082103, -3.174999999999999822, 141.4036976976982203 ) ) ;
#8195 = DIRECTION ( 'NONE',  ( -0.000000000000000000, -1.000000000000000000, -0.000000000000000000 ) ) ;
#8196 = ORIENTED_EDGE ( 'NONE', *, *, #944, .F. ) ;
#8197 = CARTESIAN_POINT ( 'NONE',  ( 237.2899358248527903, -3.174999999999999822, -421.4899436373512458 ) ) ;
#8198 = VERTEX_POINT ( 'NONE', #5834 ) ;
#8199 = EDGE_CURVE ( 'NONE', #6940, #2180, #3628, .T. ) ;
#8200 = ORIENTED_EDGE ( 'NONE', *, *, #3458, .F. ) ;
#8201 = DIRECTION ( 'NONE',  ( -0.000000000000000000, -1.000000000000000000, -0.000000000000000000 ) ) ;
#8202 = EDGE_LOOP ( 'NONE', ( #9768, #3090, #3818, #4240 ) ) ;
#8203 = CARTESIAN_POINT ( 'NONE',  ( 558.9999999998080966, 0.000000000000000000, 117.9036976976977371 ) ) ;
#8204 = ADVANCED_FACE ( 'NONE', ( #4229 ), #6598, .T. ) ;
#8205 = CARTESIAN_POINT ( 'NONE',  ( -293.9999999999998295, 0.000000000000000000, 171.4036976976977655 ) ) ;
#8206 = CARTESIAN_POINT ( 'NONE',  ( 73.99999999999991473, -3.174999999999999822, -471.5963023023023766 ) ) ;
#8207 = CYLINDRICAL_SURFACE ( 'NONE', #441, 3.000000000000002665 ) ;
#8208 = EDGE_CURVE ( 'NONE', #2166, #4847, #6569, .T. ) ;
#8209 = ORIENTED_EDGE ( 'NONE', *, *, #4178, .F. ) ;
#8210 = ORIENTED_EDGE ( 'NONE', *, *, #6850, .T. ) ;
#8211 = AXIS2_PLACEMENT_3D ( 'NONE', #4499, #8165, #5908 ) ;
#8212 = DIRECTION ( 'NONE',  ( 0.000000000000000000, -1.000000000000000000, -0.000000000000000000 ) ) ;
#8213 = ORIENTED_EDGE ( 'NONE', *, *, #8388, .F. ) ;
#8214 = CARTESIAN_POINT ( 'NONE',  ( -169.5000000000000000, 0.000000000000000000, -413.8463023023023197 ) ) ;
#8215 = DIRECTION ( 'NONE',  ( -0.000000000000000000, 1.000000000000000000, -0.000000000000000000 ) ) ;
#8216 = CARTESIAN_POINT ( 'NONE',  ( 558.9999999998080966, 0.000000000000000000, 115.9036976976977371 ) ) ;
#8217 = ORIENTED_EDGE ( 'NONE', *, *, #6116, .T. ) ;
#8218 = EDGE_CURVE ( 'NONE', #749, #6255, #7850, .T. ) ;
#8219 = DIRECTION ( 'NONE',  ( -1.000000000000000000, 0.000000000000000000, 0.000000000000000000 ) ) ;
#8220 = VERTEX_POINT ( 'NONE', #5083 ) ;
#8221 = ORIENTED_EDGE ( 'NONE', *, *, #1663, .F. ) ;
#8222 = DIRECTION ( 'NONE',  ( 0.000000000000000000, 1.000000000000000000, 0.000000000000000000 ) ) ;
#8223 = DIRECTION ( 'NONE',  ( 0.000000000000000000, -1.000000000000000000, -0.000000000000000000 ) ) ;
#8224 = VECTOR ( 'NONE', #7894, 1000.000000000000000 ) ;
#8225 = VERTEX_POINT ( 'NONE', #8805 ) ;
#8226 = LINE ( 'NONE', #2062, #276 ) ;
#8227 = EDGE_CURVE ( 'NONE', #2833, #808, #6882, .T. ) ;
#8228 = CARTESIAN_POINT ( 'NONE',  ( -511.4999999998082103, -3.174999999999999822, 171.4036976976977940 ) ) ;
#8229 = ORIENTED_EDGE ( 'NONE', *, *, #7396, .T. ) ;
#8230 = LINE ( 'NONE', #1362, #5269 ) ;
#8231 = DIRECTION ( 'NONE',  ( 0.9803806606322130746, 0.000000000000000000, 0.1971135719790632346 ) ) ;
#8232 = LINE ( 'NONE', #3725, #2702 ) ;
#8233 = ORIENTED_EDGE ( 'NONE', *, *, #3389, .F. ) ;
#8234 = ORIENTED_EDGE ( 'NONE', *, *, #1758, .T. ) ;
#8235 = CARTESIAN_POINT ( 'NONE',  ( -577.4999999998082103, 0.000000000000000000, -124.3463023023022629 ) ) ;
#8236 = CARTESIAN_POINT ( 'NONE',  ( -594.4999999998082103, 0.000000000000000000, -284.5963023023023197 ) ) ;
#8237 = AXIS2_PLACEMENT_3D ( 'NONE', #4794, #885, #3039 ) ;
#8238 = DIRECTION ( 'NONE',  ( 0.000000000000000000, -1.000000000000000000, 0.000000000000000000 ) ) ;
#8239 = DIRECTION ( 'NONE',  ( 0.000000000000000000, 0.000000000000000000, 1.000000000000000000 ) ) ;
#8240 = AXIS2_PLACEMENT_3D ( 'NONE', #5254, #8259, #9215 ) ;
#8241 = EDGE_CURVE ( 'NONE', #7779, #435, #5885, .T. ) ;
#8242 = ORIENTED_EDGE ( 'NONE', *, *, #5438, .T. ) ;
#8243 = FACE_OUTER_BOUND ( 'NONE', #2954, .T. ) ;
#8244 = AXIS2_PLACEMENT_3D ( 'NONE', #7341, #6644, #9707 ) ;
#8245 = AXIS2_PLACEMENT_3D ( 'NONE', #5142, #1146, #3638 ) ;
#8246 = ORIENTED_EDGE ( 'NONE', *, *, #6652, .F. ) ;
#8247 = LINE ( 'NONE', #3926, #7286 ) ;
#8248 = VERTEX_POINT ( 'NONE', #5133 ) ;
#8249 = DIRECTION ( 'NONE',  ( 0.000000000000000000, 1.000000000000000000, 0.000000000000000000 ) ) ;
#8250 = CARTESIAN_POINT ( 'NONE',  ( -145.5000000000000000, 0.000000000000000000, -420.3463023023023766 ) ) ;
#8251 = EDGE_CURVE ( 'NONE', #6961, #1609, #2082, .T. ) ;
#8252 = FACE_OUTER_BOUND ( 'NONE', #1553, .T. ) ;
#8253 = CARTESIAN_POINT ( 'NONE',  ( 247.9128298067071796, 0.000000000000000000, -461.6418202447978842 ) ) ;
#8254 = ORIENTED_EDGE ( 'NONE', *, *, #5768, .F. ) ;
#8255 = EDGE_CURVE ( 'NONE', #8007, #4656, #3368, .T. ) ;
#8256 = CIRCLE ( 'NONE', #6182, 14.99999999999998579 ) ;
#8257 = CARTESIAN_POINT ( 'NONE',  ( -594.4999999998082103, -3.174999999999999822, 120.9036976976977371 ) ) ;
#8258 = VERTEX_POINT ( 'NONE', #4373 ) ;
#8259 = DIRECTION ( 'NONE',  ( -0.000000000000000000, 1.000000000000000000, -0.000000000000000000 ) ) ;
#8260 = EDGE_LOOP ( 'NONE', ( #1096, #9081, #8859, #320 ) ) ;
#8261 = CIRCLE ( 'NONE', #1217, 3.000000000000002665 ) ;
#8262 = AXIS2_PLACEMENT_3D ( 'NONE', #3225, #2463, #912 ) ;
#8263 = DIRECTION ( 'NONE',  ( -0.000000000000000000, 1.000000000000000000, -0.000000000000000000 ) ) ;
#8264 = LINE ( 'NONE', #3706, #6397 ) ;
#8265 = DIRECTION ( 'NONE',  ( -0.000000000000000000, 1.000000000000000000, -0.000000000000000000 ) ) ;
#8266 = CARTESIAN_POINT ( 'NONE',  ( -211.6283709647892124, -3.174999999999999822, -458.7369886577428701 ) ) ;
#8267 = ORIENTED_EDGE ( 'NONE', *, *, #2637, .F. ) ;
#8268 = DIRECTION ( 'NONE',  ( 0.000000000000000000, 0.000000000000000000, -1.000000000000000000 ) ) ;
#8269 = VERTEX_POINT ( 'NONE', #437 ) ;
#8270 = EDGE_CURVE ( 'NONE', #6874, #7059, #1424, .T. ) ;
#8271 = ORIENTED_EDGE ( 'NONE', *, *, #9219, .T. ) ;
#8272 = CIRCLE ( 'NONE', #3952, 2.750000000000030198 ) ;
#8273 = DIRECTION ( 'NONE',  ( -0.000000000000000000, 1.000000000000000000, 0.000000000000000000 ) ) ;
#8274 = ADVANCED_FACE ( 'NONE', ( #6132 ), #5287, .T. ) ;
#8275 = EDGE_CURVE ( 'NONE', #9716, #2457, #630, .T. ) ;
#8276 = EDGE_LOOP ( 'NONE', ( #5750, #8515 ) ) ;
#8277 = DIRECTION ( 'NONE',  ( -1.000000000000000000, 0.000000000000000000, 7.209240419646269740E-17 ) ) ;
#8278 = AXIS2_PLACEMENT_3D ( 'NONE', #8013, #7255, #4202 ) ;
#8279 = CARTESIAN_POINT ( 'NONE',  ( -485.9999999998082103, 0.000000000000000000, 171.4036976976978224 ) ) ;
#8280 = VERTEX_POINT ( 'NONE', #4526 ) ;
#8281 = DIRECTION ( 'NONE',  ( 0.9803806606322130746, 0.000000000000000000, 0.1971135719790632346 ) ) ;
#8282 = DIRECTION ( 'NONE',  ( 0.000000000000000000, -1.000000000000000000, 0.000000000000000000 ) ) ;
#8283 = AXIS2_PLACEMENT_3D ( 'NONE', #1834, #300, #202 ) ;
#8284 = DIRECTION ( 'NONE',  ( -0.000000000000000000, -1.000000000000000000, -0.000000000000000000 ) ) ;
#8285 = ORIENTED_EDGE ( 'NONE', *, *, #9561, .T. ) ;
#8286 = ORIENTED_EDGE ( 'NONE', *, *, #5639, .T. ) ;
#8287 = CARTESIAN_POINT ( 'NONE',  ( 267.7746157832152676, 0.000000000000000000, -418.3779847950438580 ) ) ;
#8288 = CARTESIAN_POINT ( 'NONE',  ( 73.99999999999991473, 0.000000000000000000, -471.5963023023023766 ) ) ;
#8289 = VECTOR ( 'NONE', #4924, 1000.000000000000000 ) ;
#8290 = CARTESIAN_POINT ( 'NONE',  ( 519.4999999998082103, -3.174999999999999822, 132.9036976976976803 ) ) ;
#8291 = DIRECTION ( 'NONE',  ( -0.9803806606322132966, 0.000000000000000000, 0.1971135719790624574 ) ) ;
#8292 = CARTESIAN_POINT ( 'NONE',  ( -237.3828153036167237, 0.000000000000000000, -424.4885055263947038 ) ) ;
#8293 = CIRCLE ( 'NONE', #3182, 2.750000000000030198 ) ;
#8294 = ORIENTED_EDGE ( 'NONE', *, *, #726, .F. ) ;
#8295 = EDGE_CURVE ( 'NONE', #4445, #8248, #5979, .T. ) ;
#8296 = CARTESIAN_POINT ( 'NONE',  ( -238.3631959642489164, -3.174999999999999822, -424.2913919544157011 ) ) ;
#8297 = VERTEX_POINT ( 'NONE', #3681 ) ;
#8298 = DIRECTION ( 'NONE',  ( 0.000000000000000000, -1.000000000000000000, 0.000000000000000000 ) ) ;
#8299 = CARTESIAN_POINT ( 'NONE',  ( -522.4999999998083240, -3.174999999999999822, 171.4036976976977940 ) ) ;
#8300 = LINE ( 'NONE', #695, #6835 ) ;
#8301 = DIRECTION ( 'NONE',  ( -7.265493787950902600E-16, 0.000000000000000000, 1.000000000000000000 ) ) ;
#8302 = AXIS2_PLACEMENT_3D ( 'NONE', #3073, #6128, #7677 ) ;
#8303 = VERTEX_POINT ( 'NONE', #3831 ) ;
#8304 = AXIS2_PLACEMENT_3D ( 'NONE', #5173, #3475, #1317 ) ;
#8305 = CIRCLE ( 'NONE', #9289, 3.000000000000002665 ) ;
#8306 = DIRECTION ( 'NONE',  ( 0.000000000000000000, -1.000000000000000000, 0.000000000000000000 ) ) ;
#8307 = ORIENTED_EDGE ( 'NONE', *, *, #5253, .F. ) ;
#8308 = LINE ( 'NONE', #9067, #1205 ) ;
#8309 = ORIENTED_EDGE ( 'NONE', *, *, #7533, .T. ) ;
#8310 = EDGE_CURVE ( 'NONE', #8280, #4162, #9047, .T. ) ;
#8311 = AXIS2_PLACEMENT_3D ( 'NONE', #7029, #6176, #971 ) ;
#8312 = CIRCLE ( 'NONE', #1761, 3.000000000000002665 ) ;
#8313 = CARTESIAN_POINT ( 'NONE',  ( -247.9128298067072649, -3.174999999999999822, -461.6418202447978274 ) ) ;
#8314 = CARTESIAN_POINT ( 'NONE',  ( 282.9999999999997726, 0.000000000000000000, 168.4036976976977371 ) ) ;
#8315 = CIRCLE ( 'NONE', #8149, 3.000000000000002665 ) ;
#8316 = DIRECTION ( 'NONE',  ( 0.000000000000000000, 0.000000000000000000, -1.000000000000000000 ) ) ;
#8317 = CARTESIAN_POINT ( 'NONE',  ( 558.9999999998079829, 0.000000000000000000, 84.90369769769773711 ) ) ;
#8318 = ORIENTED_EDGE ( 'NONE', *, *, #6992, .T. ) ;
#8319 = DIRECTION ( 'NONE',  ( -0.000000000000000000, 1.000000000000000000, -0.000000000000000000 ) ) ;
#8320 = ORIENTED_EDGE ( 'NONE', *, *, #2755, .T. ) ;
#8321 = ORIENTED_EDGE ( 'NONE', *, *, #7646, .F. ) ;
#8322 = PRODUCT_DEFINITION_FORMATION_WITH_SPECIFIED_SOURCE ( 'ANY', '', #7913, .NOT_KNOWN. ) ;
#8323 = DIRECTION ( 'NONE',  ( 0.000000000000000000, 0.000000000000000000, 1.000000000000000000 ) ) ;
#8324 = AXIS2_PLACEMENT_3D ( 'NONE', #6208, #1497, #4701 ) ;
#8325 = ORIENTED_EDGE ( 'NONE', *, *, #9395, .T. ) ;
#8326 = CARTESIAN_POINT ( 'NONE',  ( -169.5000000000000000, 0.000000000000000000, -420.3463023023023766 ) ) ;
#8327 = ORIENTED_EDGE ( 'NONE', *, *, #1365, .T. ) ;
#8328 = AXIS2_PLACEMENT_3D ( 'NONE', #6575, #5817, #9641 ) ;
#8329 = CARTESIAN_POINT ( 'NONE',  ( 488.9999999998082103, 0.000000000000000000, 132.9036976976976803 ) ) ;
#8330 = CIRCLE ( 'NONE', #4318, 2.750000000000030198 ) ;
#8331 = DIRECTION ( 'NONE',  ( 0.000000000000000000, 0.000000000000000000, 1.000000000000000000 ) ) ;
#8332 = ORIENTED_EDGE ( 'NONE', *, *, #7805, .T. ) ;
#8333 = EDGE_CURVE ( 'NONE', #5265, #253, #1775, .T. ) ;
#8334 = DIRECTION ( 'NONE',  ( 0.1971135719790635954, 0.000000000000000000, -0.9803806606322129635 ) ) ;
#8336 = FACE_BOUND ( 'NONE', #673, .T. ) ;
#8335 = VECTOR ( 'NONE', #9667, 1000.000000000000000 ) ;
#8337 = CARTESIAN_POINT ( 'NONE',  ( 587.4999999998080966, 6.825000000000000178, -337.3768998705953663 ) ) ;
#8338 = ORIENTED_EDGE ( 'NONE', *, *, #5217, .F. ) ;
#8339 = ORIENTED_EDGE ( 'NONE', *, *, #8079, .T. ) ;
#8340 = VECTOR ( 'NONE', #8431, 1000.000000000000000 ) ;
#8341 = CARTESIAN_POINT ( 'NONE',  ( 145.4999999999998863, -3.174999999999999822, -417.0963023023022060 ) ) ;
#8342 = CARTESIAN_POINT ( 'NONE',  ( 401.9999999999998295, -3.174999999999999822, -366.8463023023020355 ) ) ;
#8343 = CARTESIAN_POINT ( 'NONE',  ( -348.0000000000000000, 0.000000000000000000, 106.4036976976978366 ) ) ;
#8344 = PLANE ( 'NONE',  #1562 ) ;
#8345 = CARTESIAN_POINT ( 'NONE',  ( 96.99999999999990052, 0.000000000000000000, -436.0963023023023766 ) ) ;
#8346 = EDGE_CURVE ( 'NONE', #8911, #273, #2243, .T. ) ;
#8347 = VECTOR ( 'NONE', #1633, 1000.000000000000000 ) ;
#8348 = VECTOR ( 'NONE', #3971, 1000.000000000000000 ) ;
#8349 = ORIENTED_EDGE ( 'NONE', *, *, #6585, .F. ) ;
#8350 = ORIENTED_EDGE ( 'NONE', *, *, #4919, .T. ) ;
#8351 = AXIS2_PLACEMENT_3D ( 'NONE', #667, #2058, #1310 ) ;
#8352 = DIRECTION ( 'NONE',  ( -0.000000000000000000, 1.000000000000000000, -0.000000000000000000 ) ) ;
#8353 = CARTESIAN_POINT ( 'NONE',  ( 145.4999999999998863, 0.000000000000000000, -413.8463023023022060 ) ) ;
#8354 = EDGE_CURVE ( 'NONE', #4104, #8523, #4325, .T. ) ;
#8355 = DIRECTION ( 'NONE',  ( -0.000000000000000000, 1.000000000000000000, -0.000000000000000000 ) ) ;
#8356 = LINE ( 'NONE', #1489, #2836 ) ;
#8357 = EDGE_CURVE ( 'NONE', #3593, #3344, #3024, .T. ) ;
#8358 = ORIENTED_EDGE ( 'NONE', *, *, #1919, .F. ) ;
#8359 = EDGE_CURVE ( 'NONE', #6307, #3520, #6083, .T. ) ;
#8360 = DIRECTION ( 'NONE',  ( 0.000000000000000000, 0.000000000000000000, 1.000000000000000000 ) ) ;
#8361 = ORIENTED_EDGE ( 'NONE', *, *, #1319, .T. ) ;
#8362 = CARTESIAN_POINT ( 'NONE',  ( -282.9999999999997158, 0.000000000000000000, 168.4036976976977655 ) ) ;
#8363 = VERTEX_POINT ( 'NONE', #6788 ) ;
#8364 = CARTESIAN_POINT ( 'NONE',  ( 594.4999999998080966, -3.174999999999999822, -279.5963023023024334 ) ) ;
#8365 = FACE_OUTER_BOUND ( 'NONE', #5435, .T. ) ;
#8366 = DIRECTION ( 'NONE',  ( 0.000000000000000000, 0.000000000000000000, -1.000000000000000000 ) ) ;
#8367 = DIRECTION ( 'NONE',  ( 0.000000000000000000, 0.000000000000000000, -1.000000000000000000 ) ) ;
#8368 = VERTEX_POINT ( 'NONE', #7631 ) ;
#8369 = AXIS2_PLACEMENT_3D ( 'NONE', #5751, #5652, #8714 ) ;
#8370 = CARTESIAN_POINT ( 'NONE',  ( -163.5746922328639528, 0.000000000000000000, -474.5963023023023197 ) ) ;
#8371 = ORIENTED_EDGE ( 'NONE', *, *, #5386, .T. ) ;
#8372 = ADVANCED_FACE ( 'NONE', ( #2224 ), #4574, .T. ) ;
#8373 = ORIENTED_EDGE ( 'NONE', *, *, #1554, .T. ) ;
#8374 = DIRECTION ( 'NONE',  ( -0.000000000000000000, 1.000000000000000000, -0.000000000000000000 ) ) ;
#8375 = ORIENTED_EDGE ( 'NONE', *, *, #3283, .F. ) ;
#8376 = CARTESIAN_POINT ( 'NONE',  ( -464.5970087693557957, 0.000000000000000000, -415.0156531423168076 ) ) ;
#8377 = AXIS2_PLACEMENT_3D ( 'NONE', #4434, #9865, #3589 ) ;
#8378 = EDGE_CURVE ( 'NONE', #7131, #4327, #7538, .T. ) ;
#8379 = EDGE_LOOP ( 'NONE', ( #8625, #7593 ) ) ;
#8380 = PLANE ( 'NONE',  #8589 ) ;
#8381 = ADVANCED_FACE ( 'NONE', ( #779 ), #3729, .F. ) ;
#8382 = DIRECTION ( 'NONE',  ( -0.000000000000000000, 1.000000000000000000, -0.000000000000000000 ) ) ;
#8383 = ORIENTED_EDGE ( 'NONE', *, *, #1032, .T. ) ;
#8384 = CARTESIAN_POINT ( 'NONE',  ( -288.4999999999997726, 0.000000000000000000, 129.9456578061478922 ) ) ;
#8385 = FACE_BOUND ( 'NONE', #2072, .T. ) ;
#8386 = FACE_OUTER_BOUND ( 'NONE', #6355, .T. ) ;
#8387 = ORIENTED_EDGE ( 'NONE', *, *, #7879, .F. ) ;
#8388 = EDGE_CURVE ( 'NONE', #3121, #7707, #3782, .T. ) ;
#8389 = ORIENTED_EDGE ( 'NONE', *, *, #9134, .T. ) ;
#8390 = DIRECTION ( 'NONE',  ( -1.000000000000000000, -0.000000000000000000, -0.000000000000000000 ) ) ;
#8391 = CARTESIAN_POINT ( 'NONE',  ( -597.4999999998082103, -3.174999999999999822, 84.90369769769773711 ) ) ;
#8392 = CIRCLE ( 'NONE', #3423, 3.000000000000002665 ) ;
#8393 = DIRECTION ( 'NONE',  ( 0.000000000000000000, -1.000000000000000000, 0.000000000000000000 ) ) ;
#8394 = LINE ( 'NONE', #3127, #8473 ) ;
#8395 = LINE ( 'NONE', #6136, #1780 ) ;
#8396 = VERTEX_POINT ( 'NONE', #5382 ) ;
#8397 = VERTEX_POINT ( 'NONE', #8342 ) ;
#8398 = ORIENTED_EDGE ( 'NONE', *, *, #5659, .F. ) ;
#8399 = EDGE_CURVE ( 'NONE', #5860, #3710, #5572, .T. ) ;
#8400 = DIRECTION ( 'NONE',  ( 0.000000000000000000, -1.000000000000000000, 0.000000000000000000 ) ) ;
#8401 = CARTESIAN_POINT ( 'NONE',  ( 516.4999999998082103, -3.174999999999999822, 132.9036976976976803 ) ) ;
#8402 = DIRECTION ( 'NONE',  ( 0.000000000000000000, -1.000000000000000000, 0.000000000000000000 ) ) ;
#8403 = DIRECTION ( 'NONE',  ( 0.000000000000000000, 0.000000000000000000, 1.000000000000000000 ) ) ;
#8404 = ORIENTED_EDGE ( 'NONE', *, *, #4194, .T. ) ;
#8405 = AXIS2_PLACEMENT_3D ( 'NONE', #8206, #4743, #2389 ) ;
#8407 = LINE ( 'NONE', #4881, #5666 ) ;
#8406 = VECTOR ( 'NONE', #8499, 1000.000000000000000 ) ;
#8408 = EDGE_CURVE ( 'NONE', #7616, #1885, #7174, .T. ) ;
#8409 = VERTEX_POINT ( 'NONE', #9152 ) ;
#8410 = PLANE ( 'NONE',  #4393 ) ;
#8411 = ORIENTED_EDGE ( 'NONE', *, *, #9532, .T. ) ;
#8412 = DIRECTION ( 'NONE',  ( 0.000000000000000000, -1.000000000000000000, 0.000000000000000000 ) ) ;
#8413 = CARTESIAN_POINT ( 'NONE',  ( 462.4085007884962124, 0.000000000000000000, -376.2280099409344984 ) ) ;
#8414 = PLANE ( 'NONE',  #6828 ) ;
#8415 = DIRECTION ( 'NONE',  ( 0.000000000000000000, 0.000000000000000000, 1.000000000000000000 ) ) ;
#8416 = CIRCLE ( 'NONE', #1363, 3.000000000000002665 ) ;
#8417 = EDGE_LOOP ( 'NONE', ( #2771, #9712, #3749, #6146 ) ) ;
#8418 = CARTESIAN_POINT ( 'NONE',  ( -145.5000000000000000, 6.825000000000000178, -417.0963023023023197 ) ) ;
#8419 = ORIENTED_EDGE ( 'NONE', *, *, #3047, .T. ) ;
#8420 = EDGE_LOOP ( 'NONE', ( #1028, #1104, #3164, #5808 ) ) ;
#8421 = DIRECTION ( 'NONE',  ( -0.000000000000000000, -1.000000000000000000, -0.000000000000000000 ) ) ;
#8422 = VECTOR ( 'NONE', #9400, 1000.000000000000000 ) ;
#8423 = AXIS2_PLACEMENT_3D ( 'NONE', #1963, #3418, #1917 ) ;
#8424 = ORIENTED_EDGE ( 'NONE', *, *, #9481, .F. ) ;
#8425 = DIRECTION ( 'NONE',  ( -0.000000000000000000, -1.000000000000000000, -0.000000000000000000 ) ) ;
#8426 = ORIENTED_EDGE ( 'NONE', *, *, #9212, .T. ) ;
#8428 = EDGE_CURVE ( 'NONE', #41, #3828, #5334, .T. ) ;
#8427 = DIRECTION ( 'NONE',  ( 0.000000000000000000, 0.000000000000000000, 1.000000000000000000 ) ) ;
#8429 = DIRECTION ( 'NONE',  ( 0.000000000000000000, -1.000000000000000000, 0.000000000000000000 ) ) ;
#8430 = AXIS2_PLACEMENT_3D ( 'NONE', #6993, #8352, #7748 ) ;
#8431 = DIRECTION ( 'NONE',  ( 0.000000000000000000, 1.000000000000000000, 0.000000000000000000 ) ) ;
#8432 = VERTEX_POINT ( 'NONE', #3328 ) ;
#8433 = VECTOR ( 'NONE', #5310, 1000.000000000000000 ) ;
#8434 = CYLINDRICAL_SURFACE ( 'NONE', #9265, 3.000000000000002665 ) ;
#8435 = FACE_BOUND ( 'NONE', #887, .T. ) ;
#8436 = DIRECTION ( 'NONE',  ( 0.000000000000000000, -1.000000000000000000, 0.000000000000000000 ) ) ;
#8437 = VECTOR ( 'NONE', #8621, 999.9999999999998863 ) ;
#8438 = ORIENTED_EDGE ( 'NONE', *, *, #7161, .T. ) ;
#8439 = VECTOR ( 'NONE', #9060, 1000.000000000000000 ) ;
#8440 = EDGE_CURVE ( 'NONE', #5228, #7747, #190, .T. ) ;
#8441 = LINE ( 'NONE', #7680, #896 ) ;
#8442 = DIRECTION ( 'NONE',  ( 1.000000000000000000, 0.000000000000000000, 0.000000000000000000 ) ) ;
#8443 = CARTESIAN_POINT ( 'NONE',  ( 491.4226097559104574, 0.000000000000000000, -373.4117214565956715 ) ) ;
#8444 = DIRECTION ( 'NONE',  ( -0.000000000000000000, -0.000000000000000000, -1.000000000000000000 ) ) ;
#8445 = VERTEX_POINT ( 'NONE', #2476 ) ;
#8446 = CIRCLE ( 'NONE', #8771, 3.000000000000002665 ) ;
#8447 = CARTESIAN_POINT ( 'NONE',  ( 277.7132895703686017, 0.000000000000000000, -452.5901575315502328 ) ) ;
#8448 = ORIENTED_EDGE ( 'NONE', *, *, #9566, .T. ) ;
#8449 = VERTEX_POINT ( 'NONE', #5482 ) ;
#8450 = VECTOR ( 'NONE', #684, 1000.000000000000000 ) ;
#8451 = ORIENTED_EDGE ( 'NONE', *, *, #8736, .T. ) ;
#8452 = LINE ( 'NONE', #7287, #8108 ) ;
#8453 = DIRECTION ( 'NONE',  ( 0.000000000000000000, 0.000000000000000000, -1.000000000000000000 ) ) ;
#8454 = CARTESIAN_POINT ( 'NONE',  ( -488.4999999998082103, -1.587499999999999467, 129.9456578061478922 ) ) ;
#8455 = DIRECTION ( 'NONE',  ( 0.000000000000000000, 0.000000000000000000, 1.000000000000000000 ) ) ;
#8456 = ORIENTED_EDGE ( 'NONE', *, *, #4123, .T. ) ;
#8457 = EDGE_CURVE ( 'NONE', #720, #4863, #235, .T. ) ;
#8458 = ORIENTED_EDGE ( 'NONE', *, *, #3847, .T. ) ;
#8459 = CARTESIAN_POINT ( 'NONE',  ( -265.8138544619509389, -3.174999999999999822, -418.7722119390018634 ) ) ;
#8460 = ORIENTED_EDGE ( 'NONE', *, *, #7104, .F. ) ;
#8461 = CARTESIAN_POINT ( 'NONE',  ( 163.5995066845797226, 0.000000000000000000, -450.0775332806430811 ) ) ;
#8462 = DIRECTION ( 'NONE',  ( 1.000000000000000000, 0.000000000000000000, 0.000000000000000000 ) ) ;
#8463 = CIRCLE ( 'NONE', #2545, 3.000000000000002665 ) ;
#8464 = DIRECTION ( 'NONE',  ( 0.000000000000000000, 0.000000000000000000, 1.000000000000000000 ) ) ;
#8465 = DIRECTION ( 'NONE',  ( 0.000000000000000000, 0.000000000000000000, -1.000000000000000000 ) ) ;
#8466 = ORIENTED_EDGE ( 'NONE', *, *, #6499, .F. ) ;
#8467 = ORIENTED_EDGE ( 'NONE', *, *, #6480, .F. ) ;
#8468 = LINE ( 'NONE', #9078, #3690 ) ;
#8469 = VERTEX_POINT ( 'NONE', #5530 ) ;
#8470 = EDGE_LOOP ( 'NONE', ( #4623, #7802, #9347, #3960 ) ) ;
#8471 = EDGE_CURVE ( 'NONE', #3109, #2255, #9305, .T. ) ;
#8472 = DIRECTION ( 'NONE',  ( -0.000000000000000000, -1.000000000000000000, -0.000000000000000000 ) ) ;
#8473 = VECTOR ( 'NONE', #5982, 1000.000000000000000 ) ;
#8474 = EDGE_LOOP ( 'NONE', ( #2688, #8373, #1674, #9893 ) ) ;
#8475 = VECTOR ( 'NONE', #7173, 1000.000000000000000 ) ;
#8476 = DIRECTION ( 'NONE',  ( 0.000000000000000000, -1.000000000000000000, 0.000000000000000000 ) ) ;
#8477 = VERTEX_POINT ( 'NONE', #9401 ) ;
#8478 = CARTESIAN_POINT ( 'NONE',  ( -495.4789995792705213, -3.174999999999999822, -408.8065756249762899 ) ) ;
#8479 = CARTESIAN_POINT ( 'NONE',  ( 597.4999999998080966, -3.174999999999999822, -276.5963023023024334 ) ) ;
#8480 = EDGE_CURVE ( 'NONE', #5421, #3514, #4779, .T. ) ;
#8481 = ADVANCED_FACE ( 'NONE', ( #7842 ), #3237, .F. ) ;
#8482 = DIRECTION ( 'NONE',  ( 0.000000000000000000, 0.000000000000000000, 1.000000000000000000 ) ) ;
#8483 = ORIENTED_EDGE ( 'NONE', *, *, #9053, .F. ) ;
#8484 = DIRECTION ( 'NONE',  ( 0.000000000000000000, 0.000000000000000000, 1.000000000000000000 ) ) ;
#8485 = CIRCLE ( 'NONE', #5918, 15.00000000000001421 ) ;
#8486 = EDGE_CURVE ( 'NONE', #8363, #8755, #1730, .T. ) ;
#8487 = FACE_OUTER_BOUND ( 'NONE', #8711, .T. ) ;
#8488 = EDGE_CURVE ( 'NONE', #2359, #2763, #6214, .T. ) ;
#8489 = CARTESIAN_POINT ( 'NONE',  ( -465.1883494852929744, -3.174999999999999822, -417.9567951242134427 ) ) ;
#8490 = VERTEX_POINT ( 'NONE', #4034 ) ;
#8491 = CARTESIAN_POINT ( 'NONE',  ( -493.9999999998082103, -3.174999999999999822, 168.4036976976977655 ) ) ;
#8492 = VECTOR ( 'NONE', #9706, 1000.000000000000000 ) ;
#8493 = CARTESIAN_POINT ( 'NONE',  ( 503.9133855802652988, -3.174999999999999822, -410.1708090310405623 ) ) ;
#8494 = DIRECTION ( 'NONE',  ( -0.000000000000000000, 1.000000000000000000, -0.000000000000000000 ) ) ;
#8495 = CARTESIAN_POINT ( 'NONE',  ( -558.9999999998083240, 0.000000000000000000, -281.5963023023023197 ) ) ;
#8496 = CARTESIAN_POINT ( 'NONE',  ( 288.4999999999997726, -3.174999999999999822, 129.9456578061478922 ) ) ;
#8497 = ORIENTED_EDGE ( 'NONE', *, *, #1603, .T. ) ;
#8498 = CIRCLE ( 'NONE', #7855, 2.750000000000030198 ) ;
#8499 = DIRECTION ( 'NONE',  ( 0.000000000000000000, -1.000000000000000000, -0.000000000000000000 ) ) ;
#8500 = CARTESIAN_POINT ( 'NONE',  ( 221.4321775711112821, 6.825000000000000178, -456.7658529379522747 ) ) ;
#8501 = EDGE_LOOP ( 'NONE', ( #2155, #263, #4301, #2328 ) ) ;
#8502 = ORIENTED_EDGE ( 'NONE', *, *, #7464, .T. ) ;
#8503 = AXIS2_PLACEMENT_3D ( 'NONE', #2262, #860, #7572 ) ;
#8504 = VERTEX_POINT ( 'NONE', #133 ) ;
#8505 = LINE ( 'NONE', #199, #1491 ) ;
#8506 = LINE ( 'NONE', #5597, #2886 ) ;
#8507 = FACE_OUTER_BOUND ( 'NONE', #8682, .T. ) ;
#8508 = CYLINDRICAL_SURFACE ( 'NONE', #928, 14.99999999999995737 ) ;
#8509 = EDGE_LOOP ( 'NONE', ( #5670, #1389, #6395, #9030 ) ) ;
#8510 = EDGE_CURVE ( 'NONE', #1885, #1657, #4875, .T. ) ;
#8511 = AXIS2_PLACEMENT_3D ( 'NONE', #7328, #9653, #9599 ) ;
#8512 = ORIENTED_EDGE ( 'NONE', *, *, #3080, .F. ) ;
#8513 = EDGE_CURVE ( 'NONE', #755, #3461, #7088, .T. ) ;
#8514 = CARTESIAN_POINT ( 'NONE',  ( 277.7132895703686017, -3.174999999999999822, -455.5901575315502328 ) ) ;
#8515 = ORIENTED_EDGE ( 'NONE', *, *, #816, .F. ) ;
#8516 = CIRCLE ( 'NONE', #4671, 10.00000000000000888 ) ;
#8518 = EDGE_CURVE ( 'NONE', #1196, #6161, #7134, .T. ) ;
#8517 = DIRECTION ( 'NONE',  ( -1.000000000000000000, 0.000000000000000000, 7.209240419646269740E-17 ) ) ;
#8519 = DIRECTION ( 'NONE',  ( 0.000000000000000000, 0.000000000000000000, 1.000000000000000000 ) ) ;
#8520 = FACE_OUTER_BOUND ( 'NONE', #9814, .T. ) ;
#8521 = CARTESIAN_POINT ( 'NONE',  ( -254.9999999999996589, 0.000000000000000000, 168.4036976976977655 ) ) ;
#8522 = ORIENTED_EDGE ( 'NONE', *, *, #4022, .T. ) ;
#8523 = VERTEX_POINT ( 'NONE', #3983 ) ;
#8524 = CARTESIAN_POINT ( 'NONE',  ( 262.9999999999997726, 0.000000000000000000, 168.4036976976977655 ) ) ;
#8525 = VECTOR ( 'NONE', #675, 1000.000000000000000 ) ;
#8526 = ORIENTED_EDGE ( 'NONE', *, *, #7138, .T. ) ;
#8527 = ORIENTED_EDGE ( 'NONE', *, *, #4114, .F. ) ;
#8528 = LINE ( 'NONE', #8626, #2046 ) ;
#8529 = ORIENTED_EDGE ( 'NONE', *, *, #70, .F. ) ;
#8530 = CARTESIAN_POINT ( 'NONE',  ( 65.99999999999994316, 0.000000000000000000, -374.9753774975062584 ) ) ;
#8531 = ORIENTED_EDGE ( 'NONE', *, *, #4487, .T. ) ;
#8532 = DIRECTION ( 'NONE',  ( 0.9803806606322125194, 0.000000000000000000, 0.1971135719790659824 ) ) ;
#8533 = DIRECTION ( 'NONE',  ( 0.000000000000000000, -1.000000000000000000, 0.000000000000000000 ) ) ;
#8534 = EDGE_CURVE ( 'NONE', #1720, #9763, #2529, .T. ) ;
#8535 = DIRECTION ( 'NONE',  ( -1.000000000000000000, 0.000000000000000000, -0.000000000000000000 ) ) ;
#8536 = ORIENTED_EDGE ( 'NONE', *, *, #7861, .T. ) ;
#8537 = EDGE_CURVE ( 'NONE', #5342, #478, #5584, .T. ) ;
#8538 = CARTESIAN_POINT ( 'NONE',  ( 65.99999999999994316, 0.000000000000000000, -436.0963023023023766 ) ) ;
#8539 = CARTESIAN_POINT ( 'NONE',  ( 193.9659574756199447, -3.174999999999999822, -446.9879823279454740 ) ) ;
#8540 = CIRCLE ( 'NONE', #3252, 3.000000000000002665 ) ;
#8541 = DIRECTION ( 'NONE',  ( -0.000000000000000000, 1.000000000000000000, -0.000000000000000000 ) ) ;
#8542 = EDGE_CURVE ( 'NONE', #4049, #1705, #3646, .T. ) ;
#8543 = ORIENTED_EDGE ( 'NONE', *, *, #9013, .F. ) ;
#8544 = LINE ( 'NONE', #7731, #3619 ) ;
#8545 = DIRECTION ( 'NONE',  ( 1.000000000000000000, 0.000000000000000000, 0.000000000000000000 ) ) ;
#8546 = CARTESIAN_POINT ( 'NONE',  ( -250.2626310726667214, 0.000000000000000000, -458.1093375469639568 ) ) ;
#8547 = DIRECTION ( 'NONE',  ( 0.000000000000000000, 0.000000000000000000, 1.000000000000000000 ) ) ;
#8548 = DIRECTION ( 'NONE',  ( 0.000000000000000000, -1.000000000000000000, 0.000000000000000000 ) ) ;
#8549 = DIRECTION ( 'NONE',  ( -0.000000000000000000, -1.000000000000000000, -0.000000000000000000 ) ) ;
#8550 = DIRECTION ( 'NONE',  ( 0.000000000000000000, -1.000000000000000000, 0.000000000000000000 ) ) ;
#8551 = EDGE_LOOP ( 'NONE', ( #2252, #1882, #7812, #6901 ) ) ;
#8552 = VECTOR ( 'NONE', #9409, 1000.000000000000000 ) ;
#8553 = ORIENTED_EDGE ( 'NONE', *, *, #6065, .T. ) ;
#8554 = CYLINDRICAL_SURFACE ( 'NONE', #9350, 3.000000000000002665 ) ;
#8555 = DIRECTION ( 'NONE',  ( -0.000000000000000000, -1.000000000000000000, -0.000000000000000000 ) ) ;
#8556 = EDGE_CURVE ( 'NONE', #1504, #5331, #5084, .T. ) ;
#8557 = CARTESIAN_POINT ( 'NONE',  ( -242.4195857876090372, 0.000000000000000000, -459.6862461227964332 ) ) ;
#8558 = CYLINDRICAL_SURFACE ( 'NONE', #449, 3.000000000000002665 ) ;
#8559 = ORIENTED_EDGE ( 'NONE', *, *, #1273, .F. ) ;
#8560 = ORIENTED_EDGE ( 'NONE', *, *, #390, .F. ) ;
#8561 = CARTESIAN_POINT ( 'NONE',  ( 347.9999999999994316, 0.000000000000000000, 109.1536976976980355 ) ) ;
#8562 = ORIENTED_EDGE ( 'NONE', *, *, #2999, .T. ) ;
#8563 = FACE_OUTER_BOUND ( 'NONE', #7350, .T. ) ;
#8564 = DIRECTION ( 'NONE',  ( 0.000000000000000000, 0.000000000000000000, 1.000000000000000000 ) ) ;
#8565 = ADVANCED_FACE ( 'NONE', ( #7888 ), #2430, .F. ) ;
#8566 = VECTOR ( 'NONE', #9603, 1000.000000000000227 ) ;
#8567 = DIRECTION ( 'NONE',  ( 0.000000000000000000, 1.000000000000000000, 0.000000000000000000 ) ) ;
#8568 = DIRECTION ( 'NONE',  ( 0.000000000000000000, 0.000000000000000000, 1.000000000000000000 ) ) ;
#8569 = ORIENTED_EDGE ( 'NONE', *, *, #8849, .T. ) ;
#8570 = VECTOR ( 'NONE', #6896, 1000.000000000000000 ) ;
#8571 = ORIENTED_EDGE ( 'NONE', *, *, #3263, .F. ) ;
#8572 = ORIENTED_EDGE ( 'NONE', *, *, #6226, .F. ) ;
#8573 = VECTOR ( 'NONE', #4132, 1000.000000000000000 ) ;
#8574 = ORIENTED_EDGE ( 'NONE', *, *, #1785, .T. ) ;
#8575 = PLANE ( 'NONE',  #9260 ) ;
#8576 = EDGE_CURVE ( 'NONE', #4687, #5210, #2206, .T. ) ;
#8577 = VECTOR ( 'NONE', #8281, 1000.000000000000227 ) ;
#8578 = ORIENTED_EDGE ( 'NONE', *, *, #7204, .T. ) ;
#8579 = CIRCLE ( 'NONE', #4398, 3.000000000000002665 ) ;
#8580 = ORIENTED_EDGE ( 'NONE', *, *, #2945, .T. ) ;
#8581 = AXIS2_PLACEMENT_3D ( 'NONE', #2495, #2596, #1042 ) ;
#8582 = CARTESIAN_POINT ( 'NONE',  ( 493.9999999998082103, -3.174999999999999822, 168.4036976976977087 ) ) ;
#8583 = CARTESIAN_POINT ( 'NONE',  ( -542.4999999998080966, 0.000000000000000000, 171.4036976976977940 ) ) ;
#8584 = EDGE_CURVE ( 'NONE', #9368, #3372, #4681, .T. ) ;
#8585 = DIRECTION ( 'NONE',  ( -1.000000000000000000, 0.000000000000000000, 0.000000000000000000 ) ) ;
#8586 = VERTEX_POINT ( 'NONE', #8317 ) ;
#8587 = LINE ( 'NONE', #2612, #7236 ) ;
#8588 = AXIS2_PLACEMENT_3D ( 'NONE', #9496, #3419, #7984 ) ;
#8589 = AXIS2_PLACEMENT_3D ( 'NONE', #9186, #3168, #6070 ) ;
#8590 = DIRECTION ( 'NONE',  ( 0.9803806606322130746, 0.000000000000000000, 0.1971135719790632346 ) ) ;
#8591 = EDGE_CURVE ( 'NONE', #2909, #3567, #2687, .T. ) ;
#8592 = ADVANCED_FACE ( 'NONE', ( #7184 ), #1451, .F. ) ;
#8593 = LINE ( 'NONE', #183, #316 ) ;
#8594 = EDGE_LOOP ( 'NONE', ( #2859, #716, #8123, #2603 ) ) ;
#8595 = LINE ( 'NONE', #1728, #4414 ) ;
#8596 = VECTOR ( 'NONE', #5297, 1000.000000000000000 ) ;
#8597 = CARTESIAN_POINT ( 'NONE',  ( -265.9999999999997726, -3.174999999999999822, 171.4036976976977655 ) ) ;
#8598 = DIRECTION ( 'NONE',  ( 1.000000000000000000, 0.000000000000000000, -1.696813561850769255E-16 ) ) ;
#8599 = DIRECTION ( 'NONE',  ( 0.000000000000000000, 0.000000000000000000, -1.000000000000000000 ) ) ;
#8600 = FACE_OUTER_BOUND ( 'NONE', #4581, .T. ) ;
#8601 = EDGE_CURVE ( 'NONE', #4582, #2408, #8937, .T. ) ;
#8602 = FACE_OUTER_BOUND ( 'NONE', #3417, .T. ) ;
#8603 = CARTESIAN_POINT ( 'NONE',  ( 293.9999999999997726, -3.174999999999999822, 171.4036976976977371 ) ) ;
#8604 = CARTESIAN_POINT ( 'NONE',  ( -597.4999999998082103, -3.174999999999999822, 151.4036976976976518 ) ) ;
#8605 = ORIENTED_EDGE ( 'NONE', *, *, #1472, .T. ) ;
#8606 = VERTEX_POINT ( 'NONE', #5109 ) ;
#8607 = DIRECTION ( 'NONE',  ( 0.000000000000000000, -1.000000000000000000, 0.000000000000000000 ) ) ;
#8608 = PLANE ( 'NONE',  #5293 ) ;
#8609 = VECTOR ( 'NONE', #3894, 1000.000000000000000 ) ;
#8610 = DIRECTION ( 'NONE',  ( 0.000000000000000000, -0.000000000000000000, 1.000000000000000000 ) ) ;
#8611 = CARTESIAN_POINT ( 'NONE',  ( -558.9999999998083240, 0.000000000000000000, 115.9036976976977371 ) ) ;
#8612 = ORIENTED_EDGE ( 'NONE', *, *, #2192, .T. ) ;
#8613 = EDGE_CURVE ( 'NONE', #3567, #669, #5911, .T. ) ;
#8614 = AXIS2_PLACEMENT_3D ( 'NONE', #2979, #8442, #5931 ) ;
#8615 = ORIENTED_EDGE ( 'NONE', *, *, #1708, .F. ) ;
#8616 = LINE ( 'NONE', #254, #268 ) ;
#8617 = VERTEX_POINT ( 'NONE', #8266 ) ;
#8618 = CARTESIAN_POINT ( 'NONE',  ( -552.4999999998080966, 0.000000000000000000, 156.4036976976978792 ) ) ;
#8619 = CARTESIAN_POINT ( 'NONE',  ( 70.99999999999991473, 0.000000000000000000, -436.0963023023023766 ) ) ;
#8620 = CYLINDRICAL_SURFACE ( 'NONE', #3625, 3.000000000000002665 ) ;
#8621 = DIRECTION ( 'NONE',  ( -0.1971135719790631236, -0.000000000000000000, -0.9803806606322131856 ) ) ;
#8622 = VERTEX_POINT ( 'NONE', #1347 ) ;
#8623 = AXIS2_PLACEMENT_3D ( 'NONE', #8521, #5357, #1600 ) ;
#8624 = ORIENTED_EDGE ( 'NONE', *, *, #4810, .T. ) ;
#8625 = ORIENTED_EDGE ( 'NONE', *, *, #576, .F. ) ;
#8626 = CARTESIAN_POINT ( 'NONE',  ( -577.4999999998082103, 0.000000000000000000, 89.90369769769773711 ) ) ;
#8627 = ORIENTED_EDGE ( 'NONE', *, *, #9571, .F. ) ;
#8628 = VECTOR ( 'NONE', #1622, 1000.000000000000000 ) ;
#8629 = DIRECTION ( 'NONE',  ( -0.000000000000000000, 1.000000000000000000, -0.000000000000000000 ) ) ;
#8630 = CYLINDRICAL_SURFACE ( 'NONE', #2394, 3.000000000000002665 ) ;
#8631 = CARTESIAN_POINT ( 'NONE',  ( -239.4784438057124021, 0.000000000000000000, -460.2775868387336686 ) ) ;
#8632 = ORIENTED_EDGE ( 'NONE', *, *, #1500, .T. ) ;
#8633 = VECTOR ( 'NONE', #9802, 1000.000000000000000 ) ;
#8634 = DIRECTION ( 'NONE',  ( 0.000000000000000000, -1.000000000000000000, 0.000000000000000000 ) ) ;
#8635 = EDGE_CURVE ( 'NONE', #7299, #6869, #3656, .T. ) ;
#8636 = CARTESIAN_POINT ( 'NONE',  ( 493.3833710771748997, 0.000000000000000000, -373.0174943126375524 ) ) ;
#8637 = AXIS2_PLACEMENT_3D ( 'NONE', #6004, #1545, #2400 ) ;
#8638 = CARTESIAN_POINT ( 'NONE',  ( 62.99999999999991473, -3.174999999999999822, -471.5963023023023766 ) ) ;
#8639 = ORIENTED_EDGE ( 'NONE', *, *, #9503, .T. ) ;
#8640 = CARTESIAN_POINT ( 'NONE',  ( -100.0000000000000284, 0.000000000000000000, -471.5963023023023197 ) ) ;
#8641 = VECTOR ( 'NONE', #7569, 1000.000000000000000 ) ;
#8642 = DIRECTION ( 'NONE',  ( 0.000000000000000000, 0.000000000000000000, -1.000000000000000000 ) ) ;
#8643 = DIRECTION ( 'NONE',  ( 0.000000000000000000, -1.000000000000000000, 0.000000000000000000 ) ) ;
#8644 = AXIS2_PLACEMENT_3D ( 'NONE', #948, #2599, #5559 ) ;
#8645 = CARTESIAN_POINT ( 'NONE',  ( -597.4999999998082103, -3.174999999999999822, 151.4036976976976518 ) ) ;
#8646 = ORIENTED_EDGE ( 'NONE', *, *, #5217, .T. ) ;
#8647 = DIRECTION ( 'NONE',  ( 0.000000000000000000, 0.000000000000000000, 1.000000000000000000 ) ) ;
#8648 = DIRECTION ( 'NONE',  ( 0.000000000000000000, 0.000000000000000000, -1.000000000000000000 ) ) ;
#8649 = DIRECTION ( 'NONE',  ( 0.000000000000000000, 0.000000000000000000, -1.000000000000000000 ) ) ;
#8650 =( GEOMETRIC_REPRESENTATION_CONTEXT ( 3 ) GLOBAL_UNCERTAINTY_ASSIGNED_CONTEXT ( ( #8987 ) ) GLOBAL_UNIT_ASSIGNED_CONTEXT ( ( #6846, #9205, #2938 ) ) REPRESENTATION_CONTEXT ( 'NONE', 'WORKASPACE' ) );
#8651 = VERTEX_POINT ( 'NONE', #3376 ) ;
#8652 = ORIENTED_EDGE ( 'NONE', *, *, #907, .T. ) ;
#8653 = CIRCLE ( 'NONE', #653, 15.00000000000001421 ) ;
#8654 = DIRECTION ( 'NONE',  ( 0.000000000000000000, 0.000000000000000000, 1.000000000000000000 ) ) ;
#8655 = DIRECTION ( 'NONE',  ( 0.000000000000000000, -1.000000000000000000, 0.000000000000000000 ) ) ;
#8656 = ADVANCED_FACE ( 'NONE', ( #1304 ), #2052, .F. ) ;
#8657 = DIRECTION ( 'NONE',  ( 0.000000000000000000, -1.000000000000000000, 0.000000000000000000 ) ) ;
#8658 = DIRECTION ( 'NONE',  ( 0.000000000000000000, 0.000000000000000000, 1.000000000000000000 ) ) ;
#8659 = ORIENTED_EDGE ( 'NONE', *, *, #7787, .T. ) ;
#8660 = AXIS2_PLACEMENT_3D ( 'NONE', #7486, #2272, #6745 ) ;
#8661 = AXIS2_PLACEMENT_3D ( 'NONE', #5340, #6293, #37 ) ;
#8662 = ORIENTED_EDGE ( 'NONE', *, *, #1663, .T. ) ;
#8663 = EDGE_CURVE ( 'NONE', #7061, #952, #8778, .T. ) ;
#8664 = CYLINDRICAL_SURFACE ( 'NONE', #6339, 3.000000000000002665 ) ;
#8665 = ORIENTED_EDGE ( 'NONE', *, *, #2570, .T. ) ;
#8666 = EDGE_CURVE ( 'NONE', #9043, #4863, #9422, .T. ) ;
#8667 = DIRECTION ( 'NONE',  ( 0.000000000000000000, 0.000000000000000000, 1.000000000000000000 ) ) ;
#8668 = CARTESIAN_POINT ( 'NONE',  ( -597.4999999998082103, 0.000000000000000000, 120.9036976976977371 ) ) ;
#8669 = DIRECTION ( 'NONE',  ( -0.000000000000000000, -1.000000000000000000, -0.000000000000000000 ) ) ;
#8670 = CARTESIAN_POINT ( 'NONE',  ( 96.99999999999990052, 0.000000000000000000, -436.0963023023023766 ) ) ;
#8671 = ORIENTED_EDGE ( 'NONE', *, *, #8996, .T. ) ;
#8672 = CIRCLE ( 'NONE', #4337, 3.000000000000002665 ) ;
#8673 = ORIENTED_EDGE ( 'NONE', *, *, #398, .T. ) ;
#8674 = VERTEX_POINT ( 'NONE', #2101 ) ;
#8675 = DIRECTION ( 'NONE',  ( 0.000000000000000000, 1.000000000000000000, 0.000000000000000000 ) ) ;
#8676 = ORIENTED_EDGE ( 'NONE', *, *, #3366, .F. ) ;
#8677 = CARTESIAN_POINT ( 'NONE',  ( -594.4999999998082103, 0.000000000000000000, -307.5963023023023197 ) ) ;
#8678 = CARTESIAN_POINT ( 'NONE',  ( -597.4999999998082103, -3.174999999999999822, 92.90369769769773711 ) ) ;
#8679 = AXIS2_PLACEMENT_3D ( 'NONE', #7612, #5115, #5214 ) ;
#8680 = EDGE_CURVE ( 'NONE', #3010, #8396, #3977, .T. ) ;
#8681 = DIRECTION ( 'NONE',  ( -0.000000000000000000, 1.000000000000000000, -0.000000000000000000 ) ) ;
#8682 = EDGE_LOOP ( 'NONE', ( #9175, #1144, #6262, #8562 ) ) ;
#8683 = DIRECTION ( 'NONE',  ( -0.000000000000000000, 1.000000000000000000, -0.000000000000000000 ) ) ;
#8684 = CARTESIAN_POINT ( 'NONE',  ( -264.8334738013187462, -3.174999999999999822, -418.9693255109809797 ) ) ;
#8685 = CARTESIAN_POINT ( 'NONE',  ( 516.4999999998082103, 0.000000000000000000, 132.9036976976976803 ) ) ;
#8686 = ORIENTED_EDGE ( 'NONE', *, *, #7168, .T. ) ;
#8687 = FACE_OUTER_BOUND ( 'NONE', #9749, .T. ) ;
#8688 = EDGE_CURVE ( 'NONE', #7247, #9179, #378, .T. ) ;
#8689 = DIRECTION ( 'NONE',  ( 0.000000000000000000, -1.000000000000000000, 0.000000000000000000 ) ) ;
#8690 = CARTESIAN_POINT ( 'NONE',  ( -597.4999999998082103, -3.174999999999999822, -287.5963023023022629 ) ) ;
#8691 = PLANE ( 'NONE',  #1152 ) ;
#8692 = VERTEX_POINT ( 'NONE', #6437 ) ;
#8693 = CARTESIAN_POINT ( 'NONE',  ( -594.4999999998082103, -3.174999999999999822, -276.5963023023022629 ) ) ;
#8694 = AXIS2_PLACEMENT_3D ( 'NONE', #9879, #8263, #3705 ) ;
#8695 = DIRECTION ( 'NONE',  ( 0.000000000000000000, 0.000000000000000000, -1.000000000000000000 ) ) ;
#8696 = CYLINDRICAL_SURFACE ( 'NONE', #9840, 3.000000000000002665 ) ;
#8697 = ADVANCED_FACE ( 'NONE', ( #2198 ), #5677, .F. ) ;
#8698 = EDGE_LOOP ( 'NONE', ( #339, #1391, #541, #3608 ) ) ;
#8699 = ORIENTED_EDGE ( 'NONE', *, *, #8218, .F. ) ;
#8700 = VECTOR ( 'NONE', #693, 1000.000000000000000 ) ;
#8701 = CARTESIAN_POINT ( 'NONE',  ( 282.9999999999997726, -3.174999999999999822, 168.4036976976977371 ) ) ;
#8702 = DIRECTION ( 'NONE',  ( 2.109170134115681985E-16, 0.000000000000000000, 1.000000000000000000 ) ) ;
#8703 = DIRECTION ( 'NONE',  ( 0.000000000000000000, 0.000000000000000000, 1.000000000000000000 ) ) ;
#8704 = DIRECTION ( 'NONE',  ( 0.000000000000000000, 0.000000000000000000, 1.000000000000000000 ) ) ;
#8705 = ADVANCED_FACE ( 'NONE', ( #5260 ), #554, .F. ) ;
#8706 = ORIENTED_EDGE ( 'NONE', *, *, #9257, .F. ) ;
#8707 = DIRECTION ( 'NONE',  ( -0.000000000000000000, 1.000000000000000000, -0.000000000000000000 ) ) ;
#8708 = CIRCLE ( 'NONE', #1188, 3.000000000000002665 ) ;
#8709 = EDGE_CURVE ( 'NONE', #704, #5278, #614, .T. ) ;
#8710 = EDGE_CURVE ( 'NONE', #3554, #777, #773, .T. ) ;
#8711 = EDGE_LOOP ( 'NONE', ( #6298, #8652, #6050, #5651 ) ) ;
#8712 = DIRECTION ( 'NONE',  ( 0.1971135719790630680, 0.000000000000000000, 0.9803806606322130746 ) ) ;
#8713 = ORIENTED_EDGE ( 'NONE', *, *, #7296, .T. ) ;
#8714 = DIRECTION ( 'NONE',  ( 0.000000000000000000, 0.000000000000000000, 1.000000000000000000 ) ) ;
#8715 = DIRECTION ( 'NONE',  ( 0.000000000000000000, -1.000000000000000000, 0.000000000000000000 ) ) ;
#8716 = DIRECTION ( 'NONE',  ( 0.000000000000000000, -1.000000000000000000, 0.000000000000000000 ) ) ;
#8717 = DIRECTION ( 'NONE',  ( 0.000000000000000000, 0.000000000000000000, 1.000000000000000000 ) ) ;
#8718 = ORIENTED_EDGE ( 'NONE', *, *, #5072, .T. ) ;
#8719 = PRODUCT_DEFINITION_SHAPE ( 'NONE', 'NONE',  #5014 ) ;
#8720 = EDGE_CURVE ( 'NONE', #9055, #813, #7809, .T. ) ;
#8721 = VERTEX_POINT ( 'NONE', #9685 ) ;
#8722 = FACE_OUTER_BOUND ( 'NONE', #4292, .T. ) ;
#8723 = ORIENTED_EDGE ( 'NONE', *, *, #6308, .T. ) ;
#8724 = ADVANCED_FACE ( 'NONE', ( #6769 ), #9833, .F. ) ;
#8725 = DIRECTION ( 'NONE',  ( -0.000000000000000000, -1.000000000000000000, 0.000000000000000000 ) ) ;
#8726 = DIRECTION ( 'NONE',  ( 0.000000000000000000, -1.000000000000000000, 0.000000000000000000 ) ) ;
#8727 = AXIS2_PLACEMENT_3D ( 'NONE', #788, #9366, #6253 ) ;
#8728 = VECTOR ( 'NONE', #269, 1000.000000000000000 ) ;
#8729 = LINE ( 'NONE', #9388, #205 ) ;
#8730 = ORIENTED_EDGE ( 'NONE', *, *, #6601, .T. ) ;
#8731 = DIRECTION ( 'NONE',  ( 0.000000000000000000, 0.000000000000000000, -1.000000000000000000 ) ) ;
#8732 = LINE ( 'NONE', #8934, #4151 ) ;
#8733 = CIRCLE ( 'NONE', #2647, 3.000000000000002665 ) ;
#8734 = DIRECTION ( 'NONE',  ( 0.000000000000000000, 0.000000000000000000, -1.000000000000000000 ) ) ;
#8735 = CIRCLE ( 'NONE', #8892, 10.00000000000000888 ) ;
#8736 = EDGE_CURVE ( 'NONE', #9165, #8269, #4768, .T. ) ;
#8737 = VERTEX_POINT ( 'NONE', #6908 ) ;
#8738 = CARTESIAN_POINT ( 'NONE',  ( 462.5013802672600036, 0.000000000000000000, -379.2265718299780701 ) ) ;
#8739 = DIRECTION ( 'NONE',  ( 0.000000000000000000, -1.000000000000000000, 0.000000000000000000 ) ) ;
#8740 = CARTESIAN_POINT ( 'NONE',  ( 347.9999999999994316, -3.174999999999999822, 106.4036976976980640 ) ) ;
#8741 = DIRECTION ( 'NONE',  ( -0.1971135719790635954, 0.000000000000000000, 0.9803806606322129635 ) ) ;
#8742 = VERTEX_POINT ( 'NONE', #5405 ) ;
#8743 = CIRCLE ( 'NONE', #9223, 3.000000000000002665 ) ;
#8744 = LINE ( 'NONE', #1871, #8566 ) ;
#8745 = DIRECTION ( 'NONE',  ( -0.000000000000000000, 1.000000000000000000, -0.000000000000000000 ) ) ;
#8746 = AXIS2_PLACEMENT_3D ( 'NONE', #6837, #4730, #5481 ) ;
#8747 = ADVANCED_FACE ( 'NONE', ( #105 ), #3100, .T. ) ;
#8748 = ORIENTED_EDGE ( 'NONE', *, *, #7116, .F. ) ;
#8749 = AXIS2_PLACEMENT_3D ( 'NONE', #5480, #4432, #6751 ) ;
#8750 = VERTEX_POINT ( 'NONE', #898 ) ;
#8751 = CARTESIAN_POINT ( 'NONE',  ( -97.00000000000001421, 0.000000000000000000, -436.0963023023023766 ) ) ;
#8752 = CARTESIAN_POINT ( 'NONE',  ( -503.3220448643284044, -3.174999999999999822, -407.2296670491438135 ) ) ;
#8753 = CARTESIAN_POINT ( 'NONE',  ( 211.6283709647891556, -3.174999999999999822, -458.7369886577429270 ) ) ;
#8754 = DIRECTION ( 'NONE',  ( 0.000000000000000000, 0.000000000000000000, 1.000000000000000000 ) ) ;
#8755 = VERTEX_POINT ( 'NONE', #5503 ) ;
#8756 = CARTESIAN_POINT ( 'NONE',  ( -402.0000000000000000, 0.000000000000000000, -366.8463023023023766 ) ) ;
#8757 = EDGE_LOOP ( 'NONE', ( #829, #4007, #2032, #108 ) ) ;
#8758 = AXIS2_PLACEMENT_3D ( 'NONE', #3499, #357, #6512 ) ;
#8759 = ORIENTED_EDGE ( 'NONE', *, *, #8601, .T. ) ;
#8760 = AXIS2_PLACEMENT_3D ( 'NONE', #1547, #57, #3753 ) ;
#8761 = DIRECTION ( 'NONE',  ( 0.000000000000000000, 0.000000000000000000, 1.000000000000000000 ) ) ;
#8762 = ORIENTED_EDGE ( 'NONE', *, *, #701, .T. ) ;
#8763 = AXIS2_PLACEMENT_3D ( 'NONE', #1386, #1337, #9868 ) ;
#8764 = DIRECTION ( 'NONE',  ( -0.000000000000000000, -1.000000000000000000, -0.000000000000000000 ) ) ;
#8765 = DIRECTION ( 'NONE',  ( 0.9803806606322137407, 0.000000000000000000, -0.1971135719790607643 ) ) ;
#8766 = FACE_OUTER_BOUND ( 'NONE', #4371, .T. ) ;
#8767 = FACE_OUTER_BOUND ( 'NONE', #3426, .T. ) ;
#8768 = ORIENTED_EDGE ( 'NONE', *, *, #5949, .F. ) ;
#8769 = EDGE_CURVE ( 'NONE', #3344, #9288, #7007, .T. ) ;
#8770 = EDGE_CURVE ( 'NONE', #843, #9057, #5457, .T. ) ;
#8771 = AXIS2_PLACEMENT_3D ( 'NONE', #95, #9917, #2390 ) ;
#8772 = ORIENTED_EDGE ( 'NONE', *, *, #5103, .T. ) ;
#8773 = DIRECTION ( 'NONE',  ( 0.000000000000000000, -1.000000000000000000, 0.000000000000000000 ) ) ;
#8774 = ORIENTED_EDGE ( 'NONE', *, *, #4123, .F. ) ;
#8775 = AXIS2_PLACEMENT_3D ( 'NONE', #2900, #4441, #8360 ) ;
#8776 = PLANE ( 'NONE',  #2059 ) ;
#8777 = DIRECTION ( 'NONE',  ( 0.000000000000000000, -1.000000000000000000, 0.000000000000000000 ) ) ;
#8778 = CIRCLE ( 'NONE', #9261, 15.00000000000001421 ) ;
#8779 = EDGE_CURVE ( 'NONE', #5241, #2666, #1256, .T. ) ;
#8780 = EDGE_CURVE ( 'NONE', #333, #5819, #5579, .T. ) ;
#8781 = CIRCLE ( 'NONE', #1892, 3.000000000000002665 ) ;
#8782 = CARTESIAN_POINT ( 'NONE',  ( -556.0419601082584222, -1.587499999999999467, 87.40369769769773711 ) ) ;
#8783 = VERTEX_POINT ( 'NONE', #2250 ) ;
#8784 = CARTESIAN_POINT ( 'NONE',  ( -145.5000000000000000, -3.174999999999999822, -420.3463023023023766 ) ) ;
#8785 = LINE ( 'NONE', #518, #7878 ) ;
#8786 = VECTOR ( 'NONE', #3457, 1000.000000000000000 ) ;
#8787 = DIRECTION ( 'NONE',  ( -0.000000000000000000, 1.000000000000000000, -0.000000000000000000 ) ) ;
#8788 = EDGE_LOOP ( 'NONE', ( #8748, #9285, #5709, #5389 ) ) ;
#8789 = CYLINDRICAL_SURFACE ( 'NONE', #7942, 3.000000000000002665 ) ;
#8790 = LINE ( 'NONE', #7183, #1702 ) ;
#8791 = AXIS2_PLACEMENT_3D ( 'NONE', #8337, #3018, #2268 ) ;
#8792 = LINE ( 'NONE', #1921, #7381 ) ;
#8793 = ORIENTED_EDGE ( 'NONE', *, *, #8359, .T. ) ;
#8794 = EDGE_CURVE ( 'NONE', #1432, #4615, #6814, .T. ) ;
#8795 = LINE ( 'NONE', #7383, #8080 ) ;
#8796 = DIRECTION ( 'NONE',  ( 0.1971135719790633456, 0.000000000000000000, 0.9803806606322130746 ) ) ;
#8797 = APPLICATION_CONTEXT ( 'automotive_design' ) ;
#8798 = VECTOR ( 'NONE', #5225, 1000.000000000000000 ) ;
#8799 = AXIS2_PLACEMENT_3D ( 'NONE', #3988, #1826, #7044 ) ;
#8800 = AXIS2_PLACEMENT_3D ( 'NONE', #2432, #4783, #135 ) ;
#8801 = ORIENTED_EDGE ( 'NONE', *, *, #5205, .T. ) ;
#8802 = ORIENTED_EDGE ( 'NONE', *, *, #3510, .T. ) ;
#8803 = VECTOR ( 'NONE', #366, 1000.000000000000000 ) ;
#8804 = CARTESIAN_POINT ( 'NONE',  ( -242.4195857876090372, -3.174999999999999822, -459.6862461227964332 ) ) ;
#8805 = CARTESIAN_POINT ( 'NONE',  ( 65.99999999999990052, -3.174999999999999822, -436.0963023023023766 ) ) ;
#8806 = FACE_OUTER_BOUND ( 'NONE', #1591, .T. ) ;
#8807 = CARTESIAN_POINT ( 'NONE',  ( -267.7746157832154381, 0.000000000000000000, -418.3779847950438011 ) ) ;
#8808 = ADVANCED_FACE ( 'NONE', ( #7604 ), #804, .F. ) ;
#8809 = ORIENTED_EDGE ( 'NONE', *, *, #2277, .F. ) ;
#8810 = CARTESIAN_POINT ( 'NONE',  ( -597.4999999998082103, 0.000000000000000000, 92.90369769769773711 ) ) ;
#8811 = ORIENTED_EDGE ( 'NONE', *, *, #5668, .T. ) ;
#8812 = VECTOR ( 'NONE', #9012, 1000.000000000000000 ) ;
#8813 = EDGE_LOOP ( 'NONE', ( #2642, #9361, #9888, #4340 ) ) ;
#8814 = VECTOR ( 'NONE', #5621, 1000.000000000000000 ) ;
#8815 = DIRECTION ( 'NONE',  ( 0.000000000000000000, -1.000000000000000000, 0.000000000000000000 ) ) ;
#8816 = VERTEX_POINT ( 'NONE', #3808 ) ;
#8817 = DIRECTION ( 'NONE',  ( 0.000000000000000000, 0.000000000000000000, 1.000000000000000000 ) ) ;
#8818 = CARTESIAN_POINT ( 'NONE',  ( 264.8334738013186325, 0.000000000000000000, -418.9693255109810366 ) ) ;
#8819 = EDGE_CURVE ( 'NONE', #2129, #6640, #7330, .T. ) ;
#8820 = CIRCLE ( 'NONE', #4480, 3.000000000000002665 ) ;
#8821 = DIRECTION ( 'NONE',  ( 0.000000000000000000, -1.000000000000000000, 0.000000000000000000 ) ) ;
#8822 = LINE ( 'NONE', #8253, #2355 ) ;
#8823 = VERTEX_POINT ( 'NONE', #3054 ) ;
#8824 = AXIS2_PLACEMENT_3D ( 'NONE', #2684, #8707, #394 ) ;
#8825 = CARTESIAN_POINT ( 'NONE',  ( 237.2899358248527903, 0.000000000000000000, -421.4899436373512458 ) ) ;
#8826 = FACE_OUTER_BOUND ( 'NONE', #4563, .T. ) ;
#8827 = EDGE_CURVE ( 'NONE', #776, #7371, #6211, .T. ) ;
#8828 = VERTEX_POINT ( 'NONE', #9332 ) ;
#8829 = EDGE_CURVE ( 'NONE', #7507, #2996, #3001, .T. ) ;
#8830 = VECTOR ( 'NONE', #1172, 1000.000000000000000 ) ;
#8831 = FACE_OUTER_BOUND ( 'NONE', #3864, .T. ) ;
#8832 = DIRECTION ( 'NONE',  ( 0.000000000000000000, -1.000000000000000000, 0.000000000000000000 ) ) ;
#8833 = CARTESIAN_POINT ( 'NONE',  ( -169.5000000000000000, 6.825000000000000178, -413.8463023023023197 ) ) ;
#8834 = ORIENTED_EDGE ( 'NONE', *, *, #1254, .T. ) ;
#8835 = ORIENTED_EDGE ( 'NONE', *, *, #6601, .F. ) ;
#8837 = DIRECTION ( 'NONE',  ( 0.000000000000000000, -1.000000000000000000, 0.000000000000000000 ) ) ;
#8836 = AXIS2_PLACEMENT_3D ( 'NONE', #2419, #5473, #8535 ) ;
#8838 = CARTESIAN_POINT ( 'NONE',  ( -516.4999999998082103, 0.000000000000000000, 132.9036976976976803 ) ) ;
#8839 = CIRCLE ( 'NONE', #1950, 3.000000000000002665 ) ;
#8840 = ADVANCED_FACE ( 'NONE', ( #3856 ), #7561, .F. ) ;
#8841 = VERTEX_POINT ( 'NONE', #6056 ) ;
#8842 = PLANE ( 'NONE',  #3143 ) ;
#8843 = ADVANCED_FACE ( 'NONE', ( #7706 ), #9279, .F. ) ;
#8844 = LINE ( 'NONE', #1498, #124 ) ;
#8845 = CARTESIAN_POINT ( 'NONE',  ( 235.4220539823521676, -3.174999999999999822, -424.8827326703529934 ) ) ;
#8846 = ORIENTED_EDGE ( 'NONE', *, *, #6258, .T. ) ;
#8847 = DIRECTION ( 'NONE',  ( 0.000000000000000000, -1.000000000000000000, 0.000000000000000000 ) ) ;
#8848 = CYLINDRICAL_SURFACE ( 'NONE', #3761, 3.000000000000002665 ) ;
#8849 = EDGE_CURVE ( 'NONE', #8870, #304, #6109, .T. ) ;
#8850 = DIRECTION ( 'NONE',  ( -0.000000000000000000, -1.000000000000000000, -0.000000000000000000 ) ) ;
#8851 = ORIENTED_EDGE ( 'NONE', *, *, #2015, .T. ) ;
#8852 = EDGE_LOOP ( 'NONE', ( #198, #7226, #6297, #1581 ) ) ;
#8853 = CARTESIAN_POINT ( 'NONE',  ( -581.4422714393892875, 0.000000000000000000, -394.5829907101505114 ) ) ;
#8854 = CYLINDRICAL_SURFACE ( 'NONE', #1286, 3.000000000000002665 ) ;
#8855 = CARTESIAN_POINT ( 'NONE',  ( -69.00000000000001421, -3.174999999999999822, -436.0963023023023766 ) ) ;
#8856 = LINE ( 'NONE', #5836, #5565 ) ;
#8857 = ORIENTED_EDGE ( 'NONE', *, *, #3381, .T. ) ;
#8858 = DIRECTION ( 'NONE',  ( 0.000000000000000000, -1.000000000000000000, 0.000000000000000000 ) ) ;
#8859 = ORIENTED_EDGE ( 'NONE', *, *, #7045, .F. ) ;
#8860 = AXIS2_PLACEMENT_3D ( 'NONE', #8912, #7400, #500 ) ;
#8861 = ORIENTED_EDGE ( 'NONE', *, *, #5949, .T. ) ;
#8862 = EDGE_CURVE ( 'NONE', #8297, #2496, #2516, .T. ) ;
#8863 = DIRECTION ( 'NONE',  ( -1.000000000000000000, 0.000000000000000000, 7.209240419646269740E-17 ) ) ;
#8864 = EDGE_LOOP ( 'NONE', ( #3171, #2354, #7048, #9470 ) ) ;
#8865 = DIRECTION ( 'NONE',  ( -0.000000000000000000, 1.000000000000000000, -0.000000000000000000 ) ) ;
#8866 = DIRECTION ( 'NONE',  ( 0.000000000000000000, 0.000000000000000000, 1.000000000000000000 ) ) ;
#8867 = DIRECTION ( 'NONE',  ( -0.000000000000000000, 1.000000000000000000, -0.000000000000000000 ) ) ;
#8868 = DIRECTION ( 'NONE',  ( -0.000000000000000000, -1.000000000000000000, -0.000000000000000000 ) ) ;
#8869 = ORIENTED_EDGE ( 'NONE', *, *, #6963, .T. ) ;
#8870 = VERTEX_POINT ( 'NONE', #213 ) ;
#8871 = FACE_OUTER_BOUND ( 'NONE', #4796, .T. ) ;
#8872 = ORIENTED_EDGE ( 'NONE', *, *, #9787, .T. ) ;
#8873 = ADVANCED_FACE ( 'NONE', ( #3448 ), #2694, .F. ) ;
#8874 = CARTESIAN_POINT ( 'NONE',  ( 99.99999999999991473, 0.000000000000000000, -471.5963023023023766 ) ) ;
#8875 = CARTESIAN_POINT ( 'NONE',  ( 594.4999999998082103, -3.174999999999999822, 81.90369769769773711 ) ) ;
#8876 = CIRCLE ( 'NONE', #244, 3.000000000000002665 ) ;
#8877 = ORIENTED_EDGE ( 'NONE', *, *, #4622, .T. ) ;
#8878 = LINE ( 'NONE', #2004, #974 ) ;
#8879 = VERTEX_POINT ( 'NONE', #1896 ) ;
#8880 = ORIENTED_EDGE ( 'NONE', *, *, #6711, .F. ) ;
#8881 = DIRECTION ( 'NONE',  ( -0.000000000000000000, -1.000000000000000000, -0.000000000000000000 ) ) ;
#8882 = CARTESIAN_POINT ( 'NONE',  ( 96.99999999999990052, -3.174999999999999822, -433.0963023023023766 ) ) ;
#8883 = ORIENTED_EDGE ( 'NONE', *, *, #7799, .T. ) ;
#8884 = DIRECTION ( 'NONE',  ( -0.000000000000000000, 1.000000000000000000, -0.000000000000000000 ) ) ;
#8885 = EDGE_CURVE ( 'NONE', #634, #5725, #6518, .T. ) ;
#8886 = DIRECTION ( 'NONE',  ( -0.000000000000000000, 1.000000000000000000, -0.000000000000000000 ) ) ;
#8887 = VERTEX_POINT ( 'NONE', #6513 ) ;
#8888 = VECTOR ( 'NONE', #5795, 1000.000000000000000 ) ;
#8889 = EDGE_CURVE ( 'NONE', #5342, #2659, #1047, .T. ) ;
#8890 = CARTESIAN_POINT ( 'NONE',  ( 490.4422290952782646, 0.000000000000000000, -370.6088350285747310 ) ) ;
#8891 = EDGE_CURVE ( 'NONE', #3059, #3554, #2183, .T. ) ;
#8892 = AXIS2_PLACEMENT_3D ( 'NONE', #1764, #4610, #2362 ) ;
#8893 = DIRECTION ( 'NONE',  ( 0.000000000000000000, -1.000000000000000000, 0.000000000000000000 ) ) ;
#8894 = CARTESIAN_POINT ( 'NONE',  ( -558.9999999998083240, -3.174999999999999822, -282.5963023023023197 ) ) ;
#8895 = VECTOR ( 'NONE', #4465, 1000.000000000000000 ) ;
#8896 = ORIENTED_EDGE ( 'NONE', *, *, #6407, .F. ) ;
#8897 = ORIENTED_EDGE ( 'NONE', *, *, #3389, .T. ) ;
#8898 = AXIS2_PLACEMENT_3D ( 'NONE', #3950, #7205, #7905 ) ;
#8899 = PLANE ( 'NONE',  #1860 ) ;
#8900 = DIRECTION ( 'NONE',  ( 0.000000000000000000, 0.000000000000000000, 1.000000000000000000 ) ) ;
#8901 = EDGE_CURVE ( 'NONE', #7001, #8783, #7798, .T. ) ;
#8902 = LINE ( 'NONE', #7391, #9540 ) ;
#8903 = CARTESIAN_POINT ( 'NONE',  ( 153.5995066845797510, -3.174999999999999822, -464.5963023023023766 ) ) ;
#8904 = ORIENTED_EDGE ( 'NONE', *, *, #7168, .F. ) ;
#8905 = DIRECTION ( 'NONE',  ( -0.000000000000000000, 1.000000000000000000, -0.000000000000000000 ) ) ;
#8906 = ORIENTED_EDGE ( 'NONE', *, *, #8346, .T. ) ;
#8907 = AXIS2_PLACEMENT_3D ( 'NONE', #5630, #8689, #3236 ) ;
#8908 = AXIS2_PLACEMENT_3D ( 'NONE', #2769, #2014, #4316 ) ;
#8909 = ORIENTED_EDGE ( 'NONE', *, *, #2927, .F. ) ;
#8910 = CARTESIAN_POINT ( 'NONE',  ( -519.4999999998082103, 0.000000000000000000, 129.9036976976976803 ) ) ;
#8911 = VERTEX_POINT ( 'NONE', #4953 ) ;
#8912 = CARTESIAN_POINT ( 'NONE',  ( 597.4999999998079829, 0.000000000000000000, 112.9036976976977371 ) ) ;
#8913 = PLANE ( 'NONE',  #802 ) ;
#8914 = CIRCLE ( 'NONE', #1542, 3.000000000000002665 ) ;
#8915 = LINE ( 'NONE', #2043, #4118 ) ;
#8916 = DIRECTION ( 'NONE',  ( 0.9803806606322130746, 0.000000000000000000, -0.1971135719790633178 ) ) ;
#8917 = AXIS2_PLACEMENT_3D ( 'NONE', #4268, #6768, #6055 ) ;
#8918 = ORIENTED_EDGE ( 'NONE', *, *, #9870, .F. ) ;
#8919 = EDGE_CURVE ( 'NONE', #2816, #1980, #9568, .T. ) ;
#8920 = CARTESIAN_POINT ( 'NONE',  ( -288.9999999999997726, 0.000000000000000000, 132.9036976976976803 ) ) ;
#8921 = DIRECTION ( 'NONE',  ( 0.000000000000000000, 0.000000000000000000, 1.000000000000000000 ) ) ;
#8922 = AXIS2_PLACEMENT_3D ( 'NONE', #8670, #1103, #3353 ) ;
#8923 = EDGE_CURVE ( 'NONE', #550, #3907, #1151, .T. ) ;
#8924 = CIRCLE ( 'NONE', #5872, 2.749999999999974687 ) ;
#8925 = ORIENTED_EDGE ( 'NONE', *, *, #3916, .T. ) ;
#8926 = DIRECTION ( 'NONE',  ( 0.000000000000000000, -1.000000000000000000, 0.000000000000000000 ) ) ;
#8927 = DIRECTION ( 'NONE',  ( 0.000000000000000000, 0.000000000000000000, 1.000000000000000000 ) ) ;
#8928 = DIRECTION ( 'NONE',  ( -0.000000000000000000, -1.000000000000000000, -0.000000000000000000 ) ) ;
#8929 = VECTOR ( 'NONE', #8444, 1000.000000000000000 ) ;
#8930 = ORIENTED_EDGE ( 'NONE', *, *, #9823, .F. ) ;
#8931 = DIRECTION ( 'NONE',  ( 0.000000000000000000, 0.000000000000000000, 1.000000000000000000 ) ) ;
#8932 = VERTEX_POINT ( 'NONE', #7113 ) ;
#8933 = ORIENTED_EDGE ( 'NONE', *, *, #2331, .T. ) ;
#8934 = CARTESIAN_POINT ( 'NONE',  ( -558.9999999998083240, 0.000000000000000000, 84.90369769769773711 ) ) ;
#8935 = CARTESIAN_POINT ( 'NONE',  ( 597.4999999998082103, 0.000000000000000000, 131.4036976976981634 ) ) ;
#8936 = AXIS2_PLACEMENT_3D ( 'NONE', #4762, #6319, #2358 ) ;
#8937 = CIRCLE ( 'NONE', #3809, 3.000000000000002665 ) ;
#8938 = ORIENTED_EDGE ( 'NONE', *, *, #9112, .F. ) ;
#8939 = CARTESIAN_POINT ( 'NONE',  ( 577.4999999998079829, -3.174999999999999822, -121.5963023023017797 ) ) ;
#8940 = EDGE_CURVE ( 'NONE', #6500, #2255, #4011, .T. ) ;
#8941 = FACE_OUTER_BOUND ( 'NONE', #1922, .T. ) ;
#8942 = EDGE_LOOP ( 'NONE', ( #9567, #5296, #3827, #1659 ) ) ;
#8943 = CARTESIAN_POINT ( 'NONE',  ( -503.3220448643284044, -3.174999999999999822, -407.2296670491438135 ) ) ;
#8944 = CARTESIAN_POINT ( 'NONE',  ( 558.9999999998080966, -3.174999999999999822, 89.90369769769773711 ) ) ;
#8945 = DIRECTION ( 'NONE',  ( 0.000000000000000000, 0.000000000000000000, 1.000000000000000000 ) ) ;
#8946 = ADVANCED_FACE ( 'NONE', ( #9377 ), #2502, .F. ) ;
#8947 = ORIENTED_EDGE ( 'NONE', *, *, #1331, .T. ) ;
#8948 = ADVANCED_FACE ( 'NONE', ( #8767 ), #260, .F. ) ;
#8949 = AXIS2_PLACEMENT_3D ( 'NONE', #1166, #7981, #5821 ) ;
#8950 = ORIENTED_EDGE ( 'NONE', *, *, #5386, .F. ) ;
#8951 = DIRECTION ( 'NONE',  ( -0.000000000000000000, 1.000000000000000000, 0.000000000000000000 ) ) ;
#8952 = DIRECTION ( 'NONE',  ( 0.000000000000000000, 0.000000000000000000, -1.000000000000000000 ) ) ;
#8953 = LINE ( 'NONE', #533, #1847 ) ;
#8954 = DIRECTION ( 'NONE',  ( 0.000000000000000000, -1.000000000000000000, 0.000000000000000000 ) ) ;
#8955 = VERTEX_POINT ( 'NONE', #404 ) ;
#8956 = CARTESIAN_POINT ( 'NONE',  ( -257.9999999999997158, 0.000000000000000000, 168.4036976976977655 ) ) ;
#8957 = ORIENTED_EDGE ( 'NONE', *, *, #5244, .F. ) ;
#8958 = VECTOR ( 'NONE', #5672, 1000.000000000000000 ) ;
#8959 = CIRCLE ( 'NONE', #640, 14.99999999999995737 ) ;
#8960 = ORIENTED_EDGE ( 'NONE', *, *, #4464, .T. ) ;
#8961 = DIRECTION ( 'NONE',  ( 0.000000000000000000, 0.000000000000000000, 1.000000000000000000 ) ) ;
#8962 = ORIENTED_EDGE ( 'NONE', *, *, #7799, .F. ) ;
#8963 = EDGE_CURVE ( 'NONE', #333, #9108, #4756, .T. ) ;
#8964 = CARTESIAN_POINT ( 'NONE',  ( -260.4999999999997158, 0.000000000000000000, 129.9456578061478922 ) ) ;
#8965 = DIRECTION ( 'NONE',  ( -0.000000000000000000, 1.000000000000000000, -0.000000000000000000 ) ) ;
#8967 = CARTESIAN_POINT ( 'NONE',  ( 401.9999999999998295, 0.000000000000000000, -369.5963023023019787 ) ) ;
#8966 = AXIS2_PLACEMENT_3D ( 'NONE', #6966, #117, #2413 ) ;
#8968 = CARTESIAN_POINT ( 'NONE',  ( -250.8539717886039000, -3.174999999999999822, -461.0504795288606488 ) ) ;
#8969 = EDGE_LOOP ( 'NONE', ( #1092, #7557, #7329, #1495 ) ) ;
#8970 = AXIS2_PLACEMENT_3D ( 'NONE', #9374, #7208, #9476 ) ;
#8971 = ORIENTED_EDGE ( 'NONE', *, *, #6673, .T. ) ;
#8972 = DIRECTION ( 'NONE',  ( -0.000000000000000000, -1.000000000000000000, -0.000000000000000000 ) ) ;
#8973 = EDGE_CURVE ( 'NONE', #4641, #3428, #4808, .T. ) ;
#8974 = ORIENTED_EDGE ( 'NONE', *, *, #8891, .F. ) ;
#8975 = AXIS2_PLACEMENT_3D ( 'NONE', #1324, #4937, #7288 ) ;
#8976 = DIRECTION ( 'NONE',  ( 0.000000000000000000, -1.000000000000000000, 0.000000000000000000 ) ) ;
#8977 = CARTESIAN_POINT ( 'NONE',  ( -63.00000000000001421, -3.174999999999999822, -474.5963023023023197 ) ) ;
#8978 = CARTESIAN_POINT ( 'NONE',  ( 259.9999999999997158, 0.000000000000000000, 132.9036976976976803 ) ) ;
#8979 = VECTOR ( 'NONE', #7710, 1000.000000000000000 ) ;
#8980 = ORIENTED_EDGE ( 'NONE', *, *, #9112, .T. ) ;
#8981 = CYLINDRICAL_SURFACE ( 'NONE', #184, 3.000000000000002665 ) ;
#8982 = VERTEX_POINT ( 'NONE', #7816 ) ;
#8983 = EDGE_LOOP ( 'NONE', ( #3204, #2435, #4670, #5852 ) ) ;
#8984 = FACE_OUTER_BOUND ( 'NONE', #7085, .T. ) ;
#8985 = DIRECTION ( 'NONE',  ( -0.000000000000000000, 1.000000000000000000, -0.000000000000000000 ) ) ;
#8986 = AXIS2_PLACEMENT_3D ( 'NONE', #3240, #1733, #830 ) ;
#8987 = UNCERTAINTY_MEASURE_WITH_UNIT (LENGTH_MEASURE( 1.000000000000000082E-05 ), #6846, 'distance_accuracy_value', 'NONE');
#8988 = EDGE_LOOP ( 'NONE', ( #1482, #6451, #2949, #1899 ) ) ;
#8989 = EDGE_CURVE ( 'NONE', #6086, #8617, #7065, .T. ) ;
#8990 = CARTESIAN_POINT ( 'NONE',  ( -594.4999999998082103, -3.174999999999999822, -284.5963023023023197 ) ) ;
#8991 = CARTESIAN_POINT ( 'NONE',  ( -68.00000000000001421, -3.174999999999999822, -436.0963023023023766 ) ) ;
#8992 = EDGE_LOOP ( 'NONE', ( #1133, #9918, #2986, #9109 ) ) ;
#8993 = DIRECTION ( 'NONE',  ( 0.000000000000000000, 0.000000000000000000, 1.000000000000000000 ) ) ;
#8994 = DIRECTION ( 'NONE',  ( 0.000000000000000000, -1.000000000000000000, 0.000000000000000000 ) ) ;
#8995 = DIRECTION ( 'NONE',  ( 0.000000000000000000, 0.000000000000000000, -1.000000000000000000 ) ) ;
#8996 = EDGE_CURVE ( 'NONE', #5890, #7386, #5871, .T. ) ;
#8997 = ORIENTED_EDGE ( 'NONE', *, *, #7796, .F. ) ;
#8998 = CIRCLE ( 'NONE', #9804, 2.750000000000030198 ) ;
#8999 = ORIENTED_EDGE ( 'NONE', *, *, #9638, .T. ) ;
#9000 = EDGE_CURVE ( 'NONE', #6942, #5023, #2556, .T. ) ;
#9001 = FACE_BOUND ( 'NONE', #6396, .T. ) ;
#9002 = DIRECTION ( 'NONE',  ( -0.000000000000000000, 1.000000000000000000, -0.000000000000000000 ) ) ;
#9003 = AXIS2_PLACEMENT_3D ( 'NONE', #9143, #7622, #2265 ) ;
#9004 = DIRECTION ( 'NONE',  ( -0.000000000000000000, 1.000000000000000000, -0.000000000000000000 ) ) ;
#9005 = CARTESIAN_POINT ( 'NONE',  ( -490.9999999998082103, -3.174999999999999822, 168.4036976976977655 ) ) ;
#9006 = ORIENTED_EDGE ( 'NONE', *, *, #6915, .F. ) ;
#9007 = CARTESIAN_POINT ( 'NONE',  ( 493.1291983133109511, -3.174999999999999822, -412.3390583228102741 ) ) ;
#9008 = VERTEX_POINT ( 'NONE', #6417 ) ;
#9009 = CARTESIAN_POINT ( 'NONE',  ( -488.4999999998082103, 0.000000000000000000, 129.9456578061478922 ) ) ;
#9010 = ORIENTED_EDGE ( 'NONE', *, *, #564, .F. ) ;
#9011 = CARTESIAN_POINT ( 'NONE',  ( 556.0419601082581949, 0.000000000000000000, 115.4036976976977513 ) ) ;
#9012 = DIRECTION ( 'NONE',  ( -0.000000000000000000, 1.000000000000000000, -0.000000000000000000 ) ) ;
#9013 = EDGE_CURVE ( 'NONE', #1773, #2351, #5236, .T. ) ;
#9014 = DIRECTION ( 'NONE',  ( 0.000000000000000000, -1.000000000000000000, 0.000000000000000000 ) ) ;
#9015 = CARTESIAN_POINT ( 'NONE',  ( -348.0000000000000000, 6.825000000000000178, 106.4036976976978366 ) ) ;
#9016 = ORIENTED_EDGE ( 'NONE', *, *, #9896, .T. ) ;
#9017 = LINE ( 'NONE', #5948, #7769 ) ;
#9018 = EDGE_CURVE ( 'NONE', #8870, #4029, #919, .T. ) ;
#9019 = AXIS2_PLACEMENT_3D ( 'NONE', #1343, #2099, #6719 ) ;
#9020 = ADVANCED_FACE ( 'NONE', ( #2091 ), #504, .F. ) ;
#9021 = DIRECTION ( 'NONE',  ( 0.000000000000000000, 0.000000000000000000, -1.000000000000000000 ) ) ;
#9022 = VERTEX_POINT ( 'NONE', #2895 ) ;
#9023 = VERTEX_POINT ( 'NONE', #1338 ) ;
#9024 = DIRECTION ( 'NONE',  ( 0.000000000000000000, -1.000000000000000000, 0.000000000000000000 ) ) ;
#9025 = DIRECTION ( 'NONE',  ( 0.000000000000000000, 0.000000000000000000, 1.000000000000000000 ) ) ;
#9026 = PLANE ( 'NONE',  #595 ) ;
#9027 = CARTESIAN_POINT ( 'NONE',  ( 492.5378575973737156, -3.174999999999999822, -409.3979163409135822 ) ) ;
#9028 = VERTEX_POINT ( 'NONE', #1245 ) ;
#9029 = DIRECTION ( 'NONE',  ( 0.000000000000000000, 0.000000000000000000, 1.000000000000000000 ) ) ;
#9030 = ORIENTED_EDGE ( 'NONE', *, *, #1644, .T. ) ;
#9031 = ORIENTED_EDGE ( 'NONE', *, *, #4982, .T. ) ;
#9032 = DIRECTION ( 'NONE',  ( -0.000000000000000000, -1.000000000000000000, -0.000000000000000000 ) ) ;
#9033 = EDGE_CURVE ( 'NONE', #3428, #4327, #5227, .T. ) ;
#9034 = AXIS2_PLACEMENT_3D ( 'NONE', #6662, #9726, #8921 ) ;
#9035 = EDGE_LOOP ( 'NONE', ( #2640, #6723 ) ) ;
#9036 = DIRECTION ( 'NONE',  ( 0.000000000000000000, 0.000000000000000000, 1.000000000000000000 ) ) ;
#9037 = LINE ( 'NONE', #1218, #2098 ) ;
#9038 = VERTEX_POINT ( 'NONE', #5148 ) ;
#9039 = CARTESIAN_POINT ( 'NONE',  ( 552.4999999998077556, -3.174999999999999822, 156.4036976976983340 ) ) ;
#9040 = CARTESIAN_POINT ( 'NONE',  ( -462.5013802672601742, 0.000000000000000000, -379.2265718299779564 ) ) ;
#9041 = ADVANCED_FACE ( 'NONE', ( #7357 ), #8207, .T. ) ;
#9042 = DIRECTION ( 'NONE',  ( 0.000000000000000000, 0.000000000000000000, -1.000000000000000000 ) ) ;
#9043 = VERTEX_POINT ( 'NONE', #3643 ) ;
#9044 = ORIENTED_EDGE ( 'NONE', *, *, #1159, .F. ) ;
#9045 = CIRCLE ( 'NONE', #7758, 3.000000000000002665 ) ;
#9046 = DIRECTION ( 'NONE',  ( -0.000000000000000000, -1.000000000000000000, 0.000000000000000000 ) ) ;
#9047 = LINE ( 'NONE', #34, #3048 ) ;
#9048 = AXIS2_PLACEMENT_3D ( 'NONE', #1138, #1183, #3390 ) ;
#9049 = CARTESIAN_POINT ( 'NONE',  ( 347.9999999999994316, -3.174999999999999822, 106.4036976976980640 ) ) ;
#9050 = FACE_OUTER_BOUND ( 'NONE', #5284, .T. ) ;
#9051 = AXIS2_PLACEMENT_3D ( 'NONE', #2, #6104, #2343 ) ;
#9052 = CARTESIAN_POINT ( 'NONE',  ( 519.4999999998082103, 0.000000000000000000, 168.4036976976977087 ) ) ;
#9053 = EDGE_CURVE ( 'NONE', #1264, #7647, #8110, .T. ) ;
#9054 = CIRCLE ( 'NONE', #6494, 3.000000000000002665 ) ;
#9055 = VERTEX_POINT ( 'NONE', #1946 ) ;
#9056 = CYLINDRICAL_SURFACE ( 'NONE', #3780, 3.000000000000002665 ) ;
#9057 = VERTEX_POINT ( 'NONE', #8968 ) ;
#9058 = CARTESIAN_POINT ( 'NONE',  ( 490.4422290952782646, 0.000000000000000000, -373.6088350285747310 ) ) ;
#9059 = DIRECTION ( 'NONE',  ( -0.000000000000000000, 1.000000000000000000, -0.000000000000000000 ) ) ;
#9060 = DIRECTION ( 'NONE',  ( -1.000000000000000000, -0.000000000000000000, -0.000000000000000000 ) ) ;
#9061 = FACE_OUTER_BOUND ( 'NONE', #141, .T. ) ;
#9062 = ORIENTED_EDGE ( 'NONE', *, *, #8357, .F. ) ;
#9063 = VECTOR ( 'NONE', #6641, 1000.000000000000000 ) ;
#9064 = AXIS2_PLACEMENT_3D ( 'NONE', #4030, #5726, #7132 ) ;
#9065 = CARTESIAN_POINT ( 'NONE',  ( 514.4999999998079829, 0.000000000000000000, 171.4036976976978224 ) ) ;
#9066 = EDGE_LOOP ( 'NONE', ( #5569, #7869, #434, #7336 ) ) ;
#9067 = CARTESIAN_POINT ( 'NONE',  ( -485.9999999998082103, 0.000000000000000000, -374.9753774975062584 ) ) ;
#9068 = ORIENTED_EDGE ( 'NONE', *, *, #953, .T. ) ;
#9069 = AXIS2_PLACEMENT_3D ( 'NONE', #3941, #1531, #91 ) ;
#9070 = VECTOR ( 'NONE', #2308, 1000.000000000000000 ) ;
#9071 = DIRECTION ( 'NONE',  ( -0.1971135719790624297, -0.000000000000000000, -0.9803806606322131856 ) ) ;
#9072 = CARTESIAN_POINT ( 'NONE',  ( -262.9999999999997158, -3.174999999999999822, 132.9036976976976803 ) ) ;
#9073 = EDGE_CURVE ( 'NONE', #4934, #9159, #594, .T. ) ;
#9074 = DIRECTION ( 'NONE',  ( 0.000000000000000000, 0.000000000000000000, 1.000000000000000000 ) ) ;
#9075 = EDGE_CURVE ( 'NONE', #9262, #9716, #7500, .T. ) ;
#9076 = CARTESIAN_POINT ( 'NONE',  ( -94.00000000000001421, 0.000000000000000000, -436.0963023023023766 ) ) ;
#9077 = VERTEX_POINT ( 'NONE', #2749 ) ;
#9078 = CARTESIAN_POINT ( 'NONE',  ( 460.5406189459955613, -3.174999999999999822, -379.6207989739361892 ) ) ;
#9079 = ORIENTED_EDGE ( 'NONE', *, *, #188, .F. ) ;
#9080 = AXIS2_PLACEMENT_3D ( 'NONE', #7868, #6315, #4055 ) ;
#9081 = ORIENTED_EDGE ( 'NONE', *, *, #1809, .F. ) ;
#9082 = CIRCLE ( 'NONE', #7800, 3.000000000000002665 ) ;
#9083 = CARTESIAN_POINT ( 'NONE',  ( -223.4033132909020196, -3.174999999999999822, -466.5696595442743728 ) ) ;
#9084 = CARTESIAN_POINT ( 'NONE',  ( -567.4999999998082103, -3.174999999999999822, 156.4036976976977655 ) ) ;
#9085 = ORIENTED_EDGE ( 'NONE', *, *, #6236, .T. ) ;
#9086 = ADVANCED_FACE ( 'NONE', ( #647 ), #7450, .F. ) ;
#9087 = FACE_OUTER_BOUND ( 'NONE', #3756, .T. ) ;
#9088 = VECTOR ( 'NONE', #9762, 1000.000000000000000 ) ;
#9089 = ADVANCED_FACE ( 'NONE', ( #3696 ), #6758, .F. ) ;
#9090 = CARTESIAN_POINT ( 'NONE',  ( 293.9999999999997726, -3.174999999999999822, 168.4036976976977371 ) ) ;
#9091 = ORIENTED_EDGE ( 'NONE', *, *, #7504, .F. ) ;
#9092 = CARTESIAN_POINT ( 'NONE',  ( 558.9999999998080966, 0.000000000000000000, 114.9036976976977371 ) ) ;
#9093 = CARTESIAN_POINT ( 'NONE',  ( -516.9999999998083240, -3.174999999999999822, 129.9456578061478922 ) ) ;
#9094 = AXIS2_PLACEMENT_3D ( 'NONE', #606, #9785, #3708 ) ;
#9095 = CYLINDRICAL_SURFACE ( 'NONE', #476, 3.000000000000002665 ) ;
#9096 = EDGE_CURVE ( 'NONE', #5512, #3687, #6028, .T. ) ;
#9097 = ORIENTED_EDGE ( 'NONE', *, *, #7296, .F. ) ;
#9098 = VERTEX_POINT ( 'NONE', #5193 ) ;
#9099 = DIRECTION ( 'NONE',  ( 0.000000000000000000, 1.000000000000000000, 0.000000000000000000 ) ) ;
#9100 = VECTOR ( 'NONE', #8972, 1000.000000000000000 ) ;
#9101 = CARTESIAN_POINT ( 'NONE',  ( 491.4226097559104574, 0.000000000000000000, -373.4117214565956715 ) ) ;
#9102 = EDGE_CURVE ( 'NONE', #946, #5916, #8822, .T. ) ;
#9103 = AXIS2_PLACEMENT_3D ( 'NONE', #3154, #4502, #8367 ) ;
#9104 = CARTESIAN_POINT ( 'NONE',  ( 534.6224504095173415, -3.174999999999999822, -403.9964997002883251 ) ) ;
#9105 = DIRECTION ( 'NONE',  ( 0.000000000000000000, -1.000000000000000000, 0.000000000000000000 ) ) ;
#9106 = LINE ( 'NONE', #537, #9144 ) ;
#9107 = AXIS2_PLACEMENT_3D ( 'NONE', #918, #2471, #6383 ) ;
#9108 = VERTEX_POINT ( 'NONE', #5002 ) ;
#9109 = ORIENTED_EDGE ( 'NONE', *, *, #351, .F. ) ;
#9110 = DIRECTION ( 'NONE',  ( 0.000000000000000000, -1.000000000000000000, 0.000000000000000000 ) ) ;
#9111 = DIRECTION ( 'NONE',  ( 0.000000000000000000, 1.000000000000000000, -0.000000000000000000 ) ) ;
#9112 = EDGE_CURVE ( 'NONE', #5053, #9836, #5807, .T. ) ;
#9113 = LINE ( 'NONE', #6799, #2519 ) ;
#9114 = DIRECTION ( 'NONE',  ( -0.000000000000000000, -1.000000000000000000, -0.000000000000000000 ) ) ;
#9115 = VECTOR ( 'NONE', #9042, 1000.000000000000000 ) ;
#9116 = EDGE_LOOP ( 'NONE', ( #2107, #9480 ) ) ;
#9117 = CIRCLE ( 'NONE', #4790, 3.000000000000002665 ) ;
#9118 = EDGE_CURVE ( 'NONE', #304, #4104, #8058, .T. ) ;
#9119 = CYLINDRICAL_SURFACE ( 'NONE', #7818, 3.000000000000002665 ) ;
#9120 = ORIENTED_EDGE ( 'NONE', *, *, #6400, .F. ) ;
#9121 = EDGE_CURVE ( 'NONE', #2833, #5331, #7305, .T. ) ;
#9122 = CARTESIAN_POINT ( 'NONE',  ( 587.4999999998082103, 0.000000000000000000, 131.4036976976981634 ) ) ;
#9123 = ORIENTED_EDGE ( 'NONE', *, *, #4068, .F. ) ;
#9124 = DIRECTION ( 'NONE',  ( 0.000000000000000000, 0.000000000000000000, 1.000000000000000000 ) ) ;
#9125 = CARTESIAN_POINT ( 'NONE',  ( -594.4999999998082103, 0.000000000000000000, -312.5963023023023197 ) ) ;
#9126 = FACE_OUTER_BOUND ( 'NONE', #5958, .T. ) ;
#9127 = DIRECTION ( 'NONE',  ( -0.000000000000000000, -1.000000000000000000, -0.000000000000000000 ) ) ;
#9128 = EDGE_LOOP ( 'NONE', ( #5929, #6234, #5941, #7872 ) ) ;
#9129 = FACE_OUTER_BOUND ( 'NONE', #1142, .T. ) ;
#9130 = ORIENTED_EDGE ( 'NONE', *, *, #8709, .T. ) ;
#9131 = ADVANCED_FACE ( 'NONE', ( #1992 ), #5050, .T. ) ;
#9132 = ORIENTED_EDGE ( 'NONE', *, *, #241, .T. ) ;
#9133 = DIRECTION ( 'NONE',  ( 0.000000000000000000, 1.000000000000000000, 0.000000000000000000 ) ) ;
#9134 = EDGE_CURVE ( 'NONE', #7649, #9262, #4266, .T. ) ;
#9135 = AXIS2_PLACEMENT_3D ( 'NONE', #4691, #3247, #1789 ) ;
#9136 = EDGE_LOOP ( 'NONE', ( #405, #1339 ) ) ;
#9137 = LINE ( 'NONE', #1461, #1595 ) ;
#9138 = VERTEX_POINT ( 'NONE', #1586 ) ;
#9139 = DIRECTION ( 'NONE',  ( 0.000000000000000000, -1.000000000000000000, 0.000000000000000000 ) ) ;
#9140 = VECTOR ( 'NONE', #5232, 1000.000000000000000 ) ;
#9141 = CYLINDRICAL_SURFACE ( 'NONE', #4181, 3.000000000000002665 ) ;
#9142 = ORIENTED_EDGE ( 'NONE', *, *, #39, .T. ) ;
#9143 = CARTESIAN_POINT ( 'NONE',  ( 594.4999999998080966, 0.000000000000000000, -276.5963023023024334 ) ) ;
#9145 = FACE_BOUND ( 'NONE', #1306, .T. ) ;
#9144 = VECTOR ( 'NONE', #3583, 1000.000000000000000 ) ;
#9146 = EDGE_CURVE ( 'NONE', #3290, #6105, #9244, .T. ) ;
#9147 = DIRECTION ( 'NONE',  ( 0.000000000000000000, -1.000000000000000000, 0.000000000000000000 ) ) ;
#9148 = ORIENTED_EDGE ( 'NONE', *, *, #5747, .F. ) ;
#9149 = EDGE_LOOP ( 'NONE', ( #9582, #3918, #2381, #203 ) ) ;
#9150 = VECTOR ( 'NONE', #5971, 1000.000000000000000 ) ;
#9151 = CARTESIAN_POINT ( 'NONE',  ( -240.3239572855133304, 0.000000000000000000, -423.8971648104575252 ) ) ;
#9152 = CARTESIAN_POINT ( 'NONE',  ( 257.9999999999997158, 0.000000000000000000, 168.4036976976977371 ) ) ;
#9153 = CARTESIAN_POINT ( 'NONE',  ( 482.9999999998082103, -3.174999999999999822, 168.4036976976977087 ) ) ;
#9154 = CARTESIAN_POINT ( 'NONE',  ( -287.9999999999997726, -3.174999999999999822, 132.9036976976976803 ) ) ;
#9155 = ORIENTED_EDGE ( 'NONE', *, *, #7625, .T. ) ;
#9156 = EDGE_CURVE ( 'NONE', #4648, #7903, #9407, .T. ) ;
#9157 = PLANE ( 'NONE',  #8986 ) ;
#9158 = VERTEX_POINT ( 'NONE', #5246 ) ;
#9159 = VERTEX_POINT ( 'NONE', #4694 ) ;
#9160 = ORIENTED_EDGE ( 'NONE', *, *, #4891, .T. ) ;
#9161 = DIRECTION ( 'NONE',  ( 0.000000000000000000, 0.000000000000000000, -1.000000000000000000 ) ) ;
#9162 = DIRECTION ( 'NONE',  ( 0.000000000000000000, -1.000000000000000000, 0.000000000000000000 ) ) ;
#9163 = DIRECTION ( 'NONE',  ( 0.000000000000000000, -0.000000000000000000, 1.000000000000000000 ) ) ;
#9164 = FACE_OUTER_BOUND ( 'NONE', #4688, .T. ) ;
#9165 = VERTEX_POINT ( 'NONE', #6145 ) ;
#9166 = DIRECTION ( 'NONE',  ( 0.000000000000000000, 0.000000000000000000, 1.000000000000000000 ) ) ;
#9167 = EDGE_CURVE ( 'NONE', #1432, #557, #696, .T. ) ;
#9168 = ORIENTED_EDGE ( 'NONE', *, *, #2467, .T. ) ;
#9169 = DIRECTION ( 'NONE',  ( 0.000000000000000000, 0.000000000000000000, 1.000000000000000000 ) ) ;
#9170 = ORIENTED_EDGE ( 'NONE', *, *, #4613, .F. ) ;
#9171 = DIRECTION ( 'NONE',  ( 0.000000000000000000, 0.000000000000000000, 1.000000000000000000 ) ) ;
#9172 = DIRECTION ( 'NONE',  ( 1.000000000000000000, 0.000000000000000000, 0.000000000000000000 ) ) ;
#9173 = LINE ( 'NONE', #6813, #5551 ) ;
#9174 = DIRECTION ( 'NONE',  ( -0.000000000000000000, 1.000000000000000000, -0.000000000000000000 ) ) ;
#9175 = ORIENTED_EDGE ( 'NONE', *, *, #1758, .F. ) ;
#9176 = CIRCLE ( 'NONE', #8369, 3.000000000000002665 ) ;
#9177 = DIRECTION ( 'NONE',  ( -0.000000000000000000, -1.000000000000000000, -0.000000000000000000 ) ) ;
#9178 = ORIENTED_EDGE ( 'NONE', *, *, #2246, .T. ) ;
#9179 = VERTEX_POINT ( 'NONE', #4640 ) ;
#9180 = CARTESIAN_POINT ( 'NONE',  ( 558.9999999998080966, 0.000000000000000000, -310.5963023023024334 ) ) ;
#9181 = ADVANCED_FACE ( 'NONE', ( #9061 ), #6099, .F. ) ;
#9182 = ORIENTED_EDGE ( 'NONE', *, *, #3196, .T. ) ;
#9183 = CARTESIAN_POINT ( 'NONE',  ( 577.4999999998080966, 0.000000000000000000, 171.4036976976977087 ) ) ;
#9184 = ORIENTED_EDGE ( 'NONE', *, *, #8635, .F. ) ;
#9185 = DIRECTION ( 'NONE',  ( 1.000000000000000000, -0.000000000000000000, -0.000000000000000000 ) ) ;
#9186 = CARTESIAN_POINT ( 'NONE',  ( 577.4999999998080966, -3.174999999999999822, 171.4036976976977087 ) ) ;
#9187 = FACE_OUTER_BOUND ( 'NONE', #5104, .T. ) ;
#9188 = EDGE_LOOP ( 'NONE', ( #9308, #4605, #1948, #2585 ) ) ;
#9189 = DIRECTION ( 'NONE',  ( 0.000000000000000000, -1.000000000000000000, 0.000000000000000000 ) ) ;
#9190 = CARTESIAN_POINT ( 'NONE',  ( -577.4999999998082103, 0.000000000000000000, -374.9753774975062584 ) ) ;
#9191 = CARTESIAN_POINT ( 'NONE',  ( 488.4999999998082103, -3.174999999999999822, 129.9456578061478922 ) ) ;
#9192 = ORIENTED_EDGE ( 'NONE', *, *, #2924, .T. ) ;
#9193 = CARTESIAN_POINT ( 'NONE',  ( -91.00000000000001421, -3.174999999999999822, -474.5963023023023197 ) ) ;
#9194 = DIRECTION ( 'NONE',  ( 0.000000000000000000, 0.000000000000000000, -1.000000000000000000 ) ) ;
#9195 = EDGE_CURVE ( 'NONE', #3992, #4609, #6946, .T. ) ;
#9196 = EDGE_CURVE ( 'NONE', #3441, #9028, #4586, .T. ) ;
#9197 = CYLINDRICAL_SURFACE ( 'NONE', #1938, 3.000000000000002665 ) ;
#9198 = DIRECTION ( 'NONE',  ( 0.000000000000000000, -1.000000000000000000, 0.000000000000000000 ) ) ;
#9199 = LINE ( 'NONE', #3030, #8406 ) ;
#9200 = ORIENTED_EDGE ( 'NONE', *, *, #603, .T. ) ;
#9201 = ORIENTED_EDGE ( 'NONE', *, *, #5526, .T. ) ;
#9202 = CIRCLE ( 'NONE', #8237, 3.000000000000002665 ) ;
#9203 = ORIENTED_EDGE ( 'NONE', *, *, #907, .F. ) ;
#9204 = DIRECTION ( 'NONE',  ( 0.000000000000000000, 0.000000000000000000, -1.000000000000000000 ) ) ;
#9205 =( NAMED_UNIT ( * ) PLANE_ANGLE_UNIT ( ) SI_UNIT ( $, .RADIAN. ) );
#9206 = LINE ( 'NONE', #1641, #6803 ) ;
#9207 = LINE ( 'NONE', #9267, #7472 ) ;
#9208 = ORIENTED_EDGE ( 'NONE', *, *, #1419, .T. ) ;
#9209 = AXIS2_PLACEMENT_3D ( 'NONE', #8343, #6839, #6885 ) ;
#9211 = CARTESIAN_POINT ( 'NONE',  ( 577.4999999998080966, -3.174999999999999822, 171.4036976976977087 ) ) ;
#9210 = VECTOR ( 'NONE', #4594, 1000.000000000000000 ) ;
#9212 = EDGE_CURVE ( 'NONE', #5896, #2648, #9207, .T. ) ;
#9213 = EDGE_CURVE ( 'NONE', #9368, #665, #3160, .T. ) ;
#9214 = ORIENTED_EDGE ( 'NONE', *, *, #5912, .F. ) ;
#9215 = DIRECTION ( 'NONE',  ( 0.000000000000000000, 0.000000000000000000, 1.000000000000000000 ) ) ;
#9216 = ORIENTED_EDGE ( 'NONE', *, *, #4620, .T. ) ;
#9217 = DIRECTION ( 'NONE',  ( 0.000000000000000000, -1.000000000000000000, 0.000000000000000000 ) ) ;
#9218 = DIRECTION ( 'NONE',  ( -0.000000000000000000, 1.000000000000000000, -0.000000000000000000 ) ) ;
#9219 = EDGE_CURVE ( 'NONE', #1434, #1383, #6995, .T. ) ;
#9220 = DIRECTION ( 'NONE',  ( 0.000000000000000000, 0.000000000000000000, 1.000000000000000000 ) ) ;
#9221 = CARTESIAN_POINT ( 'NONE',  ( -488.4814677740138791, 0.000000000000000000, -374.0030621725326796 ) ) ;
#9222 = ORIENTED_EDGE ( 'NONE', *, *, #4642, .T. ) ;
#9223 = AXIS2_PLACEMENT_3D ( 'NONE', #4997, #4382, #4339 ) ;
#9224 = EDGE_CURVE ( 'NONE', #7080, #7239, #3089, .T. ) ;
#9225 = ORIENTED_EDGE ( 'NONE', *, *, #5624, .T. ) ;
#9226 = CARTESIAN_POINT ( 'NONE',  ( -485.9999999998082103, -3.174999999999999822, 132.9036976976976803 ) ) ;
#9227 = ORIENTED_EDGE ( 'NONE', *, *, #2972, .T. ) ;
#9228 = ORIENTED_EDGE ( 'NONE', *, *, #1123, .F. ) ;
#9229 = EDGE_CURVE ( 'NONE', #3307, #3406, #1438, .T. ) ;
#9230 = DIRECTION ( 'NONE',  ( 1.000000000000000000, 0.000000000000000000, -1.696813561850769255E-16 ) ) ;
#9231 = VECTOR ( 'NONE', #8390, 1000.000000000000000 ) ;
#9232 = AXIS2_PLACEMENT_3D ( 'NONE', #6632, #6583, #566 ) ;
#9233 = ORIENTED_EDGE ( 'NONE', *, *, #7412, .F. ) ;
#9234 = CYLINDRICAL_SURFACE ( 'NONE', #8966, 3.000000000000002665 ) ;
#9235 = EDGE_LOOP ( 'NONE', ( #1237, #909 ) ) ;
#9236 = CARTESIAN_POINT ( 'NONE',  ( -594.4999999998082103, 0.000000000000000000, 117.9036976976977655 ) ) ;
#9237 = CARTESIAN_POINT ( 'NONE',  ( -402.0000000000000000, 6.825000000000000178, -366.8463023023023766 ) ) ;
#9238 = CARTESIAN_POINT ( 'NONE',  ( -262.8727124800543038, 0.000000000000000000, -419.3635526549390988 ) ) ;
#9239 = ORIENTED_EDGE ( 'NONE', *, *, #8067, .F. ) ;
#9240 = AXIS2_PLACEMENT_3D ( 'NONE', #104, #2501, #4703 ) ;
#9241 = DIRECTION ( 'NONE',  ( 0.000000000000000000, 0.000000000000000000, 1.000000000000000000 ) ) ;
#9242 = FACE_OUTER_BOUND ( 'NONE', #4147, .T. ) ;
#9243 = CARTESIAN_POINT ( 'NONE',  ( -558.9999999998083240, 0.000000000000000000, -281.5963023023023197 ) ) ;
#9244 = CIRCLE ( 'NONE', #3794, 3.000000000000002665 ) ;
#9245 = ORIENTED_EDGE ( 'NONE', *, *, #8227, .F. ) ;
#9246 = AXIS2_PLACEMENT_3D ( 'NONE', #6416, #1945, #7209 ) ;
#9247 = DIRECTION ( 'NONE',  ( -0.000000000000000000, -1.000000000000000000, 0.000000000000000000 ) ) ;
#9248 = EDGE_CURVE ( 'NONE', #2648, #6940, #8356, .T. ) ;
#9249 = CARTESIAN_POINT ( 'NONE',  ( -264.8334738013187462, 0.000000000000000000, -418.9693255109809797 ) ) ;
#9250 = DIRECTION ( 'NONE',  ( 0.000000000000000000, 0.000000000000000000, -1.000000000000000000 ) ) ;
#9251 = LINE ( 'NONE', #35, #7772 ) ;
#9252 = LINE ( 'NONE', #9908, #298 ) ;
#9253 = ORIENTED_EDGE ( 'NONE', *, *, #2317, .F. ) ;
#9254 = DIRECTION ( 'NONE',  ( -0.000000000000000000, 1.000000000000000000, -0.000000000000000000 ) ) ;
#9255 = DIRECTION ( 'NONE',  ( -0.000000000000000000, -1.000000000000000000, -0.000000000000000000 ) ) ;
#9256 = EDGE_CURVE ( 'NONE', #4656, #811, #838, .T. ) ;
#9257 = EDGE_CURVE ( 'NONE', #6229, #4641, #8446, .T. ) ;
#9258 = ORIENTED_EDGE ( 'NONE', *, *, #4958, .T. ) ;
#9259 = ORIENTED_EDGE ( 'NONE', *, *, #544, .T. ) ;
#9260 = AXIS2_PLACEMENT_3D ( 'NONE', #2410, #1711, #958 ) ;
#9261 = AXIS2_PLACEMENT_3D ( 'NONE', #5859, #2953, #1398 ) ;
#9262 = VERTEX_POINT ( 'NONE', #6800 ) ;
#9263 = DIRECTION ( 'NONE',  ( 0.000000000000000000, 0.000000000000000000, 1.000000000000000000 ) ) ;
#9264 = CARTESIAN_POINT ( 'NONE',  ( 202.9974066286778793, 0.000000000000000000, -470.6724344287448503 ) ) ;
#9265 = AXIS2_PLACEMENT_3D ( 'NONE', #5326, #1565, #2215 ) ;
#9266 = FACE_OUTER_BOUND ( 'NONE', #9659, .T. ) ;
#9267 = CARTESIAN_POINT ( 'NONE',  ( 163.5995066845797794, 0.000000000000000000, -374.9753774975056899 ) ) ;
#9268 = ORIENTED_EDGE ( 'NONE', *, *, #6323, .F. ) ;
#9269 = AXIS2_PLACEMENT_3D ( 'NONE', #1808, #9584, #7918 ) ;
#9270 = ADVANCED_FACE ( 'NONE', ( #9164 ), #8508, .F. ) ;
#9271 = VERTEX_POINT ( 'NONE', #1642 ) ;
#9272 = DIRECTION ( 'NONE',  ( 0.000000000000000000, -1.000000000000000000, 0.000000000000000000 ) ) ;
#9273 = ORIENTED_EDGE ( 'NONE', *, *, #1406, .T. ) ;
#9274 = EDGE_CURVE ( 'NONE', #4271, #634, #7751, .T. ) ;
#9275 = CARTESIAN_POINT ( 'NONE',  ( 577.4999999998080966, 0.000000000000000000, 171.4036976976977087 ) ) ;
#9276 = PLANE ( 'NONE',  #2721 ) ;
#9277 = VECTOR ( 'NONE', #625, 1000.000000000000114 ) ;
#9278 = CARTESIAN_POINT ( 'NONE',  ( -348.0000000000000000, -3.174999999999999822, 106.4036976976978366 ) ) ;
#9279 = CYLINDRICAL_SURFACE ( 'NONE', #6833, 15.00000000000001421 ) ;
#9280 = ORIENTED_EDGE ( 'NONE', *, *, #2467, .F. ) ;
#9281 = ORIENTED_EDGE ( 'NONE', *, *, #7216, .T. ) ;
#9282 = DIRECTION ( 'NONE',  ( 0.000000000000000000, 0.000000000000000000, 1.000000000000000000 ) ) ;
#9283 = ORIENTED_EDGE ( 'NONE', *, *, #3043, .F. ) ;
#9284 = EDGE_CURVE ( 'NONE', #1164, #9138, #2190, .T. ) ;
#9285 = ORIENTED_EDGE ( 'NONE', *, *, #3585, .T. ) ;
#9286 = CARTESIAN_POINT ( 'NONE',  ( -163.5746922328639528, 0.000000000000000000, -474.5963023023023197 ) ) ;
#9287 = AXIS2_PLACEMENT_3D ( 'NONE', #2478, #3985, #3239 ) ;
#9288 = VERTEX_POINT ( 'NONE', #7947 ) ;
#9289 = AXIS2_PLACEMENT_3D ( 'NONE', #8875, #2855, #8927 ) ;
#9290 = CARTESIAN_POINT ( 'NONE',  ( 558.9999999998080966, 0.000000000000000000, -307.5963023023024334 ) ) ;
#9291 = ORIENTED_EDGE ( 'NONE', *, *, #2137, .T. ) ;
#9292 = CARTESIAN_POINT ( 'NONE',  ( -490.9999999998082103, -3.174999999999999822, 132.9036976976976803 ) ) ;
#9293 = LINE ( 'NONE', #718, #1536 ) ;
#9294 = PLANE ( 'NONE',  #8836 ) ;
#9295 = ORIENTED_EDGE ( 'NONE', *, *, #3996, .F. ) ;
#9296 = LINE ( 'NONE', #721, #3176 ) ;
#9297 = VECTOR ( 'NONE', #7111, 1000.000000000000000 ) ;
#9298 = LINE ( 'NONE', #2423, #6394 ) ;
#9299 = LINE ( 'NONE', #6975, #6230 ) ;
#9300 = VECTOR ( 'NONE', #7659, 1000.000000000000000 ) ;
#9301 = EDGE_CURVE ( 'NONE', #1609, #666, #7902, .T. ) ;
#9302 = VERTEX_POINT ( 'NONE', #7054 ) ;
#9303 = DIRECTION ( 'NONE',  ( 0.1971135719790633178, 0.000000000000000000, -0.9803806606322130746 ) ) ;
#9304 = DIRECTION ( 'NONE',  ( 0.000000000000000000, 0.000000000000000000, 1.000000000000000000 ) ) ;
#9305 = LINE ( 'NONE', #6335, #143 ) ;
#9306 = DIRECTION ( 'NONE',  ( 0.000000000000000000, 0.000000000000000000, 1.000000000000000000 ) ) ;
#9307 = DIRECTION ( 'NONE',  ( 0.9803806606322132966, -0.000000000000000000, 0.1971135719790627072 ) ) ;
#9308 = ORIENTED_EDGE ( 'NONE', *, *, #6190, .F. ) ;
#9309 = CIRCLE ( 'NONE', #8168, 3.000000000000002665 ) ;
#9310 = CYLINDRICAL_SURFACE ( 'NONE', #3120, 10.00000000000000888 ) ;
#9311 = CARTESIAN_POINT ( 'NONE',  ( 594.4999999998080966, 0.000000000000000000, -307.5963023023024334 ) ) ;
#9312 = EDGE_CURVE ( 'NONE', #6823, #9763, #4431, .T. ) ;
#9313 = EDGE_CURVE ( 'NONE', #5593, #833, #1791, .T. ) ;
#9314 = ORIENTED_EDGE ( 'NONE', *, *, #8919, .T. ) ;
#9315 = CIRCLE ( 'NONE', #8824, 2.750000000000030198 ) ;
#9316 = ORIENTED_EDGE ( 'NONE', *, *, #3335, .F. ) ;
#9317 = CARTESIAN_POINT ( 'NONE',  ( 282.9999999999997726, -3.174999999999999822, 171.4036976976977371 ) ) ;
#9318 = CARTESIAN_POINT ( 'NONE',  ( 492.5378575973737156, 0.000000000000000000, -409.3979163409135822 ) ) ;
#9319 = DIRECTION ( 'NONE',  ( 0.000000000000000000, 0.000000000000000000, 1.000000000000000000 ) ) ;
#9320 = DIRECTION ( 'NONE',  ( 0.000000000000000000, -1.000000000000000000, -0.000000000000000000 ) ) ;
#9321 = EDGE_CURVE ( 'NONE', #2045, #7430, #4122, .T. ) ;
#9322 = ORIENTED_EDGE ( 'NONE', *, *, #5291, .F. ) ;
#9323 = VECTOR ( 'NONE', #7186, 1000.000000000000000 ) ;
#9324 = VECTOR ( 'NONE', #4606, 1000.000000000000000 ) ;
#9325 = ORIENTED_EDGE ( 'NONE', *, *, #9634, .T. ) ;
#9326 = EDGE_CURVE ( 'NONE', #5344, #6172, #4187, .T. ) ;
#9327 = CARTESIAN_POINT ( 'NONE',  ( 237.3828153036166384, 0.000000000000000000, -424.4885055263948175 ) ) ;
#9328 = ORIENTED_EDGE ( 'NONE', *, *, #4068, .T. ) ;
#9329 = LINE ( 'NONE', #7703, #6455 ) ;
#9330 = DIRECTION ( 'NONE',  ( 0.000000000000000000, 0.000000000000000000, 1.000000000000000000 ) ) ;
#9331 = LINE ( 'NONE', #7655, #4419 ) ;
#9332 = CARTESIAN_POINT ( 'NONE',  ( 577.4999999998079829, -3.174999999999999822, -73.09630230230185077 ) ) ;
#9333 = VERTEX_POINT ( 'NONE', #1139 ) ;
#9334 = ORIENTED_EDGE ( 'NONE', *, *, #2407, .T. ) ;
#9335 = EDGE_CURVE ( 'NONE', #7989, #7169, #9734, .T. ) ;
#9336 = ADVANCED_FACE ( 'NONE', ( #4046 ), #6450, .T. ) ;
#9337 = PLANE ( 'NONE',  #2898 ) ;
#9338 = ORIENTED_EDGE ( 'NONE', *, *, #7428, .F. ) ;
#9339 = ORIENTED_EDGE ( 'NONE', *, *, #121, .T. ) ;
#9340 = CARTESIAN_POINT ( 'NONE',  ( 347.9999999999994316, 6.825000000000000178, 109.1536976976980355 ) ) ;
#9341 = EDGE_LOOP ( 'NONE', ( #3256, #1034, #9259, #9730 ) ) ;
#9342 = ORIENTED_EDGE ( 'NONE', *, *, #6926, .F. ) ;
#9343 = CARTESIAN_POINT ( 'NONE',  ( -493.1291983133110080, 0.000000000000000000, -412.3390583228101605 ) ) ;
#9344 = FACE_OUTER_BOUND ( 'NONE', #4248, .T. ) ;
#9345 = VECTOR ( 'NONE', #9071, 1000.000000000000114 ) ;
#9346 = CARTESIAN_POINT ( 'NONE',  ( -490.9999999998082103, 0.000000000000000000, 168.4036976976977655 ) ) ;
#9347 = ORIENTED_EDGE ( 'NONE', *, *, #5894, .F. ) ;
#9348 = FACE_OUTER_BOUND ( 'NONE', #1643, .T. ) ;
#9349 = DIRECTION ( 'NONE',  ( -1.000000000000000000, 0.000000000000000000, 2.109170134115681738E-16 ) ) ;
#9350 = AXIS2_PLACEMENT_3D ( 'NONE', #834, #2387, #883 ) ;
#9351 = DIRECTION ( 'NONE',  ( 0.000000000000000000, -1.000000000000000000, 0.000000000000000000 ) ) ;
#9352 = ORIENTED_EDGE ( 'NONE', *, *, #6584, .T. ) ;
#9353 = CARTESIAN_POINT ( 'NONE',  ( 488.9999999998082103, 0.000000000000000000, 132.9036976976976803 ) ) ;
#9354 = DIRECTION ( 'NONE',  ( 0.000000000000000000, 0.000000000000000000, 1.000000000000000000 ) ) ;
#9355 = DIRECTION ( 'NONE',  ( 0.000000000000000000, 0.000000000000000000, 1.000000000000000000 ) ) ;
#9356 = DIRECTION ( 'NONE',  ( 0.000000000000000000, 0.000000000000000000, 1.000000000000000000 ) ) ;
#9357 = CARTESIAN_POINT ( 'NONE',  ( 262.9999999999997158, -3.174999999999999822, 168.4036976976977371 ) ) ;
#9358 = ADVANCED_FACE ( 'NONE', ( #4939 ), #7150, .F. ) ;
#9359 = DIRECTION ( 'NONE',  ( -0.000000000000000000, 1.000000000000000000, -0.000000000000000000 ) ) ;
#9360 = DIRECTION ( 'NONE',  ( 0.000000000000000000, -1.000000000000000000, 0.000000000000000000 ) ) ;
#9361 = ORIENTED_EDGE ( 'NONE', *, *, #4081, .F. ) ;
#9362 = AXIS2_PLACEMENT_3D ( 'NONE', #5830, #8796, #5927 ) ;
#9363 = ORIENTED_EDGE ( 'NONE', *, *, #5451, .T. ) ;
#9364 = DIRECTION ( 'NONE',  ( 0.000000000000000000, -1.000000000000000000, 0.000000000000000000 ) ) ;
#9365 = CARTESIAN_POINT ( 'NONE',  ( 277.7132895703686017, -3.174999999999999822, -452.5901575315502328 ) ) ;
#9366 = DIRECTION ( 'NONE',  ( -0.000000000000000000, 1.000000000000000000, -0.000000000000000000 ) ) ;
#9367 = DIRECTION ( 'NONE',  ( -0.000000000000000000, -1.000000000000000000, -0.000000000000000000 ) ) ;
#9368 = VERTEX_POINT ( 'NONE', #2631 ) ;
#9369 = ADVANCED_FACE ( 'NONE', ( #6304 ), #9419, .F. ) ;
#9370 = ORIENTED_EDGE ( 'NONE', *, *, #651, .F. ) ;
#9371 = DIRECTION ( 'NONE',  ( -0.000000000000000000, 1.000000000000000000, -0.000000000000000000 ) ) ;
#9372 = VERTEX_POINT ( 'NONE', #3343 ) ;
#9373 = DIRECTION ( 'NONE',  ( -0.000000000000000000, 1.000000000000000000, 0.000000000000000000 ) ) ;
#9374 = CARTESIAN_POINT ( 'NONE',  ( -265.8138544619509389, 0.000000000000000000, -418.7722119390018634 ) ) ;
#9375 = CIRCLE ( 'NONE', #5195, 10.00000000000000888 ) ;
#9376 = CARTESIAN_POINT ( 'NONE',  ( -69.00000000000001421, 0.000000000000000000, -436.0963023023023766 ) ) ;
#9377 = FACE_OUTER_BOUND ( 'NONE', #2736, .T. ) ;
#9378 = ORIENTED_EDGE ( 'NONE', *, *, #5186, .F. ) ;
#9379 = CIRCLE ( 'NONE', #8083, 15.00000000000001421 ) ;
#9380 = CIRCLE ( 'NONE', #5041, 3.000000000000002665 ) ;
#9381 = VERTEX_POINT ( 'NONE', #8000 ) ;
#9382 = VECTOR ( 'NONE', #5352, 1000.000000000000000 ) ;
#9383 = EDGE_LOOP ( 'NONE', ( #3214, #7291, #9654, #891 ) ) ;
#9384 = LINE ( 'NONE', #9286, #8030 ) ;
#9385 = ORIENTED_EDGE ( 'NONE', *, *, #5440, .F. ) ;
#9386 = CARTESIAN_POINT ( 'NONE',  ( -262.9999999999997158, 0.000000000000000000, 132.9036976976976803 ) ) ;
#9387 = CARTESIAN_POINT ( 'NONE',  ( -63.00000000000001421, -3.174999999999999822, -471.5963023023023197 ) ) ;
#9388 = CARTESIAN_POINT ( 'NONE',  ( -71.00000000000002842, 0.000000000000000000, -471.5963023023023197 ) ) ;
#9389 = EDGE_LOOP ( 'NONE', ( #9463, #5365, #9412, #4013 ) ) ;
#9390 = PLANE ( 'NONE',  #7073 ) ;
#9391 = VECTOR ( 'NONE', #4778, 1000.000000000000000 ) ;
#9392 = CIRCLE ( 'NONE', #6514, 3.000000000000002665 ) ;
#9393 = CARTESIAN_POINT ( 'NONE',  ( 247.3214890907699726, 0.000000000000000000, -458.7006782629012491 ) ) ;
#9394 = DIRECTION ( 'NONE',  ( -0.000000000000000000, 1.000000000000000000, -0.000000000000000000 ) ) ;
#9395 = EDGE_CURVE ( 'NONE', #8955, #8586, #3970, .T. ) ;
#9396 = VERTEX_POINT ( 'NONE', #6254 ) ;
#9397 = DIRECTION ( 'NONE',  ( 0.000000000000000000, 0.000000000000000000, 1.000000000000000000 ) ) ;
#9398 = AXIS2_PLACEMENT_3D ( 'NONE', #295, #1087, #8042 ) ;
#9399 = CIRCLE ( 'NONE', #1866, 3.000000000000002665 ) ;
#9400 = DIRECTION ( 'NONE',  ( 0.000000000000000000, -1.000000000000000000, -0.000000000000000000 ) ) ;
#9401 = CARTESIAN_POINT ( 'NONE',  ( 556.0419601082581949, -3.174999999999999822, 115.4036976976977513 ) ) ;
#9402 = DIRECTION ( 'NONE',  ( 0.000000000000000000, -1.000000000000000000, 0.000000000000000000 ) ) ;
#9403 = DIRECTION ( 'NONE',  ( 0.000000000000000000, 0.000000000000000000, -1.000000000000000000 ) ) ;
#9404 = EDGE_LOOP ( 'NONE', ( #9578, #7742, #9643, #5489 ) ) ;
#9405 = DIRECTION ( 'NONE',  ( -0.000000000000000000, 1.000000000000000000, -0.000000000000000000 ) ) ;
#9406 = LINE ( 'NONE', #8603, #8347 ) ;
#9407 = CIRCLE ( 'NONE', #5070, 10.00000000000000888 ) ;
#9408 = EDGE_CURVE ( 'NONE', #5612, #5860, #6402, .T. ) ;
#9409 = DIRECTION ( 'NONE',  ( 1.000000000000000000, 0.000000000000000000, -1.696813561850769255E-16 ) ) ;
#9410 = ADVANCED_FACE ( 'NONE', ( #345 ), #8558, .T. ) ;
#9411 = AXIS2_PLACEMENT_3D ( 'NONE', #1437, #9773, #2135 ) ;
#9412 = ORIENTED_EDGE ( 'NONE', *, *, #8359, .F. ) ;
#9413 = ADVANCED_FACE ( 'NONE', ( #5548 ), #5692, .F. ) ;
#9414 = ORIENTED_EDGE ( 'NONE', *, *, #796, .T. ) ;
#9415 = DIRECTION ( 'NONE',  ( 0.000000000000000000, -1.000000000000000000, 0.000000000000000000 ) ) ;
#9416 = CARTESIAN_POINT ( 'NONE',  ( -94.00000000000001421, -3.174999999999999822, -471.5963023023023197 ) ) ;
#9417 = AXIS2_PLACEMENT_3D ( 'NONE', #5889, #1232, #6548 ) ;
#9418 = CYLINDRICAL_SURFACE ( 'NONE', #1839, 3.000000000000002665 ) ;
#9419 = CYLINDRICAL_SURFACE ( 'NONE', #8283, 3.000000000000002665 ) ;
#9420 = VERTEX_POINT ( 'NONE', #9469 ) ;
#9421 = VECTOR ( 'NONE', #5466, 1000.000000000000000 ) ;
#9422 = CIRCLE ( 'NONE', #5249, 3.000000000000002665 ) ;
#9423 = ORIENTED_EDGE ( 'NONE', *, *, #8270, .T. ) ;
#9424 = EDGE_CURVE ( 'NONE', #8105, #422, #1089, .T. ) ;
#9425 = FACE_OUTER_BOUND ( 'NONE', #6990, .T. ) ;
#9426 = VERTEX_POINT ( 'NONE', #7807 ) ;
#9427 = CARTESIAN_POINT ( 'NONE',  ( -402.0000000000000000, 6.825000000000000178, -369.5963023023023197 ) ) ;
#9428 = CARTESIAN_POINT ( 'NONE',  ( -487.8901270580766436, 0.000000000000000000, -371.0619201906360445 ) ) ;
#9429 = CYLINDRICAL_SURFACE ( 'NONE', #2668, 3.000000000000002665 ) ;
#9430 = DIRECTION ( 'NONE',  ( 0.000000000000000000, 0.000000000000000000, -1.000000000000000000 ) ) ;
#9431 = ORIENTED_EDGE ( 'NONE', *, *, #111, .F. ) ;
#9432 = VERTEX_POINT ( 'NONE', #5494 ) ;
#9433 = ADVANCED_FACE ( 'NONE', ( #2592 ), #4744, .T. ) ;
#9434 = EDGE_LOOP ( 'NONE', ( #2925, #3330, #8529, #9556 ) ) ;
#9435 = CARTESIAN_POINT ( 'NONE',  ( -163.5746922328639528, -3.174999999999999822, -474.5963023023023197 ) ) ;
#9436 = EDGE_CURVE ( 'NONE', #2396, #8396, #8856, .T. ) ;
#9437 = VERTEX_POINT ( 'NONE', #1281 ) ;
#9438 = VECTOR ( 'NONE', #410, 1000.000000000000000 ) ;
#9439 = CARTESIAN_POINT ( 'NONE',  ( 237.2899358248527903, -1.587499999999999467, -421.4899436373512458 ) ) ;
#9440 = CARTESIAN_POINT ( 'NONE',  ( 558.9999999998080966, -3.174999999999999822, 114.9036976976977371 ) ) ;
#9441 = CARTESIAN_POINT ( 'NONE',  ( 250.2626310726666077, 0.000000000000000000, -461.1093375469640137 ) ) ;
#9442 = ORIENTED_EDGE ( 'NONE', *, *, #8794, .F. ) ;
#9443 = EDGE_CURVE ( 'NONE', #7115, #3992, #2078, .T. ) ;
#9444 = CARTESIAN_POINT ( 'NONE',  ( -250.2626310726667214, -3.174999999999999822, -461.1093375469639568 ) ) ;
#9445 = VECTOR ( 'NONE', #8837, 1000.000000000000000 ) ;
#9446 = DIRECTION ( 'NONE',  ( 0.000000000000000000, -1.000000000000000000, 0.000000000000000000 ) ) ;
#9447 = AXIS2_PLACEMENT_3D ( 'NONE', #411, #3459, #9585 ) ;
#9448 = CARTESIAN_POINT ( 'NONE',  ( -577.4999999998082103, 0.000000000000000000, -307.5963023023023197 ) ) ;
#9449 = EDGE_LOOP ( 'NONE', ( #6119, #9192, #7606, #5504 ) ) ;
#9450 = CYLINDRICAL_SURFACE ( 'NONE', #2340, 3.000000000000002665 ) ;
#9451 = AXIS2_PLACEMENT_3D ( 'NONE', #7633, #2173, #1480 ) ;
#9452 = DIRECTION ( 'NONE',  ( 0.000000000000000000, -1.000000000000000000, 0.000000000000000000 ) ) ;
#9453 = CARTESIAN_POINT ( 'NONE',  ( 552.4999999998076419, 0.000000000000000000, -374.9753774975062584 ) ) ;
#9454 = CIRCLE ( 'NONE', #3679, 3.000000000000002665 ) ;
#9455 = PLANE ( 'NONE',  #3542 ) ;
#9456 = VERTEX_POINT ( 'NONE', #9665 ) ;
#9457 = CARTESIAN_POINT ( 'NONE',  ( -257.9999999999997158, -3.174999999999999822, 132.9036976976977087 ) ) ;
#9458 = EDGE_CURVE ( 'NONE', #4615, #3907, #2037, .T. ) ;
#9459 = LINE ( 'NONE', #1782, #5040 ) ;
#9460 = CARTESIAN_POINT ( 'NONE',  ( -163.5746922328639528, -3.174999999999999822, -474.5963023023023197 ) ) ;
#9461 = STYLED_ITEM ( 'NONE', ( #3137 ), #7964 ) ;
#9462 = ORIENTED_EDGE ( 'NONE', *, *, #1838, .T. ) ;
#9463 = ORIENTED_EDGE ( 'NONE', *, *, #7949, .T. ) ;
#9464 = VECTOR ( 'NONE', #7462, 1000.000000000000000 ) ;
#9465 = DIRECTION ( 'NONE',  ( -0.000000000000000000, -1.000000000000000000, -0.000000000000000000 ) ) ;
#9466 = CARTESIAN_POINT ( 'NONE',  ( -490.3493496165143597, 0.000000000000000000, -370.6102731395310457 ) ) ;
#9467 = EDGE_CURVE ( 'NONE', #6564, #2547, #3630, .T. ) ;
#9468 = DIRECTION ( 'NONE',  ( 1.000000000000000000, 0.000000000000000000, 0.000000000000000000 ) ) ;
#9469 = CARTESIAN_POINT ( 'NONE',  ( 490.9999999998081535, 0.000000000000000000, 132.9036976976976518 ) ) ;
#9470 = ORIENTED_EDGE ( 'NONE', *, *, #999, .T. ) ;
#9471 = VECTOR ( 'NONE', #4736, 1000.000000000000000 ) ;
#9472 = ORIENTED_EDGE ( 'NONE', *, *, #6878, .T. ) ;
#9473 = PLANE ( 'NONE',  #4249 ) ;
#9474 = EDGE_LOOP ( 'NONE', ( #5464, #641, #3822, #4940 ) ) ;
#9475 = CARTESIAN_POINT ( 'NONE',  ( 96.99999999999990052, 0.000000000000000000, -433.0963023023023766 ) ) ;
#9476 = DIRECTION ( 'NONE',  ( 0.000000000000000000, 0.000000000000000000, 1.000000000000000000 ) ) ;
#9477 = DIRECTION ( 'NONE',  ( 0.000000000000000000, 1.000000000000000000, 0.000000000000000000 ) ) ;
#9478 = CARTESIAN_POINT ( 'NONE',  ( 239.4784438057122884, 0.000000000000000000, -460.2775868387337255 ) ) ;
#9479 = VECTOR ( 'NONE', #5586, 1000.000000000000000 ) ;
#9480 = ORIENTED_EDGE ( 'NONE', *, *, #8103, .F. ) ;
#9481 = EDGE_CURVE ( 'NONE', #8469, #1986, #534, .T. ) ;
#9482 = ORIENTED_EDGE ( 'NONE', *, *, #4692, .T. ) ;
#9483 = CARTESIAN_POINT ( 'NONE',  ( -402.0000000000000000, 0.000000000000000000, 106.4036976976978366 ) ) ;
#9484 = ORIENTED_EDGE ( 'NONE', *, *, #927, .F. ) ;
#9485 = FACE_OUTER_BOUND ( 'NONE', #5832, .T. ) ;
#9486 = LINE ( 'NONE', #3410, #1757 ) ;
#9487 = AXIS2_PLACEMENT_3D ( 'NONE', #4916, #4311, #2714 ) ;
#9488 = DIRECTION ( 'NONE',  ( -0.000000000000000000, -1.000000000000000000, -0.000000000000000000 ) ) ;
#9489 = ORIENTED_EDGE ( 'NONE', *, *, #8399, .F. ) ;
#9490 = CARTESIAN_POINT ( 'NONE',  ( 465.4425222491566387, 0.000000000000000000, -378.6352311140408347 ) ) ;
#9491 = EDGE_CURVE ( 'NONE', #9262, #4946, #5741, .T. ) ;
#9492 = CARTESIAN_POINT ( 'NONE',  ( -493.9999999998081535, -3.174999999999999822, 171.4036976976977940 ) ) ;
#9493 = CARTESIAN_POINT ( 'NONE',  ( -577.4999999998082103, -3.174999999999999822, -73.09630230230229131 ) ) ;
#9494 = ORIENTED_EDGE ( 'NONE', *, *, #3429, .T. ) ;
#9495 = CARTESIAN_POINT ( 'NONE',  ( 254.9999999999997158, 0.000000000000000000, 171.4036976976977371 ) ) ;
#9496 = CARTESIAN_POINT ( 'NONE',  ( -402.0000000000000000, 0.000000000000000000, -369.5963023023023197 ) ) ;
#9497 = CARTESIAN_POINT ( 'NONE',  ( 555.9999999998080966, 0.000000000000000000, -307.5963023023024334 ) ) ;
#9498 = CARTESIAN_POINT ( 'NONE',  ( 597.4999999998082103, -3.174999999999999822, 120.9036976976977655 ) ) ;
#9499 = ORIENTED_EDGE ( 'NONE', *, *, #8275, .T. ) ;
#9500 = LINE ( 'NONE', #7237, #3668 ) ;
#9501 = CARTESIAN_POINT ( 'NONE',  ( 558.9999999998080966, 0.000000000000000000, -309.5963023023024334 ) ) ;
#9502 = VERTEX_POINT ( 'NONE', #8807 ) ;
#9503 = EDGE_CURVE ( 'NONE', #1147, #3633, #1376, .T. ) ;
#9504 = ORIENTED_EDGE ( 'NONE', *, *, #671, .T. ) ;
#9505 = ADVANCED_FACE ( 'NONE', ( #7392 ), #3581, .F. ) ;
#9506 = CARTESIAN_POINT ( 'NONE',  ( -558.9999999998083240, 0.000000000000000000, 87.90369769769773711 ) ) ;
#9507 = DIRECTION ( 'NONE',  ( 0.000000000000000000, 0.000000000000000000, 1.000000000000000000 ) ) ;
#9508 = DIRECTION ( 'NONE',  ( 0.000000000000000000, 0.000000000000000000, 1.000000000000000000 ) ) ;
#9509 = CARTESIAN_POINT ( 'NONE',  ( -475.3811960363102003, -3.174999999999999822, -412.8474038505471526 ) ) ;
#9510 = VERTEX_POINT ( 'NONE', #2734 ) ;
#9511 = DIRECTION ( 'NONE',  ( 2.109170134115681985E-16, 0.000000000000000000, 1.000000000000000000 ) ) ;
#9512 = ORIENTED_EDGE ( 'NONE', *, *, #9741, .T. ) ;
#9513 = AXIS2_PLACEMENT_3D ( 'NONE', #9679, #2797, #5853 ) ;
#9514 = EDGE_CURVE ( 'NONE', #3222, #2279, #3433, .T. ) ;
#9515 = ORIENTED_EDGE ( 'NONE', *, *, #2152, .F. ) ;
#9516 = DIRECTION ( 'NONE',  ( -1.000000000000000000, 0.000000000000000000, 0.000000000000000000 ) ) ;
#9517 = ORIENTED_EDGE ( 'NONE', *, *, #8072, .F. ) ;
#9518 = EDGE_CURVE ( 'NONE', #408, #1504, #7438, .T. ) ;
#9519 = CARTESIAN_POINT ( 'NONE',  ( -223.4033132909020196, 0.000000000000000000, -466.5696595442743728 ) ) ;
#9520 = DIRECTION ( 'NONE',  ( -0.000000000000000000, -1.000000000000000000, -0.000000000000000000 ) ) ;
#9521 = CARTESIAN_POINT ( 'NONE',  ( 594.4999999998083240, 0.000000000000000000, 84.90369769769773711 ) ) ;
#9522 = CARTESIAN_POINT ( 'NONE',  ( 517.4999999998079829, 0.000000000000000000, 132.9036976976976803 ) ) ;
#9523 = ORIENTED_EDGE ( 'NONE', *, *, #7343, .T. ) ;
#9524 = DIRECTION ( 'NONE',  ( 0.000000000000000000, 0.000000000000000000, 1.000000000000000000 ) ) ;
#9525 = ADVANCED_FACE ( 'NONE', ( #2882 ), #4991, .F. ) ;
#9526 = ADVANCED_FACE ( 'NONE', ( #3487 ), #8046, .T. ) ;
#9527 = DIRECTION ( 'NONE',  ( 0.1971135719790624297, 0.000000000000000000, 0.9803806606322131856 ) ) ;
#9528 = ORIENTED_EDGE ( 'NONE', *, *, #6712, .T. ) ;
#9529 = VECTOR ( 'NONE', #3527, 1000.000000000000000 ) ;
#9530 = EDGE_CURVE ( 'NONE', #9724, #8469, #7478, .T. ) ;
#9532 = EDGE_CURVE ( 'NONE', #2526, #7363, #5933, .T. ) ;
#9531 = FACE_OUTER_BOUND ( 'NONE', #9404, .T. ) ;
#9533 = DIRECTION ( 'NONE',  ( 0.000000000000000000, -1.000000000000000000, -0.000000000000000000 ) ) ;
#9534 = VECTOR ( 'NONE', #4140, 1000.000000000000000 ) ;
#9535 = CIRCLE ( 'NONE', #8240, 3.250000000000030642 ) ;
#9536 = LINE ( 'NONE', #7024, #7074 ) ;
#9537 = ORIENTED_EDGE ( 'NONE', *, *, #4031, .F. ) ;
#9538 = CARTESIAN_POINT ( 'NONE',  ( 594.4999999998080966, 0.000000000000000000, -279.5963023023024334 ) ) ;
#9539 = LINE ( 'NONE', #1862, #322 ) ;
#9540 = VECTOR ( 'NONE', #581, 1000.000000000000000 ) ;
#9541 = CARTESIAN_POINT ( 'NONE',  ( 475.3811960363100866, 0.000000000000000000, -412.8474038505472095 ) ) ;
#9542 = AXIS2_PLACEMENT_3D ( 'NONE', #945, #4006, #353 ) ;
#9543 = VERTEX_POINT ( 'NONE', #9005 ) ;
#9544 = FACE_OUTER_BOUND ( 'NONE', #7715, .T. ) ;
#9545 = CARTESIAN_POINT ( 'NONE',  ( 594.4999999998080966, -3.174999999999999822, -315.5963023023024334 ) ) ;
#9546 = AXIS2_PLACEMENT_3D ( 'NONE', #1626, #5430, #2223 ) ;
#9547 = CYLINDRICAL_SURFACE ( 'NONE', #4825, 3.000000000000002665 ) ;
#9548 = ORIENTED_EDGE ( 'NONE', *, *, #726, .T. ) ;
#9549 = AXIS2_PLACEMENT_3D ( 'NONE', #2113, #8884, #9036 ) ;
#9550 = LINE ( 'NONE', #2672, #4950 ) ;
#9551 = FACE_OUTER_BOUND ( 'NONE', #4235, .T. ) ;
#9552 = EDGE_CURVE ( 'NONE', #4858, #435, #5077, .T. ) ;
#9553 = AXIS2_PLACEMENT_3D ( 'NONE', #2026, #4372, #6545 ) ;
#9554 = VERTEX_POINT ( 'NONE', #5183 ) ;
#9555 = CIRCLE ( 'NONE', #8262, 3.000000000000002665 ) ;
#9556 = ORIENTED_EDGE ( 'NONE', *, *, #3579, .F. ) ;
#9557 = DIRECTION ( 'NONE',  ( -0.000000000000000000, -0.000000000000000000, -1.000000000000000000 ) ) ;
#9558 = DIRECTION ( 'NONE',  ( 0.000000000000000000, 0.000000000000000000, 1.000000000000000000 ) ) ;
#9559 = CARTESIAN_POINT ( 'NONE',  ( -68.00000000000001421, 0.000000000000000000, -436.0963023023023766 ) ) ;
#9560 = CARTESIAN_POINT ( 'NONE',  ( -558.9999999998083240, -3.174999999999999822, -279.5963023023023197 ) ) ;
#9561 = EDGE_CURVE ( 'NONE', #3678, #5187, #6498, .T. ) ;
#9562 = EDGE_LOOP ( 'NONE', ( #758, #8339, #58, #4517 ) ) ;
#9563 = DIRECTION ( 'NONE',  ( 0.000000000000000000, -1.000000000000000000, 0.000000000000000000 ) ) ;
#9564 = ORIENTED_EDGE ( 'NONE', *, *, #5318, .T. ) ;
#9565 = AXIS2_PLACEMENT_3D ( 'NONE', #475, #4977, #8366 ) ;
#9566 = EDGE_CURVE ( 'NONE', #5969, #1196, #6367, .T. ) ;
#9567 = ORIENTED_EDGE ( 'NONE', *, *, #85, .F. ) ;
#9568 = CIRCLE ( 'NONE', #8922, 3.000000000000002665 ) ;
#9569 = CYLINDRICAL_SURFACE ( 'NONE', #3133, 3.000000000000002665 ) ;
#9570 = VERTEX_POINT ( 'NONE', #6085 ) ;
#9571 = EDGE_CURVE ( 'NONE', #9543, #6244, #7585, .T. ) ;
#9572 = LINE ( 'NONE', #307, #9817 ) ;
#9573 = DIRECTION ( 'NONE',  ( 0.000000000000000000, 0.000000000000000000, 1.000000000000000000 ) ) ;
#9574 = CARTESIAN_POINT ( 'NONE',  ( -577.4999999998082103, -3.174999999999999822, -124.3463023023022629 ) ) ;
#9575 = DIRECTION ( 'NONE',  ( 0.000000000000000000, 0.000000000000000000, 1.000000000000000000 ) ) ;
#9576 = ORIENTED_EDGE ( 'NONE', *, *, #796, .F. ) ;
#9577 = VECTOR ( 'NONE', #4232, 1000.000000000000000 ) ;
#9578 = ORIENTED_EDGE ( 'NONE', *, *, #2174, .T. ) ;
#9579 = EDGE_CURVE ( 'NONE', #2166, #790, #731, .T. ) ;
#9580 = FACE_OUTER_BOUND ( 'NONE', #8942, .T. ) ;
#9581 = EDGE_CURVE ( 'NONE', #6889, #8523, #9252, .T. ) ;
#9582 = ORIENTED_EDGE ( 'NONE', *, *, #5752, .T. ) ;
#9583 = CIRCLE ( 'NONE', #1887, 2.749999999999974687 ) ;
#9584 = DIRECTION ( 'NONE',  ( 0.000000000000000000, -1.000000000000000000, 0.000000000000000000 ) ) ;
#9585 = DIRECTION ( 'NONE',  ( 0.000000000000000000, 0.000000000000000000, 1.000000000000000000 ) ) ;
#9586 = AXIS2_PLACEMENT_3D ( 'NONE', #9497, #3602, #5208 ) ;
#9587 = ADVANCED_FACE ( 'NONE', ( #686 ), #8344, .F. ) ;
#9588 = CARTESIAN_POINT ( 'NONE',  ( 558.9999999998080966, -3.174999999999999822, -309.5963023023024334 ) ) ;
#9589 = ORIENTED_EDGE ( 'NONE', *, *, #1254, .F. ) ;
#9590 = ORIENTED_EDGE ( 'NONE', *, *, #8029, .F. ) ;
#9591 = DIRECTION ( 'NONE',  ( 1.000000000000000000, 0.000000000000000000, 1.389466186326396811E-15 ) ) ;
#9592 = AXIS2_PLACEMENT_3D ( 'NONE', #8838, #6477, #9691 ) ;
#9593 = CARTESIAN_POINT ( 'NONE',  ( -348.0000000000000000, -3.174999999999999822, 103.6536976976978650 ) ) ;
#9594 = ORIENTED_EDGE ( 'NONE', *, *, #5267, .F. ) ;
#9595 = FACE_OUTER_BOUND ( 'NONE', #9562, .T. ) ;
#9596 = CARTESIAN_POINT ( 'NONE',  ( -587.4999999998082103, 0.000000000000000000, 141.4036976976977371 ) ) ;
#9597 = AXIS2_PLACEMENT_3D ( 'NONE', #5523, #8541, #4028 ) ;
#9598 = CIRCLE ( 'NONE', #8304, 2.749999999999974687 ) ;
#9599 = DIRECTION ( 'NONE',  ( 0.000000000000000000, 0.000000000000000000, -1.000000000000000000 ) ) ;
#9600 = ORIENTED_EDGE ( 'NONE', *, *, #9156, .T. ) ;
#9601 = CYLINDRICAL_SURFACE ( 'NONE', #2703, 3.000000000000002665 ) ;
#9602 = AXIS2_PLACEMENT_3D ( 'NONE', #9440, #1112, #7877 ) ;
#9603 = DIRECTION ( 'NONE',  ( 0.9803806606322130746, 0.000000000000000000, 0.1971135719790632346 ) ) ;
#9604 = EDGE_CURVE ( 'NONE', #4107, #2061, #4632, .T. ) ;
#9605 = CYLINDRICAL_SURFACE ( 'NONE', #6864, 3.000000000000002665 ) ;
#9606 = CIRCLE ( 'NONE', #5275, 3.250000000000030642 ) ;
#9607 = CIRCLE ( 'NONE', #8156, 10.00000000000000888 ) ;
#9608 = ORIENTED_EDGE ( 'NONE', *, *, #3179, .T. ) ;
#9609 = ORIENTED_EDGE ( 'NONE', *, *, #458, .T. ) ;
#9610 = CIRCLE ( 'NONE', #7843, 3.000000000000002665 ) ;
#9611 = FACE_OUTER_BOUND ( 'NONE', #7767, .T. ) ;
#9612 = LINE ( 'NONE', #4279, #1926 ) ;
#9613 = CYLINDRICAL_SURFACE ( 'NONE', #5522, 9.999999999999994671 ) ;
#9614 = CARTESIAN_POINT ( 'NONE',  ( 202.9974066286778793, -3.174999999999999822, -470.6724344287448503 ) ) ;
#9615 = ORIENTED_EDGE ( 'NONE', *, *, #3974, .T. ) ;
#9616 = LINE ( 'NONE', #5743, #506 ) ;
#9617 = ORIENTED_EDGE ( 'NONE', *, *, #1979, .F. ) ;
#9618 = VECTOR ( 'NONE', #8965, 1000.000000000000000 ) ;
#9619 = EDGE_CURVE ( 'NONE', #9372, #1050, #3079, .T. ) ;
#9620 = ORIENTED_EDGE ( 'NONE', *, *, #5119, .T. ) ;
#9621 = CIRCLE ( 'NONE', #8015, 3.000000000000002665 ) ;
#9622 = CARTESIAN_POINT ( 'NONE',  ( 490.9999999998082103, 0.000000000000000000, 168.4036976976977087 ) ) ;
#9623 = ORIENTED_EDGE ( 'NONE', *, *, #1587, .T. ) ;
#9625 = EDGE_CURVE ( 'NONE', #6874, #484, #8394, .T. ) ;
#9624 = FACE_OUTER_BOUND ( 'NONE', #6986, .T. ) ;
#9626 = CARTESIAN_POINT ( 'NONE',  ( 542.6512624207499584, -3.174999999999999822, -394.1603608065975664 ) ) ;
#9627 = AXIS2_PLACEMENT_3D ( 'NONE', #5033, #1879, #8094 ) ;
#9628 = DIRECTION ( 'NONE',  ( 0.000000000000000000, 0.000000000000000000, -1.000000000000000000 ) ) ;
#9629 = DIRECTION ( 'NONE',  ( 0.000000000000000000, -1.000000000000000000, 0.000000000000000000 ) ) ;
#9630 = ORIENTED_EDGE ( 'NONE', *, *, #6754, .F. ) ;
#9631 = VECTOR ( 'NONE', #2033, 1000.000000000000000 ) ;
#9632 = ORIENTED_EDGE ( 'NONE', *, *, #745, .F. ) ;
#9633 = DIRECTION ( 'NONE',  ( 0.000000000000000000, 0.000000000000000000, 1.000000000000000000 ) ) ;
#9634 = EDGE_CURVE ( 'NONE', #5004, #3132, #2869, .T. ) ;
#9635 = ORIENTED_EDGE ( 'NONE', *, *, #4668, .F. ) ;
#9636 = DIRECTION ( 'NONE',  ( 0.000000000000000000, 0.000000000000000000, -1.000000000000000000 ) ) ;
#9637 = DIRECTION ( 'NONE',  ( -1.000000000000000000, 0.000000000000000000, 2.109170134115681738E-16 ) ) ;
#9638 = EDGE_CURVE ( 'NONE', #3520, #2180, #9607, .T. ) ;
#9639 = EDGE_CURVE ( 'NONE', #6869, #8932, #4, .T. ) ;
#9640 = VERTEX_POINT ( 'NONE', #828 ) ;
#9641 = DIRECTION ( 'NONE',  ( 0.1971135719790630680, 0.000000000000000000, 0.9803806606322130746 ) ) ;
#9642 = ORIENTED_EDGE ( 'NONE', *, *, #121, .F. ) ;
#9643 = ORIENTED_EDGE ( 'NONE', *, *, #8534, .T. ) ;
#9644 = AXIS2_PLACEMENT_3D ( 'NONE', #4119, #7978, #4163 ) ;
#9646 = DIRECTION ( 'NONE',  ( 0.000000000000000000, 0.000000000000000000, -1.000000000000000000 ) ) ;
#9645 = CIRCLE ( 'NONE', #3235, 3.000000000000002665 ) ;
#9647 = FACE_OUTER_BOUND ( 'NONE', #6130, .T. ) ;
#9648 = ADVANCED_FACE ( 'NONE', ( #9050 ), #6186, .T. ) ;
#9649 = AXIS2_PLACEMENT_3D ( 'NONE', #1352, #1506, #4553 ) ;
#9650 = ORIENTED_EDGE ( 'NONE', *, *, #7562, .F. ) ;
#9651 = CARTESIAN_POINT ( 'NONE',  ( 347.9999999999997726, -3.174999999999999822, -366.8463023023020924 ) ) ;
#9652 = CARTESIAN_POINT ( 'NONE',  ( -577.4999999998082103, 0.000000000000000000, -70.34630230230226289 ) ) ;
#9653 = DIRECTION ( 'NONE',  ( 1.000000000000000000, 0.000000000000000000, 0.000000000000000000 ) ) ;
#9654 = ORIENTED_EDGE ( 'NONE', *, *, #7625, .F. ) ;
#9655 = DIRECTION ( 'NONE',  ( 0.000000000000000000, 0.000000000000000000, 1.000000000000000000 ) ) ;
#9656 = CARTESIAN_POINT ( 'NONE',  ( 558.9999999998080966, -3.174999999999999822, 112.9036976976977371 ) ) ;
#9657 = LINE ( 'NONE', #2776, #5826 ) ;
#9658 = ORIENTED_EDGE ( 'NONE', *, *, #5027, .T. ) ;
#9659 = EDGE_LOOP ( 'NONE', ( #9334, #9821, #2560, #6057 ) ) ;
#9660 = FACE_BOUND ( 'NONE', #2119, .T. ) ;
#9661 = DIRECTION ( 'NONE',  ( -0.000000000000000000, 1.000000000000000000, -0.000000000000000000 ) ) ;
#9662 = EDGE_CURVE ( 'NONE', #5023, #5840, #5277, .T. ) ;
#9663 = AXIS2_PLACEMENT_3D ( 'NONE', #3349, #2598, #4999 ) ;
#9664 = CARTESIAN_POINT ( 'NONE',  ( 587.4999999998080966, 6.825000000000000178, -347.3768998705953663 ) ) ;
#9665 = CARTESIAN_POINT ( 'NONE',  ( -556.0419601082584222, -3.174999999999999822, -310.0963023023023197 ) ) ;
#9666 = ORIENTED_EDGE ( 'NONE', *, *, #3395, .T. ) ;
#9667 = DIRECTION ( 'NONE',  ( -0.000000000000000000, -0.000000000000000000, 1.000000000000000000 ) ) ;
#9668 = ORIENTED_EDGE ( 'NONE', *, *, #8310, .T. ) ;
#9669 = ADVANCED_FACE ( 'NONE', ( #3882 ), #781, .F. ) ;
#9670 = ORIENTED_EDGE ( 'NONE', *, *, #2110, .T. ) ;
#9671 = LINE ( 'NONE', #2789, #1528 ) ;
#9672 = ORIENTED_EDGE ( 'NONE', *, *, #5712, .T. ) ;
#9673 = CARTESIAN_POINT ( 'NONE',  ( 254.9999999999997158, -3.174999999999999822, 171.4036976976977371 ) ) ;
#9674 = LINE ( 'NONE', #5847, #5765 ) ;
#9675 = CARTESIAN_POINT ( 'NONE',  ( 485.9999999998082103, 0.000000000000000000, 132.9036976976976803 ) ) ;
#9676 = CARTESIAN_POINT ( 'NONE',  ( 594.4999999998082103, 0.000000000000000000, 84.90369769769773711 ) ) ;
#9677 = ORIENTED_EDGE ( 'NONE', *, *, #4697, .F. ) ;
#9678 = ORIENTED_EDGE ( 'NONE', *, *, #5485, .T. ) ;
#9679 = CARTESIAN_POINT ( 'NONE',  ( -287.9999999999997726, 0.000000000000000000, 132.9036976976976803 ) ) ;
#9680 = ORIENTED_EDGE ( 'NONE', *, *, #4256, .F. ) ;
#9681 = EDGE_CURVE ( 'NONE', #5972, #5916, #6935, .T. ) ;
#9682 = CARTESIAN_POINT ( 'NONE',  ( 482.9999999998082103, 0.000000000000000000, 168.4036976976977087 ) ) ;
#9683 = CARTESIAN_POINT ( 'NONE',  ( 70.99999999999991473, -3.174999999999999822, -436.0963023023023766 ) ) ;
#9684 = AXIS2_PLACEMENT_3D ( 'NONE', #6638, #528, #3574 ) ;
#9685 = CARTESIAN_POINT ( 'NONE',  ( -556.0419601082584222, -3.174999999999999822, 87.40369769769775132 ) ) ;
#9686 = ORIENTED_EDGE ( 'NONE', *, *, #1996, .T. ) ;
#9687 = CYLINDRICAL_SURFACE ( 'NONE', #1923, 10.00000000000000888 ) ;
#9688 = ORIENTED_EDGE ( 'NONE', *, *, #3156, .T. ) ;
#9689 = ORIENTED_EDGE ( 'NONE', *, *, #564, .T. ) ;
#9690 = CARTESIAN_POINT ( 'NONE',  ( 90.99999999999988631, -3.174999999999999822, -474.5963023023023766 ) ) ;
#9691 = DIRECTION ( 'NONE',  ( 0.000000000000000000, 0.000000000000000000, 1.000000000000000000 ) ) ;
#9692 = ORIENTED_EDGE ( 'NONE', *, *, #621, .F. ) ;
#9693 = DIRECTION ( 'NONE',  ( 0.000000000000000000, 0.000000000000000000, 1.000000000000000000 ) ) ;
#9694 = DIRECTION ( 'NONE',  ( 0.000000000000000000, -1.000000000000000000, 0.000000000000000000 ) ) ;
#9695 = ORIENTED_EDGE ( 'NONE', *, *, #4165, .F. ) ;
#9696 = CIRCLE ( 'NONE', #88, 3.000000000000002665 ) ;
#9697 = DIRECTION ( 'NONE',  ( 0.000000000000000000, -1.000000000000000000, 0.000000000000000000 ) ) ;
#9698 = VECTOR ( 'NONE', #1825, 1000.000000000000000 ) ;
#9699 = DIRECTION ( 'NONE',  ( 0.000000000000000000, 0.000000000000000000, 1.000000000000000000 ) ) ;
#9700 = EDGE_CURVE ( 'NONE', #4354, #8783, #3834, .T. ) ;
#9701 = CARTESIAN_POINT ( 'NONE',  ( -490.9999999998082103, 0.000000000000000000, 168.4036976976977655 ) ) ;
#9702 = VERTEX_POINT ( 'NONE', #6886 ) ;
#9703 = ORIENTED_EDGE ( 'NONE', *, *, #5710, .F. ) ;
#9704 = AXIS2_PLACEMENT_3D ( 'NONE', #5650, #4146, #3255 ) ;
#9705 = FACE_BOUND ( 'NONE', #2916, .T. ) ;
#9706 = DIRECTION ( 'NONE',  ( -1.000000000000000000, 0.000000000000000000, 7.209240419646269740E-17 ) ) ;
#9707 = DIRECTION ( 'NONE',  ( 0.000000000000000000, 0.000000000000000000, -1.000000000000000000 ) ) ;
#9708 = DIRECTION ( 'NONE',  ( -0.000000000000000000, -1.000000000000000000, -0.000000000000000000 ) ) ;
#9709 = EDGE_CURVE ( 'NONE', #4602, #5863, #2981, .T. ) ;
#9710 = ORIENTED_EDGE ( 'NONE', *, *, #5697, .T. ) ;
#9711 = CARTESIAN_POINT ( 'NONE',  ( 597.4999999998080966, -3.174999999999999822, -374.9753774975062584 ) ) ;
#9712 = ORIENTED_EDGE ( 'NONE', *, *, #6786, .F. ) ;
#9713 = EDGE_CURVE ( 'NONE', #3406, #2870, #1589, .T. ) ;
#9714 = CIRCLE ( 'NONE', #8588, 2.749999999999974687 ) ;
#9715 = CIRCLE ( 'NONE', #4902, 3.000000000000002665 ) ;
#9716 = VERTEX_POINT ( 'NONE', #5289 ) ;
#9717 = DIRECTION ( 'NONE',  ( -0.000000000000000000, 1.000000000000000000, -0.000000000000000000 ) ) ;
#9718 = ORIENTED_EDGE ( 'NONE', *, *, #1770, .T. ) ;
#9719 = LINE ( 'NONE', #5988, #7099 ) ;
#9720 = CARTESIAN_POINT ( 'NONE',  ( -556.0419601082584222, 0.000000000000000000, 87.40369769769775132 ) ) ;
#9721 = CARTESIAN_POINT ( 'NONE',  ( -66.00000000000001421, 0.000000000000000000, -433.0963023023023766 ) ) ;
#9722 = DIRECTION ( 'NONE',  ( 0.000000000000000000, 0.000000000000000000, 1.000000000000000000 ) ) ;
#9723 = VECTOR ( 'NONE', #8316, 1000.000000000000000 ) ;
#9724 = VERTEX_POINT ( 'NONE', #8496 ) ;
#9725 = ORIENTED_EDGE ( 'NONE', *, *, #1319, .F. ) ;
#9726 = DIRECTION ( 'NONE',  ( 0.000000000000000000, -1.000000000000000000, 0.000000000000000000 ) ) ;
#9727 = ADVANCED_FACE ( 'NONE', ( #4036 ), #1679, .F. ) ;
#9728 = AXIS2_PLACEMENT_3D ( 'NONE', #6613, #1195, #6658 ) ;
#9729 = CIRCLE ( 'NONE', #5396, 3.000000000000002665 ) ;
#9730 = ORIENTED_EDGE ( 'NONE', *, *, #6504, .T. ) ;
#9731 = FACE_OUTER_BOUND ( 'NONE', #4654, .T. ) ;
#9732 = CARTESIAN_POINT ( 'NONE',  ( 577.4999999998080966, -3.174999999999999822, 171.4036976976977087 ) ) ;
#9733 = DIRECTION ( 'NONE',  ( 0.000000000000000000, 0.000000000000000000, -1.000000000000000000 ) ) ;
#9734 = CIRCLE ( 'NONE', #4760, 3.000000000000002665 ) ;
#9735 = EDGE_LOOP ( 'NONE', ( #1997, #5809, #1635, #4551 ) ) ;
#9736 = DIRECTION ( 'NONE',  ( -0.000000000000000000, 1.000000000000000000, -0.000000000000000000 ) ) ;
#9737 = ORIENTED_EDGE ( 'NONE', *, *, #4195, .F. ) ;
#9738 = VERTEX_POINT ( 'NONE', #9357 ) ;
#9739 = ADVANCED_FACE ( 'NONE', ( #3931 ), #7794, .F. ) ;
#9740 = FACE_OUTER_BOUND ( 'NONE', #1313, .T. ) ;
#9741 = EDGE_CURVE ( 'NONE', #9426, #2492, #483, .T. ) ;
#9742 = CARTESIAN_POINT ( 'NONE',  ( -247.3214890907700578, 0.000000000000000000, -458.7006782629011923 ) ) ;
#9743 = VECTOR ( 'NONE', #1492, 1000.000000000000000 ) ;
#9744 = AXIS2_PLACEMENT_3D ( 'NONE', #8288, #4474, #9194 ) ;
#9745 = ORIENTED_EDGE ( 'NONE', *, *, #8862, .T. ) ;
#9746 = DIRECTION ( 'NONE',  ( 0.000000000000000000, 0.000000000000000000, -1.000000000000000000 ) ) ;
#9747 = ADVANCED_FACE ( 'NONE', ( #6984 ), #2531, .T. ) ;
#9748 = CARTESIAN_POINT ( 'NONE',  ( 475.3811960363100866, -3.174999999999999822, -415.8474038505472095 ) ) ;
#9749 = EDGE_LOOP ( 'NONE', ( #7580, #214, #5497, #1418 ) ) ;
#9750 = CARTESIAN_POINT ( 'NONE',  ( -472.4400540544135083, 0.000000000000000000, -413.4387445664843312 ) ) ;
#9751 = LINE ( 'NONE', #6026, #8798 ) ;
#9752 = DIRECTION ( 'NONE',  ( -0.000000000000000000, -1.000000000000000000, -0.000000000000000000 ) ) ;
#9753 = ADVANCED_FACE ( 'NONE', ( #8600 ), #4734, .T. ) ;
#9754 = ORIENTED_EDGE ( 'NONE', *, *, #390, .T. ) ;
#9755 = AXIS2_PLACEMENT_3D ( 'NONE', #9541, #5868, #471 ) ;
#9756 = EDGE_LOOP ( 'NONE', ( #5581, #4842, #6073, #255 ) ) ;
#9757 = FACE_BOUND ( 'NONE', #1937, .T. ) ;
#9758 = DIRECTION ( 'NONE',  ( 0.000000000000000000, -1.000000000000000000, 0.000000000000000000 ) ) ;
#9759 = EDGE_CURVE ( 'NONE', #4162, #1548, #3837, .T. ) ;
#9760 = ADVANCED_FACE ( 'NONE', ( #7845 ), #6292, .F. ) ;
#9761 = CARTESIAN_POINT ( 'NONE',  ( 277.7132895703686017, -3.174999999999999822, -452.5901575315502328 ) ) ;
#9762 = DIRECTION ( 'NONE',  ( 0.000000000000000000, -1.000000000000000000, -0.000000000000000000 ) ) ;
#9763 = VERTEX_POINT ( 'NONE', #7735 ) ;
#9764 = DIRECTION ( 'NONE',  ( 2.109170134115681738E-16, 0.000000000000000000, 1.000000000000000000 ) ) ;
#9765 = VECTOR ( 'NONE', #2313, 1000.000000000000000 ) ;
#9766 = AXIS2_PLACEMENT_3D ( 'NONE', #4476, #5384, #5339 ) ;
#9767 = AXIS2_PLACEMENT_3D ( 'NONE', #1203, #2801, #7511 ) ;
#9768 = ORIENTED_EDGE ( 'NONE', *, *, #9518, .F. ) ;
#9769 = CARTESIAN_POINT ( 'NONE',  ( -597.4999999998082103, -3.174999999999999822, 81.90369769769773711 ) ) ;
#9770 = ORIENTED_EDGE ( 'NONE', *, *, #64, .F. ) ;
#9771 = DIRECTION ( 'NONE',  ( -0.000000000000000000, -1.000000000000000000, -0.000000000000000000 ) ) ;
#9772 = PLANE ( 'NONE',  #3360 ) ;
#9773 = DIRECTION ( 'NONE',  ( -0.000000000000000000, 1.000000000000000000, -0.000000000000000000 ) ) ;
#9774 = DIRECTION ( 'NONE',  ( 0.000000000000000000, 1.000000000000000000, 0.000000000000000000 ) ) ;
#9775 = EDGE_CURVE ( 'NONE', #9877, #1330, #1117, .T. ) ;
#9776 = ORIENTED_EDGE ( 'NONE', *, *, #5267, .T. ) ;
#9777 = AXIS2_PLACEMENT_3D ( 'NONE', #9428, #8765, #7063 ) ;
#9778 = DIRECTION ( 'NONE',  ( -0.1971135719790620411, 0.000000000000000000, 0.9803806606322132966 ) ) ;
#9779 = CARTESIAN_POINT ( 'NONE',  ( 475.3811960363100866, -3.174999999999999822, -412.8474038505472095 ) ) ;
#9780 = EDGE_LOOP ( 'NONE', ( #6555, #4463, #2221, #3309 ) ) ;
#9781 = VECTOR ( 'NONE', #1436, 1000.000000000000000 ) ;
#9782 = ORIENTED_EDGE ( 'NONE', *, *, #8849, .F. ) ;
#9783 = LINE ( 'NONE', #5156, #1811 ) ;
#9784 = CARTESIAN_POINT ( 'NONE',  ( 468.1294914671894958, -3.174999999999999822, -417.3654544082763209 ) ) ;
#9785 = DIRECTION ( 'NONE',  ( -0.000000000000000000, 1.000000000000000000, -0.000000000000000000 ) ) ;
#9786 = AXIS2_PLACEMENT_3D ( 'NONE', #1549, #9885, #7516 ) ;
#9787 = EDGE_CURVE ( 'NONE', #8879, #5427, #171, .T. ) ;
#9788 = ORIENTED_EDGE ( 'NONE', *, *, #9335, .F. ) ;
#9789 = DIRECTION ( 'NONE',  ( 0.000000000000000000, 0.000000000000000000, 1.000000000000000000 ) ) ;
#9790 = VERTEX_POINT ( 'NONE', #1509 ) ;
#9791 = ORIENTED_EDGE ( 'NONE', *, *, #6362, .T. ) ;
#9792 = FACE_OUTER_BOUND ( 'NONE', #1941, .T. ) ;
#9793 = AXIS2_PLACEMENT_3D ( 'NONE', #8292, #2228, #2884 ) ;
#9794 = ORIENTED_EDGE ( 'NONE', *, *, #5763, .F. ) ;
#9795 = CARTESIAN_POINT ( 'NONE',  ( -482.9999999998082671, -3.174999999999999822, 168.4036976976977655 ) ) ;
#9796 = ADVANCED_FACE ( 'NONE', ( #7717 ), #3866, .F. ) ;
#9797 = CARTESIAN_POINT ( 'NONE',  ( 264.8334738013186325, 0.000000000000000000, -418.9693255109810366 ) ) ;
#9798 = ORIENTED_EDGE ( 'NONE', *, *, #3734, .T. ) ;
#9799 = CIRCLE ( 'NONE', #510, 3.000000000000002665 ) ;
#9800 = CARTESIAN_POINT ( 'NONE',  ( 202.9974066286778793, -3.174999999999999822, -470.6724344287448503 ) ) ;
#9801 = DIRECTION ( 'NONE',  ( -0.000000000000000000, -0.000000000000000000, 1.000000000000000000 ) ) ;
#9802 = DIRECTION ( 'NONE',  ( -0.000000000000000000, 1.000000000000000000, -0.000000000000000000 ) ) ;
#9803 = ORIENTED_EDGE ( 'NONE', *, *, #4409, .F. ) ;
#9804 = AXIS2_PLACEMENT_3D ( 'NONE', #5623, #8683, #1768 ) ;
#9805 = ORIENTED_EDGE ( 'NONE', *, *, #223, .T. ) ;
#9806 = DIRECTION ( 'NONE',  ( 0.000000000000000000, 0.000000000000000000, 1.000000000000000000 ) ) ;
#9807 = DIRECTION ( 'NONE',  ( 0.000000000000000000, 0.000000000000000000, 1.000000000000000000 ) ) ;
#9808 = AXIS2_PLACEMENT_3D ( 'NONE', #6781, #6125, #9845 ) ;
#9809 = DIRECTION ( 'NONE',  ( 0.000000000000000000, -1.000000000000000000, 0.000000000000000000 ) ) ;
#9810 = DIRECTION ( 'NONE',  ( 0.000000000000000000, 0.000000000000000000, 1.000000000000000000 ) ) ;
#9811 = LINE ( 'NONE', #2933, #7690 ) ;
#9812 = EDGE_CURVE ( 'NONE', #6689, #3010, #2305, .T. ) ;
#9813 = EDGE_CURVE ( 'NONE', #6576, #253, #2360, .T. ) ;
#9814 = EDGE_LOOP ( 'NONE', ( #1086, #4861, #43, #7212 ) ) ;
#9815 = CARTESIAN_POINT ( 'NONE',  ( 264.7405943225547844, -3.174999999999999822, -415.9707636219374649 ) ) ;
#9816 = ORIENTED_EDGE ( 'NONE', *, *, #385, .F. ) ;
#9817 = VECTOR ( 'NONE', #8865, 1000.000000000000000 ) ;
#9818 = DIRECTION ( 'NONE',  ( 0.000000000000000000, -1.000000000000000000, 0.000000000000000000 ) ) ;
#9819 = DIRECTION ( 'NONE',  ( -0.000000000000000000, 1.000000000000000000, -0.000000000000000000 ) ) ;
#9820 = DIRECTION ( 'NONE',  ( 0.000000000000000000, -1.000000000000000000, 0.000000000000000000 ) ) ;
#9821 = ORIENTED_EDGE ( 'NONE', *, *, #2257, .T. ) ;
#9822 = VECTOR ( 'NONE', #7062, 1000.000000000000000 ) ;
#9823 = EDGE_CURVE ( 'NONE', #207, #8054, #9137, .T. ) ;
#9824 = LINE ( 'NONE', #2946, #5730 ) ;
#9825 = EDGE_CURVE ( 'NONE', #7193, #6889, #4713, .T. ) ;
#9826 = ORIENTED_EDGE ( 'NONE', *, *, #6077, .F. ) ;
#9827 = APPLICATION_CONTEXT ( 'automotive_design' ) ;
#9828 = DIRECTION ( 'NONE',  ( 0.000000000000000000, -1.000000000000000000, 0.000000000000000000 ) ) ;
#9829 = ORIENTED_EDGE ( 'NONE', *, *, #7204, .F. ) ;
#9830 = FACE_OUTER_BOUND ( 'NONE', #7505, .T. ) ;
#9831 = CARTESIAN_POINT ( 'NONE',  ( -558.9999999998083240, -3.174999999999999822, 114.9036976976977371 ) ) ;
#9832 = CARTESIAN_POINT ( 'NONE',  ( -262.9999999999997158, 0.000000000000000000, 129.9036976976976803 ) ) ;
#9833 = PLANE ( 'NONE',  #5886 ) ;
#9834 = ORIENTED_EDGE ( 'NONE', *, *, #9823, .T. ) ;
#9835 = LINE ( 'NONE', #9226, #9300 ) ;
#9836 = VERTEX_POINT ( 'NONE', #9290 ) ;
#9837 = ORIENTED_EDGE ( 'NONE', *, *, #6047, .T. ) ;
#9838 = FACE_OUTER_BOUND ( 'NONE', #3972, .T. ) ;
#9839 = EDGE_CURVE ( 'NONE', #41, #7393, #3516, .T. ) ;
#9840 = AXIS2_PLACEMENT_3D ( 'NONE', #5538, #3383, #9921 ) ;
#9841 = ORIENTED_EDGE ( 'NONE', *, *, #3759, .F. ) ;
#9842 = CARTESIAN_POINT ( 'NONE',  ( -558.9999999998083240, 0.000000000000000000, -309.5963023023023197 ) ) ;
#9843 = LINE ( 'NONE', #3114, #5625 ) ;
#9844 = ORIENTED_EDGE ( 'NONE', *, *, #2038, .F. ) ;
#9845 = DIRECTION ( 'NONE',  ( 0.9803806606322130746, 0.000000000000000000, 0.1971135719790632346 ) ) ;
#9846 = CARTESIAN_POINT ( 'NONE',  ( -103.0000000000000284, 0.000000000000000000, -474.5963023023023197 ) ) ;
#9847 = CARTESIAN_POINT ( 'NONE',  ( -587.4999999998082103, -3.174999999999999822, 141.4036976976977940 ) ) ;
#9848 = EDGE_CURVE ( 'NONE', #6918, #7068, #6917, .T. ) ;
#9849 = VERTEX_POINT ( 'NONE', #1558 ) ;
#9850 = ORIENTED_EDGE ( 'NONE', *, *, #4523, .T. ) ;
#9851 = VECTOR ( 'NONE', #8695, 1000.000000000000000 ) ;
#9852 = LINE ( 'NONE', #1520, #4899 ) ;
#9853 = CARTESIAN_POINT ( 'NONE',  ( -285.9999999999997726, -3.174999999999999822, 129.9036976976976803 ) ) ;
#9854 = EDGE_CURVE ( 'NONE', #7200, #41, #6018, .T. ) ;
#9855 = CARTESIAN_POINT ( 'NONE',  ( -558.9999999998083240, 0.000000000000000000, 112.9036976976977371 ) ) ;
#9856 = CARTESIAN_POINT ( 'NONE',  ( 153.5995066845797510, -3.174999999999999822, -464.5963023023023766 ) ) ;
#9857 = AXIS2_PLACEMENT_3D ( 'NONE', #3869, #4021, #5570 ) ;
#9858 = DIRECTION ( 'NONE',  ( 0.000000000000000000, -1.000000000000000000, 0.000000000000000000 ) ) ;
#9859 = AXIS2_PLACEMENT_3D ( 'NONE', #6685, #5876, #2871 ) ;
#9860 = ADVANCED_FACE ( 'NONE', ( #4608 ), #6822, .T. ) ;
#9861 = VECTOR ( 'NONE', #6599, 1000.000000000000000 ) ;
#9862 = VECTOR ( 'NONE', #9247, 1000.000000000000000 ) ;
#9863 = ORIENTED_EDGE ( 'NONE', *, *, #6985, .F. ) ;
#9864 = ORIENTED_EDGE ( 'NONE', *, *, #4113, .T. ) ;
#9865 = DIRECTION ( 'NONE',  ( -0.000000000000000000, 1.000000000000000000, -0.000000000000000000 ) ) ;
#9866 = EDGE_CURVE ( 'NONE', #8363, #8504, #8312, .T. ) ;
#9867 = DIRECTION ( 'NONE',  ( 0.000000000000000000, -1.000000000000000000, 0.000000000000000000 ) ) ;
#9868 = DIRECTION ( 'NONE',  ( 0.000000000000000000, 0.000000000000000000, 1.000000000000000000 ) ) ;
#9869 = DIRECTION ( 'NONE',  ( -0.000000000000000000, 1.000000000000000000, -0.000000000000000000 ) ) ;
#9870 = EDGE_CURVE ( 'NONE', #805, #8887, #4664, .T. ) ;
#9871 = EDGE_LOOP ( 'NONE', ( #4130, #2412, #7324, #1630 ) ) ;
#9872 = VECTOR ( 'NONE', #8545, 1000.000000000000000 ) ;
#9873 = AXIS2_PLACEMENT_3D ( 'NONE', #4873, #7182, #6532 ) ;
#9874 = LINE ( 'NONE', #5154, #6373 ) ;
#9875 = ORIENTED_EDGE ( 'NONE', *, *, #4747, .T. ) ;
#9876 = CARTESIAN_POINT ( 'NONE',  ( -597.4999999998082103, -3.174999999999999822, 151.4036976976976518 ) ) ;
#9877 = VERTEX_POINT ( 'NONE', #3064 ) ;
#9878 = AXIS2_PLACEMENT_3D ( 'NONE', #8751, #4087, #2678 ) ;
#9879 = CARTESIAN_POINT ( 'NONE',  ( -91.00000000000001421, 0.000000000000000000, -471.5963023023023197 ) ) ;
#9880 = CARTESIAN_POINT ( 'NONE',  ( -519.4999999998082103, -3.174999999999999822, 129.9036976976976803 ) ) ;
#9881 = CARTESIAN_POINT ( 'NONE',  ( 522.4999999998082103, 0.000000000000000000, 171.4036976976977087 ) ) ;
#9882 = CARTESIAN_POINT ( 'NONE',  ( -464.5970087693557957, -3.174999999999999822, -415.0156531423168076 ) ) ;
#9883 = VERTEX_POINT ( 'NONE', #8326 ) ;
#9884 = EDGE_CURVE ( 'NONE', #7707, #3698, #5320, .T. ) ;
#9885 = DIRECTION ( 'NONE',  ( 0.1971135719790633456, 0.000000000000000000, 0.9803806606322130746 ) ) ;
#9886 = VERTEX_POINT ( 'NONE', #3912 ) ;
#9887 = AXIS2_PLACEMENT_3D ( 'NONE', #8158, #789, #3140 ) ;
#9888 = ORIENTED_EDGE ( 'NONE', *, *, #1478, .F. ) ;
#9889 = AXIS2_PLACEMENT_3D ( 'NONE', #161, #5560, #950 ) ;
#9890 = CARTESIAN_POINT ( 'NONE',  ( -264.8334738013187462, 0.000000000000000000, -415.9693255109809797 ) ) ;
#9891 = ORIENTED_EDGE ( 'NONE', *, *, #1835, .F. ) ;
#9892 = DIRECTION ( 'NONE',  ( 0.000000000000000000, 1.000000000000000000, 0.000000000000000000 ) ) ;
#9893 = ORIENTED_EDGE ( 'NONE', *, *, #2442, .F. ) ;
#9894 = LINE ( 'NONE', #3066, #793 ) ;
#9895 = AXIS2_PLACEMENT_3D ( 'NONE', #1881, #2440, #8658 ) ;
#9896 = EDGE_CURVE ( 'NONE', #7989, #9702, #4511, .T. ) ;
#9897 = CARTESIAN_POINT ( 'NONE',  ( -558.9999999998083240, -3.174999999999999822, -279.5963023023023197 ) ) ;
#9898 = ORIENTED_EDGE ( 'NONE', *, *, #7117, .T. ) ;
#9899 = FACE_OUTER_BOUND ( 'NONE', #3020, .T. ) ;
#9900 = CARTESIAN_POINT ( 'NONE',  ( -597.4999999998082103, -3.174999999999999822, -287.5963023023022629 ) ) ;
#9901 = VECTOR ( 'NONE', #8643, 1000.000000000000000 ) ;
#9902 = LINE ( 'NONE', #6078, #2220 ) ;
#9903 = ORIENTED_EDGE ( 'NONE', *, *, #6306, .T. ) ;
#9904 = ORIENTED_EDGE ( 'NONE', *, *, #6434, .T. ) ;
#9905 = LINE ( 'NONE', #778, #9872 ) ;
#9906 = CARTESIAN_POINT ( 'NONE',  ( -493.9999999998082103, 0.000000000000000000, 168.4036976976977655 ) ) ;
#9907 = DIRECTION ( 'NONE',  ( 0.000000000000000000, 1.000000000000000000, 0.000000000000000000 ) ) ;
#9908 = CARTESIAN_POINT ( 'NONE',  ( 597.4999999998080966, 0.000000000000000000, -374.9753774975062584 ) ) ;
#9909 = ADVANCED_FACE ( 'NONE', ( #764 ), #857, .T. ) ;
#9910 = DIRECTION ( 'NONE',  ( 0.000000000000000000, 0.000000000000000000, -1.000000000000000000 ) ) ;
#9911 = CIRCLE ( 'NONE', #2214, 3.000000000000002665 ) ;
#9912 = ORIENTED_EDGE ( 'NONE', *, *, #5034, .F. ) ;
#9913 = ORIENTED_EDGE ( 'NONE', *, *, #5146, .T. ) ;
#9914 = FACE_OUTER_BOUND ( 'NONE', #2903, .T. ) ;
#9915 = FACE_OUTER_BOUND ( 'NONE', #3506, .T. ) ;
#9916 = DIRECTION ( 'NONE',  ( 0.000000000000000000, -1.000000000000000000, 0.000000000000000000 ) ) ;
#9917 = DIRECTION ( 'NONE',  ( 0.000000000000000000, -1.000000000000000000, 0.000000000000000000 ) ) ;
#9918 = ORIENTED_EDGE ( 'NONE', *, *, #9825, .F. ) ;
#9919 = ADVANCED_FACE ( 'NONE', ( #6165 ), #9234, .T. ) ;
#9920 = VECTOR ( 'NONE', #2100, 1000.000000000000000 ) ;
#9921 = DIRECTION ( 'NONE',  ( 0.000000000000000000, 0.000000000000000000, -1.000000000000000000 ) ) ;
ENDSEC;
END-ISO-10303-21;
